,url,timestamp_start,timestamp_finish,n_segment,t_download_s,body_size_byte,bandwidth_mbit,byte_start,byte_end,quality_level_chosen,t_start,t_end,seg_len_s,bitrate_level,vmaf_level,previous_bitrate,previous_vmaf,previous_quality,quality_shift_byte_-2,quality_shift_vmaf_-2,quality_shift_bitrate_-2,quality_shift_byte_-1,quality_shift_vmaf_-1,quality_shift_bitrate_-1,quality_shift_byte_0,quality_shift_vmaf_0,quality_shift_bitrate_0,quality_shift_byte_1,quality_shift_vmaf_1,quality_shift_bitrate_1,quality_shift_byte_2,quality_shift_vmaf_2,quality_shift_bitrate_2,quality_shift,buffer_estimate_0,rebuffer_estimate_0
0,"https://r4---sn-4g5ednsr.googlevideo.com/videoplayback?expire=1576368627&ei=kiX1XbOiPJui1gKLj47ABg&ip=35.158.21.68&id=o-AHLumDrLtwbC2FU-jn-TRjkIlB_qBryRp1veHjTm0PxB&itag=396&aitags=133%2C134%2C135%2C136%2C137%2C160%2C242%2C243%2C244%2C247%2C248%2C278%2C394%2C395%2C396%2C397%2C398%2C399&source=youtube&requiressl=yes&mm=31%2C29&mn=sn-4g5ednsr%2Csn-4g5e6nes&ms=au%2Crdu&mv=m&mvi=0&pl=14&gcr=de&initcwndbps=365000&mime=video%2Fmp4&gir=yes&clen=13341322&dur=548.648&lmt=1570425283944554&mt=1576346926&fvip=1&keepalive=yes&fexp=23812955,23842630&c=WEB&txp=5531432&sparams=expire%2Cei%2Cip%2Cid%2Caitags%2Csource%2Crequiressl%2Cgcr%2Cmime%2Cgir%2Cclen%2Cdur%2Clmt&sig=ALgxI2wwRgIhAIbxAN1sPgVhhxprEsSwwuJ9GT6fGb6QIDgelGtTiHncAiEAhNPaIQ69--Jk2GbLomBH7nue8tNpeVaMXJQy_3kXJks%3D&lsparams=mm%2Cmn%2Cms%2Cmv%2Cmvi%2Cpl%2Cinitcwndbps&lsig=AHylml4wRQIgPY3oO194sgQ1iz46Frg36rJDeMOQp1_qlh_NyRObUnsCIQCoJ81jbpNsMizfKz_cRimGmnwYqq_s64ZtzCgXkUxq8A%3D%3D&alr=yes&cpn=yRpCHpUpNmyEUJaq&cver=2.20191212.06.01&ir=1&rr=12&range=0-80888&rn=3&rbuf=0",1576347031.583,1576347032.8279998,0,0.58,80889,1.1157103448275862,0.0,80888.0,2,0.0,0.93,0.93,653085.0,46.277404777777775,0.0,0.0,0.0,157544.0,4.470457999999998,419697.0,157544.0,4.470457999999998,419697.0,157544.0,4.470457999999998,419697.0,182360.0,30.51394166666667,485807.0,245152.0,46.277404777777775,653085.0,-2.0,0.0,0.0
1,"https://r4---sn-4g5ednsr.googlevideo.com/videoplayback?expire=1576368627&ei=kiX1XbOiPJui1gKLj47ABg&ip=35.158.21.68&id=o-AHLumDrLtwbC2FU-jn-TRjkIlB_qBryRp1veHjTm0PxB&itag=396&aitags=133%2C134%2C135%2C136%2C137%2C160%2C242%2C243%2C244%2C247%2C248%2C278%2C394%2C395%2C396%2C397%2C398%2C399&source=youtube&requiressl=yes&mm=31%2C29&mn=sn-4g5ednsr%2Csn-4g5e6nes&ms=au%2Crdu&mv=m&mvi=0&pl=14&gcr=de&initcwndbps=365000&mime=video%2Fmp4&gir=yes&clen=13341322&dur=548.648&lmt=1570425283944554&mt=1576346926&fvip=1&keepalive=yes&fexp=23812955,23842630&c=WEB&txp=5531432&sparams=expire%2Cei%2Cip%2Cid%2Caitags%2Csource%2Crequiressl%2Cgcr%2Cmime%2Cgir%2Cclen%2Cdur%2Clmt&sig=ALgxI2wwRgIhAIbxAN1sPgVhhxprEsSwwuJ9GT6fGb6QIDgelGtTiHncAiEAhNPaIQ69--Jk2GbLomBH7nue8tNpeVaMXJQy_3kXJks%3D&lsparams=mm%2Cmn%2Cms%2Cmv%2Cmvi%2Cpl%2Cinitcwndbps&lsig=AHylml4wRQIgPY3oO194sgQ1iz46Frg36rJDeMOQp1_qlh_NyRObUnsCIQCoJ81jbpNsMizfKz_cRimGmnwYqq_s64ZtzCgXkUxq8A%3D%3D&alr=yes&cpn=yRpCHpUpNmyEUJaq&cver=2.20191212.06.01&ir=1&rr=12&range=80889-153483&rn=5&rbuf=2781",1576347032.227,1576347032.874,0,0.61,72595,0.9520655737704917,80889.0,153483.0,2,0.93,5.37,4.44,653085.0,46.277404777777775,0.0,0.0,0.0,157544.0,4.470457999999998,419697.0,157544.0,4.470457999999998,419697.0,157544.0,4.470457999999998,419697.0,182360.0,30.51394166666667,485807.0,245152.0,46.277404777777775,653085.0,-2.0,0.0,0.6440000534057617
2,"https://r4---sn-4g5ednsr.googlevideo.com/videoplayback?expire=1576368627&ei=kiX1XbOiPJui1gKLj47ABg&ip=35.158.21.68&id=o-AHLumDrLtwbC2FU-jn-TRjkIlB_qBryRp1veHjTm0PxB&itag=396&aitags=133%2C134%2C135%2C136%2C137%2C160%2C242%2C243%2C244%2C247%2C248%2C278%2C394%2C395%2C396%2C397%2C398%2C399&source=youtube&requiressl=yes&mm=31%2C29&mn=sn-4g5ednsr%2Csn-4g5e6nes&ms=au%2Crdu&mv=m&mvi=0&pl=14&gcr=de&initcwndbps=365000&mime=video%2Fmp4&gir=yes&clen=13341322&dur=548.648&lmt=1570425283944554&mt=1576346926&fvip=1&keepalive=yes&fexp=23812955,23842630&c=WEB&txp=5531432&sparams=expire%2Cei%2Cip%2Cid%2Caitags%2Csource%2Crequiressl%2Cgcr%2Cmime%2Cgir%2Cclen%2Cdur%2Clmt&sig=ALgxI2wwRgIhAIbxAN1sPgVhhxprEsSwwuJ9GT6fGb6QIDgelGtTiHncAiEAhNPaIQ69--Jk2GbLomBH7nue8tNpeVaMXJQy_3kXJks%3D&lsparams=mm%2Cmn%2Cms%2Cmv%2Cmvi%2Cpl%2Cinitcwndbps&lsig=AHylml4wRQIgPY3oO194sgQ1iz46Frg36rJDeMOQp1_qlh_NyRObUnsCIQCoJ81jbpNsMizfKz_cRimGmnwYqq_s64ZtzCgXkUxq8A%3D%3D&alr=yes&cpn=yRpCHpUpNmyEUJaq&cver=2.20191212.06.01&ir=1&rr=12&range=153484-297948&rn=7&rbuf=4961",1576347032.879,1576347034.927,1,1.795,144465,0.6438551532033425,153484.0,297948.0,2,5.37,10.71,5.340000000000001,736724.0,71.26892844444444,0.0,0.0,0.0,200784.0,5.6167882222222225,534889.0,200784.0,5.6167882222222225,534889.0,200784.0,5.6167882222222225,534889.0,237256.0,46.27193155555555,632050.0,276548.0,71.26892844444444,736724.0,-2.0,4.4350001239776615,0.6470000743865967
3,"https://r4---sn-4g5ednsr.googlevideo.com/videoplayback?expire=1576368627&ei=kiX1XbOiPJui1gKLj47ABg&ip=35.158.21.68&id=o-AHLumDrLtwbC2FU-jn-TRjkIlB_qBryRp1veHjTm0PxB&itag=396&aitags=133%2C134%2C135%2C136%2C137%2C160%2C242%2C243%2C244%2C247%2C248%2C278%2C394%2C395%2C396%2C397%2C398%2C399&source=youtube&requiressl=yes&mm=31%2C29&mn=sn-4g5ednsr%2Csn-4g5e6nes&ms=au%2Crdu&mv=m&mvi=0&pl=14&gcr=de&initcwndbps=365000&mime=video%2Fmp4&gir=yes&clen=13341322&dur=548.648&lmt=1570425283944554&mt=1576346926&fvip=1&keepalive=yes&fexp=23812955,23842630&c=WEB&txp=5531432&sparams=expire%2Cei%2Cip%2Cid%2Caitags%2Csource%2Crequiressl%2Cgcr%2Cmime%2Cgir%2Cclen%2Cdur%2Clmt&sig=ALgxI2wwRgIhAIbxAN1sPgVhhxprEsSwwuJ9GT6fGb6QIDgelGtTiHncAiEAhNPaIQ69--Jk2GbLomBH7nue8tNpeVaMXJQy_3kXJks%3D&lsparams=mm%2Cmn%2Cms%2Cmv%2Cmvi%2Cpl%2Cinitcwndbps&lsig=AHylml4wRQIgPY3oO194sgQ1iz46Frg36rJDeMOQp1_qlh_NyRObUnsCIQCoJ81jbpNsMizfKz_cRimGmnwYqq_s64ZtzCgXkUxq8A%3D%3D&alr=yes&cpn=yRpCHpUpNmyEUJaq&cver=2.20191212.06.01&ir=1&rr=12&range=297949-614647&rn=9&rbuf=9049",1576347034.184,1576347035.957,3,1.605,316699,1.5785619937694704,297949.0,614647.0,2,10.71,26.73,16.02,714687.0,73.7210881111111,0.0,0.0,0.0,198716.0,0.0,529379.0,198716.0,0.0,529379.0,198716.0,0.0,529379.0,238196.0,44.99631877777777,634554.0,268276.0,73.7210881111111,714687.0,-2.0,3.1300000572204594,0.0
4,"https://r4---sn-4g5ednsr.googlevideo.com/videoplayback?expire=1576368627&ei=kiX1XbOiPJui1gKLj47ABg&ip=35.158.21.68&id=o-AHLumDrLtwbC2FU-jn-TRjkIlB_qBryRp1veHjTm0PxB&itag=397&aitags=133%2C134%2C135%2C136%2C137%2C160%2C242%2C243%2C244%2C247%2C248%2C278%2C394%2C395%2C396%2C397%2C398%2C399&source=youtube&requiressl=yes&mm=31%2C29&mn=sn-4g5ednsr%2Csn-4g5e6nes&ms=au%2Crdu&mv=m&mvi=0&pl=14&gcr=de&initcwndbps=365000&mime=video%2Fmp4&gir=yes&clen=22553932&dur=548.648&lmt=1570424795255410&mt=1576346926&fvip=1&keepalive=yes&fexp=23812955,23842630&c=WEB&txp=5531432&sparams=expire%2Cei%2Cip%2Cid%2Caitags%2Csource%2Crequiressl%2Cgcr%2Cmime%2Cgir%2Cclen%2Cdur%2Clmt&sig=ALgxI2wwRQIhAJ6UHZKTAXjwy2IqoNqjt_tJpliKmTN1klKwzf0cZAVfAiA2NoP2mfGxUayHfws-nQDVlL2bxTAv3x80EyfMUxB4uQ%3D%3D&lsparams=mm%2Cmn%2Cms%2Cmv%2Cmvi%2Cpl%2Cinitcwndbps&lsig=AHylml4wRQIgPY3oO194sgQ1iz46Frg36rJDeMOQp1_qlh_NyRObUnsCIQCoJ81jbpNsMizfKz_cRimGmnwYqq_s64ZtzCgXkUxq8A%3D%3D&alr=yes&cpn=yRpCHpUpNmyEUJaq&cver=2.20191212.06.01&ir=1&rr=12&range=0-1967&rn=13&rbuf=0",1576347035.978,1576347036.043,0,0.027,1968,0.583111111111111,0.0,1967.0,3,0.0,0.0,0.0,946573.0,53.248355,0.0,0.0,0.0,157544.0,4.470457999999998,419697.0,157544.0,4.470457999999998,419697.0,157544.0,4.470457999999998,419697.0,182360.0,30.51394166666667,485807.0,245152.0,46.277404777777775,653085.0,-3.0,22.696000146865845,0.0
5,"https://r4---sn-4g5ednsr.googlevideo.com/videoplayback?expire=1576368627&ei=kiX1XbOiPJui1gKLj47ABg&ip=35.158.21.68&id=o-AHLumDrLtwbC2FU-jn-TRjkIlB_qBryRp1veHjTm0PxB&itag=398&aitags=133%2C134%2C135%2C136%2C137%2C160%2C242%2C243%2C244%2C247%2C248%2C278%2C394%2C395%2C396%2C397%2C398%2C399&source=youtube&requiressl=yes&mm=31%2C29&mn=sn-4g5ednsr%2Csn-4g5e6nes&ms=au%2Crdu&mv=m&mvi=0&pl=14&gcr=de&initcwndbps=365000&mime=video%2Fmp4&gir=yes&clen=54817015&dur=548.648&lmt=1570424752311114&mt=1576346926&fvip=1&keepalive=yes&fexp=23812955,23842630&c=WEB&txp=5531432&sparams=expire%2Cei%2Cip%2Cid%2Caitags%2Csource%2Crequiressl%2Cgcr%2Cmime%2Cgir%2Cclen%2Cdur%2Clmt&sig=ALgxI2wwRgIhALPh7mREb6svmQzPjjqqNWv1UJl5bYeRsAGrNANw8BvGAiEAxq_pd1hbIewOFFWTF8ZC0_bruhSCQsVelSN_QJJrAxc%3D&lsparams=mm%2Cmn%2Cms%2Cmv%2Cmvi%2Cpl%2Cinitcwndbps&lsig=AHylml4wRQIgPY3oO194sgQ1iz46Frg36rJDeMOQp1_qlh_NyRObUnsCIQCoJ81jbpNsMizfKz_cRimGmnwYqq_s64ZtzCgXkUxq8A%3D%3D&alr=yes&cpn=yRpCHpUpNmyEUJaq&cver=2.20191212.06.01&ir=1&rr=12&range=0-1967&rn=14&rbuf=0",1576347036.092,1576347036.202,0,0.034,1968,0.46305882352941163,0.0,1967.0,4,0.0,0.0,0.0,1685301.0,59.00171188888889,0.0,0.0,0.0,157544.0,4.470457999999998,419697.0,157544.0,4.470457999999998,419697.0,157544.0,4.470457999999998,419697.0,182360.0,30.51394166666667,485807.0,245152.0,46.277404777777775,653085.0,-4.0,22.582000064849854,0.0
6,"https://r4---sn-4g5ednsr.googlevideo.com/videoplayback?expire=1576368627&ei=kiX1XbOiPJui1gKLj47ABg&ip=35.158.21.68&id=o-AHLumDrLtwbC2FU-jn-TRjkIlB_qBryRp1veHjTm0PxB&itag=398&aitags=133%2C134%2C135%2C136%2C137%2C160%2C242%2C243%2C244%2C247%2C248%2C278%2C394%2C395%2C396%2C397%2C398%2C399&source=youtube&requiressl=yes&mm=31%2C29&mn=sn-4g5ednsr%2Csn-4g5e6nes&ms=au%2Crdu&mv=m&mvi=0&pl=14&gcr=de&initcwndbps=365000&mime=video%2Fmp4&gir=yes&clen=54817015&dur=548.648&lmt=1570424752311114&mt=1576346926&fvip=1&keepalive=yes&fexp=23812955,23842630&c=WEB&txp=5531432&sparams=expire%2Cei%2Cip%2Cid%2Caitags%2Csource%2Crequiressl%2Cgcr%2Cmime%2Cgir%2Cclen%2Cdur%2Clmt&sig=ALgxI2wwRgIhALPh7mREb6svmQzPjjqqNWv1UJl5bYeRsAGrNANw8BvGAiEAxq_pd1hbIewOFFWTF8ZC0_bruhSCQsVelSN_QJJrAxc%3D&lsparams=mm%2Cmn%2Cms%2Cmv%2Cmvi%2Cpl%2Cinitcwndbps&lsig=AHylml4wRQIgPY3oO194sgQ1iz46Frg36rJDeMOQp1_qlh_NyRObUnsCIQCoJ81jbpNsMizfKz_cRimGmnwYqq_s64ZtzCgXkUxq8A%3D%3D&alr=yes&cpn=yRpCHpUpNmyEUJaq&cver=2.20191212.06.01&ir=1&rr=12&range=1700221-2641568&rn=15&rbuf=11888",1576347036.566,1576347041.874,10,5.2700000000000005,941348,1.4289912713472483,1700221.0,2641568.0,4,32.06,54.39,22.33,1779700.0,86.87989322222221,,,,,,,,,,,,,,,,,,,,,
7,"https://r4---sn-4g5ednsr.googlevideo.com/videoplayback?expire=1576368627&ei=kiX1XbOiPJui1gKLj47ABg&ip=35.158.21.68&id=o-AHLumDrLtwbC2FU-jn-TRjkIlB_qBryRp1veHjTm0PxB&itag=398&aitags=133%2C134%2C135%2C136%2C137%2C160%2C242%2C243%2C244%2C247%2C248%2C278%2C394%2C395%2C396%2C397%2C398%2C399&source=youtube&requiressl=yes&mm=31%2C29&mn=sn-4g5ednsr%2Csn-4g5e6nes&ms=au%2Crdu&mv=m&mvi=0&pl=14&gcr=de&initcwndbps=365000&mime=video%2Fmp4&gir=yes&clen=54817015&dur=548.648&lmt=1570424752311114&mt=1576346926&fvip=1&keepalive=yes&fexp=23812955,23842630&c=WEB&txp=5531432&sparams=expire%2Cei%2Cip%2Cid%2Caitags%2Csource%2Crequiressl%2Cgcr%2Cmime%2Cgir%2Cclen%2Cdur%2Clmt&sig=ALgxI2wwRgIhALPh7mREb6svmQzPjjqqNWv1UJl5bYeRsAGrNANw8BvGAiEAxq_pd1hbIewOFFWTF8ZC0_bruhSCQsVelSN_QJJrAxc%3D&lsparams=mm%2Cmn%2Cms%2Cmv%2Cmvi%2Cpl%2Cinitcwndbps&lsig=AHylml4wRQIgPY3oO194sgQ1iz46Frg36rJDeMOQp1_qlh_NyRObUnsCIQCoJ81jbpNsMizfKz_cRimGmnwYqq_s64ZtzCgXkUxq8A%3D%3D&alr=yes&cpn=yRpCHpUpNmyEUJaq&cver=2.20191212.06.01&ir=1&rr=12&range=2641569-4296703&rn=16&rbuf=16640",1576347041.532,1576347047.875,18,6.312,1655135,2.0977629911280102,2641569.0,4296703.0,4,54.39,86.89,32.5,1267669.0,86.4760157777778,,,,,,,,,,,,,,,,,,,,,
8,"https://r4---sn-4g5ednsr.googlevideo.com/videoplayback?expire=1576368627&ei=kiX1XbOiPJui1gKLj47ABg&ip=35.158.21.68&id=o-AHLumDrLtwbC2FU-jn-TRjkIlB_qBryRp1veHjTm0PxB&itag=248&aitags=133%2C134%2C135%2C136%2C137%2C160%2C242%2C243%2C244%2C247%2C248%2C278%2C394%2C395%2C396%2C397%2C398%2C399&source=youtube&requiressl=yes&mm=31%2C29&mn=sn-4g5ednsr%2Csn-4g5e6nes&ms=au%2Crdu&mv=m&mvi=0&pl=14&gcr=de&initcwndbps=365000&mime=video%2Fwebm&gir=yes&clen=99939189&dur=548.647&lmt=1570413849234093&mt=1576346926&fvip=1&keepalive=yes&fexp=23812955,23842630&c=WEB&txp=5535432&sparams=expire%2Cei%2Cip%2Cid%2Caitags%2Csource%2Crequiressl%2Cgcr%2Cmime%2Cgir%2Cclen%2Cdur%2Clmt&sig=ALgxI2wwRQIhANYeBQ_j90teN8Y3Zr1jGAigl3AtULLyuWeJFn6PGbnnAiBZDKq7514B94DqDWJBiAr8eork2wEBI90KgKoDutf5yg%3D%3D&lsparams=mm%2Cmn%2Cms%2Cmv%2Cmvi%2Cpl%2Cinitcwndbps&lsig=AHylml4wRQIgPY3oO194sgQ1iz46Frg36rJDeMOQp1_qlh_NyRObUnsCIQCoJ81jbpNsMizfKz_cRimGmnwYqq_s64ZtzCgXkUxq8A%3D%3D&alr=yes&cpn=yRpCHpUpNmyEUJaq&cver=2.20191212.06.01&ir=1&rr=12&range=0-2046&rn=19&rbuf=0",1576347047.994,1576347050.05,0,0.045,2047,0.3639111111111111,0.0,2046.0,5,0.0,0.0,0.0,3223858.0,100.0,,,,,,,,,,,,,,,,,,,,,
9,"https://r4---sn-4g5ednsr.googlevideo.com/videoplayback?expire=1576368627&ei=kiX1XbOiPJui1gKLj47ABg&ip=35.158.21.68&id=o-AHLumDrLtwbC2FU-jn-TRjkIlB_qBryRp1veHjTm0PxB&itag=398&aitags=133%2C134%2C135%2C136%2C137%2C160%2C242%2C243%2C244%2C247%2C248%2C278%2C394%2C395%2C396%2C397%2C398%2C399&source=youtube&requiressl=yes&mm=31%2C29&mn=sn-4g5ednsr%2Csn-4g5e6nes&ms=au%2Crdu&mv=m&mvi=0&pl=14&gcr=de&initcwndbps=365000&mime=video%2Fmp4&gir=yes&clen=54817015&dur=548.648&lmt=1570424752311114&mt=1576346926&fvip=1&keepalive=yes&fexp=23812955,23842630&c=WEB&txp=5531432&sparams=expire%2Cei%2Cip%2Cid%2Caitags%2Csource%2Crequiressl%2Cgcr%2Cmime%2Cgir%2Cclen%2Cdur%2Clmt&sig=ALgxI2wwRgIhALPh7mREb6svmQzPjjqqNWv1UJl5bYeRsAGrNANw8BvGAiEAxq_pd1hbIewOFFWTF8ZC0_bruhSCQsVelSN_QJJrAxc%3D&lsparams=mm%2Cmn%2Cms%2Cmv%2Cmvi%2Cpl%2Cinitcwndbps&lsig=AHylml4wRQIgPY3oO194sgQ1iz46Frg36rJDeMOQp1_qlh_NyRObUnsCIQCoJ81jbpNsMizfKz_cRimGmnwYqq_s64ZtzCgXkUxq8A%3D%3D&alr=yes&cpn=yRpCHpUpNmyEUJaq&cver=2.20191212.06.01&ir=1&rr=12&range=4296704-4712083&rn=21&rbuf=26581",1576347048.688,1576347050.391,29,1.605,415380,2.070429906542056,4296704.0,4712083.0,4,86.89,96.83,9.939999999999998,1379596.0,88.45406499999999,,,,,,,,,,,,,,,,,,,,,
10,"https://r4---sn-4g5ednsr.googlevideo.com/videoplayback?expire=1576368627&ei=kiX1XbOiPJui1gKLj47ABg&ip=35.158.21.68&id=o-AHLumDrLtwbC2FU-jn-TRjkIlB_qBryRp1veHjTm0PxB&itag=398&aitags=133%2C134%2C135%2C136%2C137%2C160%2C242%2C243%2C244%2C247%2C248%2C278%2C394%2C395%2C396%2C397%2C398%2C399&source=youtube&requiressl=yes&mm=31%2C29&mn=sn-4g5ednsr%2Csn-4g5e6nes&ms=au%2Crdu&mv=m&mvi=0&pl=14&gcr=de&initcwndbps=365000&mime=video%2Fmp4&gir=yes&clen=54817015&dur=548.648&lmt=1570424752311114&mt=1576346926&fvip=1&keepalive=yes&fexp=23812955,23842630&c=WEB&txp=5531432&sparams=expire%2Cei%2Cip%2Cid%2Caitags%2Csource%2Crequiressl%2Cgcr%2Cmime%2Cgir%2Cclen%2Cdur%2Clmt&sig=ALgxI2wwRgIhALPh7mREb6svmQzPjjqqNWv1UJl5bYeRsAGrNANw8BvGAiEAxq_pd1hbIewOFFWTF8ZC0_bruhSCQsVelSN_QJJrAxc%3D&lsparams=mm%2Cmn%2Cms%2Cmv%2Cmvi%2Cpl%2Cinitcwndbps&lsig=AHylml4wRQIgPY3oO194sgQ1iz46Frg36rJDeMOQp1_qlh_NyRObUnsCIQCoJ81jbpNsMizfKz_cRimGmnwYqq_s64ZtzCgXkUxq8A%3D%3D&alr=yes&cpn=yRpCHpUpNmyEUJaq&cver=2.20191212.06.01&ir=1&rr=12&range=4712084-6777348&rn=22&rbuf=29420",1576347050.985,1576347058.6539998,32,7.667,2065265,2.154965436285379,4712084.0,6777348.0,4,96.83,114.08,17.25,1793880.0,59.367170666666695,,,,,,,,,,,,,,,,,,,,,
11,"https://r4---sn-4g5ednsr.googlevideo.com/videoplayback?expire=1576368627&ei=kiX1XbOiPJui1gKLj47ABg&ip=35.158.21.68&id=o-AHLumDrLtwbC2FU-jn-TRjkIlB_qBryRp1veHjTm0PxB&itag=248&aitags=133%2C134%2C135%2C136%2C137%2C160%2C242%2C243%2C244%2C247%2C248%2C278%2C394%2C395%2C396%2C397%2C398%2C399&source=youtube&requiressl=yes&mm=31%2C29&mn=sn-4g5ednsr%2Csn-4g5e6nes&ms=au%2Crdu&mv=m&mvi=0&pl=14&gcr=de&initcwndbps=365000&mime=video%2Fwebm&gir=yes&clen=99939189&dur=548.647&lmt=1570413849234093&mt=1576346926&fvip=1&keepalive=yes&fexp=23812955,23842630&c=WEB&txp=5535432&sparams=expire%2Cei%2Cip%2Cid%2Caitags%2Csource%2Crequiressl%2Cgcr%2Cmime%2Cgir%2Cclen%2Cdur%2Clmt&sig=ALgxI2wwRQIhANYeBQ_j90teN8Y3Zr1jGAigl3AtULLyuWeJFn6PGbnnAiBZDKq7514B94DqDWJBiAr8eork2wEBI90KgKoDutf5yg%3D%3D&lsparams=mm%2Cmn%2Cms%2Cmv%2Cmvi%2Cpl%2Cinitcwndbps&lsig=AHylml4wRQIgPY3oO194sgQ1iz46Frg36rJDeMOQp1_qlh_NyRObUnsCIQCoJ81jbpNsMizfKz_cRimGmnwYqq_s64ZtzCgXkUxq8A%3D%3D&alr=yes&cpn=yRpCHpUpNmyEUJaq&cver=2.20191212.06.01&ir=1&rr=12&range=12067188-14078120&rn=24&rbuf=42774",1576347059.218,1576347066.869,23,7.569,2010933,2.1254411414982166,12067188.0,14078120.0,5,69.3,79.98,10.680000000000007,2534713.0,100.0,,,,,,,,,,,,,,,,,,,,,
12,"https://r4---sn-4g5ednsr.googlevideo.com/videoplayback?expire=1576368627&ei=kiX1XbOiPJui1gKLj47ABg&ip=35.158.21.68&id=o-AHLumDrLtwbC2FU-jn-TRjkIlB_qBryRp1veHjTm0PxB&itag=248&aitags=133%2C134%2C135%2C136%2C137%2C160%2C242%2C243%2C244%2C247%2C248%2C278%2C394%2C395%2C396%2C397%2C398%2C399&source=youtube&requiressl=yes&mm=31%2C29&mn=sn-4g5ednsr%2Csn-4g5e6nes&ms=au%2Crdu&mv=m&mvi=0&pl=14&gcr=de&initcwndbps=365000&mime=video%2Fwebm&gir=yes&clen=99939189&dur=548.647&lmt=1570413849234093&mt=1576346926&fvip=1&keepalive=yes&fexp=23812955,23842630&c=WEB&txp=5535432&sparams=expire%2Cei%2Cip%2Cid%2Caitags%2Csource%2Crequiressl%2Cgcr%2Cmime%2Cgir%2Cclen%2Cdur%2Clmt&sig=ALgxI2wwRQIhANYeBQ_j90teN8Y3Zr1jGAigl3AtULLyuWeJFn6PGbnnAiBZDKq7514B94DqDWJBiAr8eork2wEBI90KgKoDutf5yg%3D%3D&lsparams=mm%2Cmn%2Cms%2Cmv%2Cmvi%2Cpl%2Cinitcwndbps&lsig=AHylml4wRQIgPY3oO194sgQ1iz46Frg36rJDeMOQp1_qlh_NyRObUnsCIQCoJ81jbpNsMizfKz_cRimGmnwYqq_s64ZtzCgXkUxq8A%3D%3D&alr=yes&cpn=yRpCHpUpNmyEUJaq&cver=2.20191212.06.01&ir=1&rr=12&range=14078121-16039806&rn=26&rbuf=44927",1576347067.52,1576347075.94,26,8.376,1961686,1.8736255969436484,14078121.0,16039806.0,5,79.98,90.69,10.709999999999994,2266267.0,100.0,,,,,,,,,,,,,,,,,,,,,
13,"https://r4---sn-4g5ednsr.googlevideo.com/videoplayback?expire=1576368627&ei=kiX1XbOiPJui1gKLj47ABg&ip=35.158.21.68&id=o-AHLumDrLtwbC2FU-jn-TRjkIlB_qBryRp1veHjTm0PxB&itag=248&aitags=133%2C134%2C135%2C136%2C137%2C160%2C242%2C243%2C244%2C247%2C248%2C278%2C394%2C395%2C396%2C397%2C398%2C399&source=youtube&requiressl=yes&mm=31%2C29&mn=sn-4g5ednsr%2Csn-4g5e6nes&ms=au%2Crdu&mv=m&mvi=0&pl=14&gcr=de&initcwndbps=365000&mime=video%2Fwebm&gir=yes&clen=99939189&dur=548.647&lmt=1570413849234093&mt=1576346926&fvip=1&keepalive=yes&fexp=23812955,23842630&c=WEB&txp=5535432&sparams=expire%2Cei%2Cip%2Cid%2Caitags%2Csource%2Crequiressl%2Cgcr%2Cmime%2Cgir%2Cclen%2Cdur%2Clmt&sig=ALgxI2wwRQIhANYeBQ_j90teN8Y3Zr1jGAigl3AtULLyuWeJFn6PGbnnAiBZDKq7514B94DqDWJBiAr8eork2wEBI90KgKoDutf5yg%3D%3D&lsparams=mm%2Cmn%2Cms%2Cmv%2Cmvi%2Cpl%2Cinitcwndbps&lsig=AHylml4wRQIgPY3oO194sgQ1iz46Frg36rJDeMOQp1_qlh_NyRObUnsCIQCoJ81jbpNsMizfKz_cRimGmnwYqq_s64ZtzCgXkUxq8A%3D%3D&alr=yes&cpn=yRpCHpUpNmyEUJaq&cver=2.20191212.06.01&ir=1&rr=12&range=16039807-16936707&rn=28&rbuf=46102",1576347077.224,1576347080.847,30,3.586,896901,2.0008945900725044,16039807.0,16936707.0,5,90.69,96.0,5.310000000000002,2336805.0,100.0,,,,,,,,,,,,,,,,,,,,,
14,"https://r4---sn-4g5ednsr.googlevideo.com/videoplayback?expire=1576368627&ei=kiX1XbOiPJui1gKLj47ABg&ip=35.158.21.68&id=o-AHLumDrLtwbC2FU-jn-TRjkIlB_qBryRp1veHjTm0PxB&itag=248&aitags=133%2C134%2C135%2C136%2C137%2C160%2C242%2C243%2C244%2C247%2C248%2C278%2C394%2C395%2C396%2C397%2C398%2C399&source=youtube&requiressl=yes&mm=31%2C29&mn=sn-4g5ednsr%2Csn-4g5e6nes&ms=au%2Crdu&mv=m&mvi=0&pl=14&gcr=de&initcwndbps=365000&mime=video%2Fwebm&gir=yes&clen=99939189&dur=548.647&lmt=1570413849234093&mt=1576346926&fvip=1&keepalive=yes&fexp=23812955,23842630&c=WEB&txp=5535432&sparams=expire%2Cei%2Cip%2Cid%2Caitags%2Csource%2Crequiressl%2Cgcr%2Cmime%2Cgir%2Cclen%2Cdur%2Clmt&sig=ALgxI2wwRQIhANYeBQ_j90teN8Y3Zr1jGAigl3AtULLyuWeJFn6PGbnnAiBZDKq7514B94DqDWJBiAr8eork2wEBI90KgKoDutf5yg%3D%3D&lsparams=mm%2Cmn%2Cms%2Cmv%2Cmvi%2Cpl%2Cinitcwndbps&lsig=AHylml4wRQIgPY3oO194sgQ1iz46Frg36rJDeMOQp1_qlh_NyRObUnsCIQCoJ81jbpNsMizfKz_cRimGmnwYqq_s64ZtzCgXkUxq8A%3D%3D&alr=yes&cpn=yRpCHpUpNmyEUJaq&cver=2.20191212.06.01&ir=1&rr=12&range=16936708-18620769&rn=29&rbuf=47968",1576347080.567,1576347087.122,32,6.522,1684062,2.06570009199632,16936708.0,18620769.0,5,96.0,101.47,5.469999999999999,3357322.0,100.0,,,,,,,,,,,,,,,,,,,,,
15,"https://r4---sn-4g5ednsr.googlevideo.com/videoplayback?expire=1576368627&ei=kiX1XbOiPJui1gKLj47ABg&ip=35.158.21.68&id=o-AHLumDrLtwbC2FU-jn-TRjkIlB_qBryRp1veHjTm0PxB&itag=248&aitags=133%2C134%2C135%2C136%2C137%2C160%2C242%2C243%2C244%2C247%2C248%2C278%2C394%2C395%2C396%2C397%2C398%2C399&source=youtube&requiressl=yes&mm=31%2C29&mn=sn-4g5ednsr%2Csn-4g5e6nes&ms=au%2Crdu&mv=m&mvi=0&pl=14&gcr=de&initcwndbps=365000&mime=video%2Fwebm&gir=yes&clen=99939189&dur=548.647&lmt=1570413849234093&mt=1576346926&fvip=1&keepalive=yes&fexp=23812955,23842630&c=WEB&txp=5535432&sparams=expire%2Cei%2Cip%2Cid%2Caitags%2Csource%2Crequiressl%2Cgcr%2Cmime%2Cgir%2Cclen%2Cdur%2Clmt&sig=ALgxI2wwRQIhANYeBQ_j90teN8Y3Zr1jGAigl3AtULLyuWeJFn6PGbnnAiBZDKq7514B94DqDWJBiAr8eork2wEBI90KgKoDutf5yg%3D%3D&lsparams=mm%2Cmn%2Cms%2Cmv%2Cmvi%2Cpl%2Cinitcwndbps&lsig=AHylml4wRQIgPY3oO194sgQ1iz46Frg36rJDeMOQp1_qlh_NyRObUnsCIQCoJ81jbpNsMizfKz_cRimGmnwYqq_s64ZtzCgXkUxq8A%3D%3D&alr=yes&cpn=yRpCHpUpNmyEUJaq&cver=2.20191212.06.01&ir=1&rr=12&range=18620770-20215251&rn=30&rbuf=47307",1576347086.666,1576347093.129,33,6.417,1594482,1.9878223468910705,18620770.0,20215251.0,5,101.47,106.81,5.340000000000003,8673125.0,100.0,,,,,,,,,,,,,,,,,,,,,
16,"https://r4---sn-4g5ednsr.googlevideo.com/videoplayback?expire=1576368627&ei=kiX1XbOiPJui1gKLj47ABg&ip=35.158.21.68&id=o-AHLumDrLtwbC2FU-jn-TRjkIlB_qBryRp1veHjTm0PxB&itag=248&aitags=133%2C134%2C135%2C136%2C137%2C160%2C242%2C243%2C244%2C247%2C248%2C278%2C394%2C395%2C396%2C397%2C398%2C399&source=youtube&requiressl=yes&mm=31%2C29&mn=sn-4g5ednsr%2Csn-4g5e6nes&ms=au%2Crdu&mv=m&mvi=0&pl=14&gcr=de&initcwndbps=365000&mime=video%2Fwebm&gir=yes&clen=99939189&dur=548.647&lmt=1570413849234093&mt=1576346926&fvip=1&keepalive=yes&fexp=23812955,23842630&c=WEB&txp=5535432&sparams=expire%2Cei%2Cip%2Cid%2Caitags%2Csource%2Crequiressl%2Cgcr%2Cmime%2Cgir%2Cclen%2Cdur%2Clmt&sig=ALgxI2wwRQIhANYeBQ_j90teN8Y3Zr1jGAigl3AtULLyuWeJFn6PGbnnAiBZDKq7514B94DqDWJBiAr8eork2wEBI90KgKoDutf5yg%3D%3D&lsparams=mm%2Cmn%2Cms%2Cmv%2Cmvi%2Cpl%2Cinitcwndbps&lsig=AHylml4wRQIgPY3oO194sgQ1iz46Frg36rJDeMOQp1_qlh_NyRObUnsCIQCoJ81jbpNsMizfKz_cRimGmnwYqq_s64ZtzCgXkUxq8A%3D%3D&alr=yes&cpn=yRpCHpUpNmyEUJaq&cver=2.20191212.06.01&ir=1&rr=12&range=20215252-21218440&rn=31&rbuf=46645",1576347092.529,1576347096.575,35,4.014,1003189,1.999380169407075,20215252.0,21218440.0,5,106.81,112.48,5.670000000000002,2520689.0,100.0,,,,,,,,,,,,,,,,,,,,,
17,"https://r4---sn-4g5ednsr.googlevideo.com/videoplayback?expire=1576368627&ei=kiX1XbOiPJui1gKLj47ABg&ip=35.158.21.68&id=o-AHLumDrLtwbC2FU-jn-TRjkIlB_qBryRp1veHjTm0PxB&itag=248&aitags=133%2C134%2C135%2C136%2C137%2C160%2C242%2C243%2C244%2C247%2C248%2C278%2C394%2C395%2C396%2C397%2C398%2C399&source=youtube&requiressl=yes&mm=31%2C29&mn=sn-4g5ednsr%2Csn-4g5e6nes&ms=au%2Crdu&mv=m&mvi=0&pl=14&gcr=de&initcwndbps=365000&mime=video%2Fwebm&gir=yes&clen=99939189&dur=548.647&lmt=1570413849234093&mt=1576346926&fvip=1&keepalive=yes&fexp=23812955,23842630&c=WEB&txp=5535432&sparams=expire%2Cei%2Cip%2Cid%2Caitags%2Csource%2Crequiressl%2Cgcr%2Cmime%2Cgir%2Cclen%2Cdur%2Clmt&sig=ALgxI2wwRQIhANYeBQ_j90teN8Y3Zr1jGAigl3AtULLyuWeJFn6PGbnnAiBZDKq7514B94DqDWJBiAr8eork2wEBI90KgKoDutf5yg%3D%3D&lsparams=mm%2Cmn%2Cms%2Cmv%2Cmvi%2Cpl%2Cinitcwndbps&lsig=AHylml4wRQIgPY3oO194sgQ1iz46Frg36rJDeMOQp1_qlh_NyRObUnsCIQCoJ81jbpNsMizfKz_cRimGmnwYqq_s64ZtzCgXkUxq8A%3D%3D&alr=yes&cpn=yRpCHpUpNmyEUJaq&cver=2.20191212.06.01&ir=1&rr=12&range=21218441-22738399&rn=32&rbuf=48484",1576347096.215,1576347102.346,37,6.079,1519959,2.0002750452377036,21218441.0,22738399.0,5,112.48,117.52,5.039999999999992,4251567.0,100.0,,,,,,,,,,,,,,,,,,,,,
18,"https://r4---sn-4g5ednsr.googlevideo.com/videoplayback?expire=1576368627&ei=kiX1XbOiPJui1gKLj47ABg&ip=35.158.21.68&id=o-AHLumDrLtwbC2FU-jn-TRjkIlB_qBryRp1veHjTm0PxB&itag=248&aitags=133%2C134%2C135%2C136%2C137%2C160%2C242%2C243%2C244%2C247%2C248%2C278%2C394%2C395%2C396%2C397%2C398%2C399&source=youtube&requiressl=yes&mm=31%2C29&mn=sn-4g5ednsr%2Csn-4g5e6nes&ms=au%2Crdu&mv=m&mvi=0&pl=14&gcr=de&initcwndbps=365000&mime=video%2Fwebm&gir=yes&clen=99939189&dur=548.647&lmt=1570413849234093&mt=1576346926&fvip=1&keepalive=yes&fexp=23812955,23842630&c=WEB&txp=5535432&sparams=expire%2Cei%2Cip%2Cid%2Caitags%2Csource%2Crequiressl%2Cgcr%2Cmime%2Cgir%2Cclen%2Cdur%2Clmt&sig=ALgxI2wwRQIhANYeBQ_j90teN8Y3Zr1jGAigl3AtULLyuWeJFn6PGbnnAiBZDKq7514B94DqDWJBiAr8eork2wEBI90KgKoDutf5yg%3D%3D&lsparams=mm%2Cmn%2Cms%2Cmv%2Cmvi%2Cpl%2Cinitcwndbps&lsig=AHylml4wRQIgPY3oO194sgQ1iz46Frg36rJDeMOQp1_qlh_NyRObUnsCIQCoJ81jbpNsMizfKz_cRimGmnwYqq_s64ZtzCgXkUxq8A%3D%3D&alr=yes&cpn=yRpCHpUpNmyEUJaq&cver=2.20191212.06.01&ir=1&rr=12&range=22738400-23539619&rn=33&rbuf=48073",1576347101.857,1576347105.1320002,39,3.228,801220,1.9856753407682772,22738400.0,23539619.0,5,117.52,122.86,5.340000000000003,2768816.0,100.0,,,,,,,,,,,,,,,,,,,,,
19,"https://r4---sn-4g5ednsr.googlevideo.com/videoplayback?expire=1576368627&ei=kiX1XbOiPJui1gKLj47ABg&ip=35.158.21.68&id=o-AHLumDrLtwbC2FU-jn-TRjkIlB_qBryRp1veHjTm0PxB&itag=248&aitags=133%2C134%2C135%2C136%2C137%2C160%2C242%2C243%2C244%2C247%2C248%2C278%2C394%2C395%2C396%2C397%2C398%2C399&source=youtube&requiressl=yes&mm=31%2C29&mn=sn-4g5ednsr%2Csn-4g5e6nes&ms=au%2Crdu&mv=m&mvi=0&pl=14&gcr=de&initcwndbps=365000&mime=video%2Fwebm&gir=yes&clen=99939189&dur=548.647&lmt=1570413849234093&mt=1576346926&fvip=1&keepalive=yes&fexp=23812955,23842630&c=WEB&txp=5535432&sparams=expire%2Cei%2Cip%2Cid%2Caitags%2Csource%2Crequiressl%2Cgcr%2Cmime%2Cgir%2Cclen%2Cdur%2Clmt&sig=ALgxI2wwRQIhANYeBQ_j90teN8Y3Zr1jGAigl3AtULLyuWeJFn6PGbnnAiBZDKq7514B94DqDWJBiAr8eork2wEBI90KgKoDutf5yg%3D%3D&lsparams=mm%2Cmn%2Cms%2Cmv%2Cmvi%2Cpl%2Cinitcwndbps&lsig=AHylml4wRQIgPY3oO194sgQ1iz46Frg36rJDeMOQp1_qlh_NyRObUnsCIQCoJ81jbpNsMizfKz_cRimGmnwYqq_s64ZtzCgXkUxq8A%3D%3D&alr=yes&cpn=yRpCHpUpNmyEUJaq&cver=2.20191212.06.01&ir=1&rr=12&range=23539620-25199472&rn=35&rbuf=49411",1576347105.894,1576347112.147,41,6.222,1659853,2.1341729347476694,23539620.0,25199472.0,5,122.86,133.5,10.64,2629033.0,100.0,,,,,,,,,,,,,,,,,,,,,
20,"https://r4---sn-4g5ednsr.googlevideo.com/videoplayback?expire=1576368627&ei=kiX1XbOiPJui1gKLj47ABg&ip=35.158.21.68&id=o-AHLumDrLtwbC2FU-jn-TRjkIlB_qBryRp1veHjTm0PxB&itag=398&aitags=133%2C134%2C135%2C136%2C137%2C160%2C242%2C243%2C244%2C247%2C248%2C278%2C394%2C395%2C396%2C397%2C398%2C399&source=youtube&requiressl=yes&mm=31%2C29&mn=sn-4g5ednsr%2Csn-4g5e6nes&ms=au%2Crdu&mv=m&mvi=0&pl=14&gcr=de&initcwndbps=365000&mime=video%2Fmp4&gir=yes&clen=54817015&dur=548.648&lmt=1570424752311114&mt=1576346926&fvip=1&keepalive=yes&fexp=23812955,23842630&c=WEB&txp=5531432&sparams=expire%2Cei%2Cip%2Cid%2Caitags%2Csource%2Crequiressl%2Cgcr%2Cmime%2Cgir%2Cclen%2Cdur%2Clmt&sig=ALgxI2wwRgIhALPh7mREb6svmQzPjjqqNWv1UJl5bYeRsAGrNANw8BvGAiEAxq_pd1hbIewOFFWTF8ZC0_bruhSCQsVelSN_QJJrAxc%3D&lsparams=mm%2Cmn%2Cms%2Cmv%2Cmvi%2Cpl%2Cinitcwndbps&lsig=AHylml4wRQIgPY3oO194sgQ1iz46Frg36rJDeMOQp1_qlh_NyRObUnsCIQCoJ81jbpNsMizfKz_cRimGmnwYqq_s64ZtzCgXkUxq8A%3D%3D&alr=yes&cpn=yRpCHpUpNmyEUJaq&cver=2.20191212.06.01&ir=1&rr=12&range=7892836-8190861&rn=38&rbuf=0",1576347114.944,1576347117.945,45,2.811,298026,0.84817075773746,7892836.0,8190861.0,4,136.04,142.14,6.099999999999994,1689808.0,78.78919988888886,,,,,,,,,,,,,,,,,,,,,
21,"https://r4---sn-4g5ednsr.googlevideo.com/videoplayback?expire=1576368627&ei=kiX1XbOiPJui1gKLj47ABg&ip=35.158.21.68&id=o-AHLumDrLtwbC2FU-jn-TRjkIlB_qBryRp1veHjTm0PxB&itag=398&aitags=133%2C134%2C135%2C136%2C137%2C160%2C242%2C243%2C244%2C247%2C248%2C278%2C394%2C395%2C396%2C397%2C398%2C399&source=youtube&requiressl=yes&mm=31%2C29&mn=sn-4g5ednsr%2Csn-4g5e6nes&ms=au%2Crdu&mv=m&mvi=0&pl=14&gcr=de&initcwndbps=365000&mime=video%2Fmp4&gir=yes&clen=54817015&dur=548.648&lmt=1570424752311114&mt=1576346926&fvip=1&keepalive=yes&fexp=23812955,23842630&c=WEB&txp=5531432&sparams=expire%2Cei%2Cip%2Cid%2Caitags%2Csource%2Crequiressl%2Cgcr%2Cmime%2Cgir%2Cclen%2Cdur%2Clmt&sig=ALgxI2wwRgIhALPh7mREb6svmQzPjjqqNWv1UJl5bYeRsAGrNANw8BvGAiEAxq_pd1hbIewOFFWTF8ZC0_bruhSCQsVelSN_QJJrAxc%3D&lsparams=mm%2Cmn%2Cms%2Cmv%2Cmvi%2Cpl%2Cinitcwndbps&lsig=AHylml4wRQIgPY3oO194sgQ1iz46Frg36rJDeMOQp1_qlh_NyRObUnsCIQCoJ81jbpNsMizfKz_cRimGmnwYqq_s64ZtzCgXkUxq8A%3D%3D&alr=yes&cpn=yRpCHpUpNmyEUJaq&cver=2.20191212.06.01&ir=1&rr=12&range=8190862-8413504&rn=39&rbuf=1008",1576347117.233,1576347120.8830001,47,2.372,222643,0.7509038785834738,8190862.0,8413504.0,4,142.14,146.81,4.670000000000016,1289142.0,82.31936077777777,,,,,,,,,,,,,,,,,,,,,
22,"https://r4---sn-4g5ednsr.googlevideo.com/videoplayback?expire=1576368627&ei=kiX1XbOiPJui1gKLj47ABg&ip=35.158.21.68&id=o-AHLumDrLtwbC2FU-jn-TRjkIlB_qBryRp1veHjTm0PxB&itag=398&aitags=133%2C134%2C135%2C136%2C137%2C160%2C242%2C243%2C244%2C247%2C248%2C278%2C394%2C395%2C396%2C397%2C398%2C399&source=youtube&requiressl=yes&mm=31%2C29&mn=sn-4g5ednsr%2Csn-4g5e6nes&ms=au%2Crdu&mv=m&mvi=0&pl=14&gcr=de&initcwndbps=365000&mime=video%2Fmp4&gir=yes&clen=54817015&dur=548.648&lmt=1570424752311114&mt=1576346926&fvip=1&keepalive=yes&fexp=23812955,23842630&c=WEB&txp=5531432&sparams=expire%2Cei%2Cip%2Cid%2Caitags%2Csource%2Crequiressl%2Cgcr%2Cmime%2Cgir%2Cclen%2Cdur%2Clmt&sig=ALgxI2wwRgIhALPh7mREb6svmQzPjjqqNWv1UJl5bYeRsAGrNANw8BvGAiEAxq_pd1hbIewOFFWTF8ZC0_bruhSCQsVelSN_QJJrAxc%3D&lsparams=mm%2Cmn%2Cms%2Cmv%2Cmvi%2Cpl%2Cinitcwndbps&lsig=AHylml4wRQIgPY3oO194sgQ1iz46Frg36rJDeMOQp1_qlh_NyRObUnsCIQCoJ81jbpNsMizfKz_cRimGmnwYqq_s64ZtzCgXkUxq8A%3D%3D&alr=yes&cpn=yRpCHpUpNmyEUJaq&cver=2.20191212.06.01&ir=1&rr=12&range=8413505-8711530&rn=41&rbuf=3290",1576347119.65,1576347122.286,49,2.597,298026,0.9180623796688487,8413505.0,8711530.0,4,146.81,152.55,5.740000000000009,1316187.0,86.52767377777776,,,,,,,,,,,,,,,,,,,,,
23,"https://r4---sn-4g5ednsr.googlevideo.com/videoplayback?expire=1576368627&ei=kiX1XbOiPJui1gKLj47ABg&ip=35.158.21.68&id=o-AHLumDrLtwbC2FU-jn-TRjkIlB_qBryRp1veHjTm0PxB&itag=398&aitags=133%2C134%2C135%2C136%2C137%2C160%2C242%2C243%2C244%2C247%2C248%2C278%2C394%2C395%2C396%2C397%2C398%2C399&source=youtube&requiressl=yes&mm=31%2C29&mn=sn-4g5ednsr%2Csn-4g5e6nes&ms=au%2Crdu&mv=m&mvi=0&pl=14&gcr=de&initcwndbps=365000&mime=video%2Fmp4&gir=yes&clen=54817015&dur=548.648&lmt=1570424752311114&mt=1576346926&fvip=1&keepalive=yes&fexp=23812955,23842630&c=WEB&txp=5531432&sparams=expire%2Cei%2Cip%2Cid%2Caitags%2Csource%2Crequiressl%2Cgcr%2Cmime%2Cgir%2Cclen%2Cdur%2Clmt&sig=ALgxI2wwRgIhALPh7mREb6svmQzPjjqqNWv1UJl5bYeRsAGrNANw8BvGAiEAxq_pd1hbIewOFFWTF8ZC0_bruhSCQsVelSN_QJJrAxc%3D&lsparams=mm%2Cmn%2Cms%2Cmv%2Cmvi%2Cpl%2Cinitcwndbps&lsig=AHylml4wRQIgPY3oO194sgQ1iz46Frg36rJDeMOQp1_qlh_NyRObUnsCIQCoJ81jbpNsMizfKz_cRimGmnwYqq_s64ZtzCgXkUxq8A%3D%3D&alr=yes&cpn=yRpCHpUpNmyEUJaq&cver=2.20191212.06.01&ir=1&rr=12&range=8711531-8939547&rn=42&rbuf=4884",1576347121.559,1576347125.751,51,3.8850000000000002,228017,0.4695330759330759,8711531.0,8939547.0,4,152.55,156.86,4.310000000000002,1324392.0,86.77168722222223,,,,,,,,,,,,,,,,,,,,,
24,"https://r4---sn-4g5ednsr.googlevideo.com/videoplayback?expire=1576368627&ei=kiX1XbOiPJui1gKLj47ABg&ip=35.158.21.68&id=o-AHLumDrLtwbC2FU-jn-TRjkIlB_qBryRp1veHjTm0PxB&itag=397&aitags=133%2C134%2C135%2C136%2C137%2C160%2C242%2C243%2C244%2C247%2C248%2C278%2C394%2C395%2C396%2C397%2C398%2C399&source=youtube&requiressl=yes&mm=31%2C29&mn=sn-4g5ednsr%2Csn-4g5e6nes&ms=au%2Crdu&mv=m&mvi=0&pl=14&gcr=de&initcwndbps=365000&mime=video%2Fmp4&gir=yes&clen=22553932&dur=548.648&lmt=1570424795255410&mt=1576346926&fvip=1&keepalive=yes&fexp=23812955,23842630&c=WEB&txp=5531432&sparams=expire%2Cei%2Cip%2Cid%2Caitags%2Csource%2Crequiressl%2Cgcr%2Cmime%2Cgir%2Cclen%2Cdur%2Clmt&sig=ALgxI2wwRQIhAJ6UHZKTAXjwy2IqoNqjt_tJpliKmTN1klKwzf0cZAVfAiA2NoP2mfGxUayHfws-nQDVlL2bxTAv3x80EyfMUxB4uQ%3D%3D&lsparams=mm%2Cmn%2Cms%2Cmv%2Cmvi%2Cpl%2Cinitcwndbps&lsig=AHylml4wRQIgPY3oO194sgQ1iz46Frg36rJDeMOQp1_qlh_NyRObUnsCIQCoJ81jbpNsMizfKz_cRimGmnwYqq_s64ZtzCgXkUxq8A%3D%3D&alr=yes&cpn=yRpCHpUpNmyEUJaq&cver=2.20191212.06.01&ir=1&rr=12&range=3527482-3670959&rn=44&rbuf=3698",1576347125.167,1576347127.15,35,1.7730000000000001,143478,0.6473908629441624,3527482.0,3670959.0,3,105.87,110.58,4.709999999999994,815355.0,75.9836441111111,,,,,,,,,,,,,,,,,,,,,
25,"https://r4---sn-4g5ednsr.googlevideo.com/videoplayback?expire=1576368627&ei=kiX1XbOiPJui1gKLj47ABg&ip=35.158.21.68&id=o-AHLumDrLtwbC2FU-jn-TRjkIlB_qBryRp1veHjTm0PxB&itag=397&aitags=133%2C134%2C135%2C136%2C137%2C160%2C242%2C243%2C244%2C247%2C248%2C278%2C394%2C395%2C396%2C397%2C398%2C399&source=youtube&requiressl=yes&mm=31%2C29&mn=sn-4g5ednsr%2Csn-4g5e6nes&ms=au%2Crdu&mv=m&mvi=0&pl=14&gcr=de&initcwndbps=365000&mime=video%2Fmp4&gir=yes&clen=22553932&dur=548.648&lmt=1570424795255410&mt=1576346926&fvip=1&keepalive=yes&fexp=23812955,23842630&c=WEB&txp=5531432&sparams=expire%2Cei%2Cip%2Cid%2Caitags%2Csource%2Crequiressl%2Cgcr%2Cmime%2Cgir%2Cclen%2Cdur%2Clmt&sig=ALgxI2wwRQIhAJ6UHZKTAXjwy2IqoNqjt_tJpliKmTN1klKwzf0cZAVfAiA2NoP2mfGxUayHfws-nQDVlL2bxTAv3x80EyfMUxB4uQ%3D%3D&lsparams=mm%2Cmn%2Cms%2Cmv%2Cmvi%2Cpl%2Cinitcwndbps&lsig=AHylml4wRQIgPY3oO194sgQ1iz46Frg36rJDeMOQp1_qlh_NyRObUnsCIQCoJ81jbpNsMizfKz_cRimGmnwYqq_s64ZtzCgXkUxq8A%3D%3D&alr=yes&cpn=yRpCHpUpNmyEUJaq&cver=2.20191212.06.01&ir=1&rr=12&range=3670960-3814437&rn=46&rbuf=5397",1576347127.154,1576347128.0800002,37,0.8300000000000001,143478,1.3829204819277108,3670960.0,3814437.0,3,110.58,113.58,3.0,1336221.0,68.27530797752812,,,,,,,,,,,,,,,,,,,,,
26,"https://r4---sn-4g5ednsr.googlevideo.com/videoplayback?expire=1576368627&ei=kiX1XbOiPJui1gKLj47ABg&ip=35.158.21.68&id=o-AHLumDrLtwbC2FU-jn-TRjkIlB_qBryRp1veHjTm0PxB&itag=397&aitags=133%2C134%2C135%2C136%2C137%2C160%2C242%2C243%2C244%2C247%2C248%2C278%2C394%2C395%2C396%2C397%2C398%2C399&source=youtube&requiressl=yes&mm=31%2C29&mn=sn-4g5ednsr%2Csn-4g5e6nes&ms=au%2Crdu&mv=m&mvi=0&pl=14&gcr=de&initcwndbps=365000&mime=video%2Fmp4&gir=yes&clen=22553932&dur=548.648&lmt=1570424795255410&mt=1576346926&fvip=1&keepalive=yes&fexp=23812955,23842630&c=WEB&txp=5531432&sparams=expire%2Cei%2Cip%2Cid%2Caitags%2Csource%2Crequiressl%2Cgcr%2Cmime%2Cgir%2Cclen%2Cdur%2Clmt&sig=ALgxI2wwRQIhAJ6UHZKTAXjwy2IqoNqjt_tJpliKmTN1klKwzf0cZAVfAiA2NoP2mfGxUayHfws-nQDVlL2bxTAv3x80EyfMUxB4uQ%3D%3D&lsparams=mm%2Cmn%2Cms%2Cmv%2Cmvi%2Cpl%2Cinitcwndbps&lsig=AHylml4wRQIgPY3oO194sgQ1iz46Frg36rJDeMOQp1_qlh_NyRObUnsCIQCoJ81jbpNsMizfKz_cRimGmnwYqq_s64ZtzCgXkUxq8A%3D%3D&alr=yes&cpn=yRpCHpUpNmyEUJaq&cver=2.20191212.06.01&ir=1&rr=12&range=3814438-4071908&rn=47&rbuf=7441",1576347127.951,1576347129.093,38,1.108,257471,1.8589963898916966,3814438.0,4071908.0,3,113.58,117.48,3.9000000000000057,1523532.0,83.19226411111113,,,,,,,,,,,,,,,,,,,,,
27,"https://r4---sn-4g5ednsr.googlevideo.com/videoplayback?expire=1576368627&ei=kiX1XbOiPJui1gKLj47ABg&ip=35.158.21.68&id=o-AHLumDrLtwbC2FU-jn-TRjkIlB_qBryRp1veHjTm0PxB&itag=397&aitags=133%2C134%2C135%2C136%2C137%2C160%2C242%2C243%2C244%2C247%2C248%2C278%2C394%2C395%2C396%2C397%2C398%2C399&source=youtube&requiressl=yes&mm=31%2C29&mn=sn-4g5ednsr%2Csn-4g5e6nes&ms=au%2Crdu&mv=m&mvi=0&pl=14&gcr=de&initcwndbps=365000&mime=video%2Fmp4&gir=yes&clen=22553932&dur=548.648&lmt=1570424795255410&mt=1576346926&fvip=1&keepalive=yes&fexp=23812955,23842630&c=WEB&txp=5531432&sparams=expire%2Cei%2Cip%2Cid%2Caitags%2Csource%2Crequiressl%2Cgcr%2Cmime%2Cgir%2Cclen%2Cdur%2Clmt&sig=ALgxI2wwRQIhAJ6UHZKTAXjwy2IqoNqjt_tJpliKmTN1klKwzf0cZAVfAiA2NoP2mfGxUayHfws-nQDVlL2bxTAv3x80EyfMUxB4uQ%3D%3D&lsparams=mm%2Cmn%2Cms%2Cmv%2Cmvi%2Cpl%2Cinitcwndbps&lsig=AHylml4wRQIgPY3oO194sgQ1iz46Frg36rJDeMOQp1_qlh_NyRObUnsCIQCoJ81jbpNsMizfKz_cRimGmnwYqq_s64ZtzCgXkUxq8A%3D%3D&alr=yes&cpn=yRpCHpUpNmyEUJaq&cver=2.20191212.06.01&ir=1&rr=12&range=4071909-4411744&rn=49&rbuf=9646",1576347129.265,1576347130.5860002,39,1.293,339836,2.1026202629543698,4071909.0,4411744.0,3,117.48,131.46,13.980000000000004,992154.0,83.77029888888889,,,,,,,,,,,,,,,,,,,,,
28,"https://r4---sn-4g5ednsr.googlevideo.com/videoplayback?expire=1576368627&ei=kiX1XbOiPJui1gKLj47ABg&ip=35.158.21.68&id=o-AHLumDrLtwbC2FU-jn-TRjkIlB_qBryRp1veHjTm0PxB&itag=397&aitags=133%2C134%2C135%2C136%2C137%2C160%2C242%2C243%2C244%2C247%2C248%2C278%2C394%2C395%2C396%2C397%2C398%2C399&source=youtube&requiressl=yes&mm=31%2C29&mn=sn-4g5ednsr%2Csn-4g5e6nes&ms=au%2Crdu&mv=m&mvi=0&pl=14&gcr=de&initcwndbps=365000&mime=video%2Fmp4&gir=yes&clen=22553932&dur=548.648&lmt=1570424795255410&mt=1576346926&fvip=1&keepalive=yes&fexp=23812955,23842630&c=WEB&txp=5531432&sparams=expire%2Cei%2Cip%2Cid%2Caitags%2Csource%2Crequiressl%2Cgcr%2Cmime%2Cgir%2Cclen%2Cdur%2Clmt&sig=ALgxI2wwRQIhAJ6UHZKTAXjwy2IqoNqjt_tJpliKmTN1klKwzf0cZAVfAiA2NoP2mfGxUayHfws-nQDVlL2bxTAv3x80EyfMUxB4uQ%3D%3D&lsparams=mm%2Cmn%2Cms%2Cmv%2Cmvi%2Cpl%2Cinitcwndbps&lsig=AHylml4wRQIgPY3oO194sgQ1iz46Frg36rJDeMOQp1_qlh_NyRObUnsCIQCoJ81jbpNsMizfKz_cRimGmnwYqq_s64ZtzCgXkUxq8A%3D%3D&alr=yes&cpn=yRpCHpUpNmyEUJaq&cver=2.20191212.06.01&ir=1&rr=12&range=4411745-5272581&rn=51&rbuf=13964",1576347130.838,1576347134.0540001,44,3.19,860837,2.158838871473354,4411745.0,5272581.0,3,131.46,160.19,28.72999999999999,1351234.0,74.77027366666668,,,,,,,,,,,,,,,,,,,,,
29,"https://r4---sn-4g5ednsr.googlevideo.com/videoplayback?expire=1576368627&ei=kiX1XbOiPJui1gKLj47ABg&ip=35.158.21.68&id=o-AHLumDrLtwbC2FU-jn-TRjkIlB_qBryRp1veHjTm0PxB&itag=398&aitags=133%2C134%2C135%2C136%2C137%2C160%2C242%2C243%2C244%2C247%2C248%2C278%2C394%2C395%2C396%2C397%2C398%2C399&source=youtube&requiressl=yes&mm=31%2C29&mn=sn-4g5ednsr%2Csn-4g5e6nes&ms=au%2Crdu&mv=m&mvi=0&pl=14&gcr=de&initcwndbps=365000&mime=video%2Fmp4&gir=yes&clen=54817015&dur=548.648&lmt=1570424752311114&mt=1576346926&fvip=1&keepalive=yes&fexp=23812955,23842630&c=WEB&txp=5531432&sparams=expire%2Cei%2Cip%2Cid%2Caitags%2Csource%2Crequiressl%2Cgcr%2Cmime%2Cgir%2Cclen%2Cdur%2Clmt&sig=ALgxI2wwRgIhALPh7mREb6svmQzPjjqqNWv1UJl5bYeRsAGrNANw8BvGAiEAxq_pd1hbIewOFFWTF8ZC0_bruhSCQsVelSN_QJJrAxc%3D&lsparams=mm%2Cmn%2Cms%2Cmv%2Cmvi%2Cpl%2Cinitcwndbps&lsig=AHylml4wRQIgPY3oO194sgQ1iz46Frg36rJDeMOQp1_qlh_NyRObUnsCIQCoJ81jbpNsMizfKz_cRimGmnwYqq_s64ZtzCgXkUxq8A%3D%3D&alr=yes&cpn=yRpCHpUpNmyEUJaq&cver=2.20191212.06.01&ir=1&rr=12&range=12969324-14677366&rn=53&rbuf=31318",1576347134.911,1576347141.41,81,6.445,1708043,2.120146470131885,12969324.0,14677366.0,4,243.51,275.51,32.0,1132883.0,85.5575331111111,,,,,,,,,,,,,,,,,,,,,
30,"https://r4---sn-4g5ednsr.googlevideo.com/videoplayback?expire=1576368627&ei=kiX1XbOiPJui1gKLj47ABg&ip=35.158.21.68&id=o-AHLumDrLtwbC2FU-jn-TRjkIlB_qBryRp1veHjTm0PxB&itag=398&aitags=133%2C134%2C135%2C136%2C137%2C160%2C242%2C243%2C244%2C247%2C248%2C278%2C394%2C395%2C396%2C397%2C398%2C399&source=youtube&requiressl=yes&mm=31%2C29&mn=sn-4g5ednsr%2Csn-4g5e6nes&ms=au%2Crdu&mv=m&mvi=0&pl=14&gcr=de&initcwndbps=365000&mime=video%2Fmp4&gir=yes&clen=54817015&dur=548.648&lmt=1570424752311114&mt=1576346926&fvip=1&keepalive=yes&fexp=23812955,23842630&c=WEB&txp=5531432&sparams=expire%2Cei%2Cip%2Cid%2Caitags%2Csource%2Crequiressl%2Cgcr%2Cmime%2Cgir%2Cclen%2Cdur%2Clmt&sig=ALgxI2wwRgIhALPh7mREb6svmQzPjjqqNWv1UJl5bYeRsAGrNANw8BvGAiEAxq_pd1hbIewOFFWTF8ZC0_bruhSCQsVelSN_QJJrAxc%3D&lsparams=mm%2Cmn%2Cms%2Cmv%2Cmvi%2Cpl%2Cinitcwndbps&lsig=AHylml4wRQIgPY3oO194sgQ1iz46Frg36rJDeMOQp1_qlh_NyRObUnsCIQCoJ81jbpNsMizfKz_cRimGmnwYqq_s64ZtzCgXkUxq8A%3D%3D&alr=yes&cpn=yRpCHpUpNmyEUJaq&cver=2.20191212.06.01&ir=1&rr=12&range=14677367-16372859&rn=55&rbuf=38584",1576347143.452,1576347149.893,92,6.392,1695493,2.1220187734668334,14677367.0,16372859.0,4,275.51,314.48,38.97000000000003,1345236.0,82.74205577777775,,,,,,,,,,,,,,,,,,,,,
31,"https://r4---sn-4g5ednsr.googlevideo.com/videoplayback?expire=1576368627&ei=kiX1XbOiPJui1gKLj47ABg&ip=35.158.21.68&id=o-AHLumDrLtwbC2FU-jn-TRjkIlB_qBryRp1veHjTm0PxB&itag=398&aitags=133%2C134%2C135%2C136%2C137%2C160%2C242%2C243%2C244%2C247%2C248%2C278%2C394%2C395%2C396%2C397%2C398%2C399&source=youtube&requiressl=yes&mm=31%2C29&mn=sn-4g5ednsr%2Csn-4g5e6nes&ms=au%2Crdu&mv=m&mvi=0&pl=14&gcr=de&initcwndbps=365000&mime=video%2Fmp4&gir=yes&clen=54817015&dur=548.648&lmt=1570424752311114&mt=1576346926&fvip=1&keepalive=yes&fexp=23812955,23842630&c=WEB&txp=5531432&sparams=expire%2Cei%2Cip%2Cid%2Caitags%2Csource%2Crequiressl%2Cgcr%2Cmime%2Cgir%2Cclen%2Cdur%2Clmt&sig=ALgxI2wwRgIhALPh7mREb6svmQzPjjqqNWv1UJl5bYeRsAGrNANw8BvGAiEAxq_pd1hbIewOFFWTF8ZC0_bruhSCQsVelSN_QJJrAxc%3D&lsparams=mm%2Cmn%2Cms%2Cmv%2Cmvi%2Cpl%2Cinitcwndbps&lsig=AHylml4wRQIgPY3oO194sgQ1iz46Frg36rJDeMOQp1_qlh_NyRObUnsCIQCoJ81jbpNsMizfKz_cRimGmnwYqq_s64ZtzCgXkUxq8A%3D%3D&alr=yes&cpn=yRpCHpUpNmyEUJaq&cver=2.20191212.06.01&ir=1&rr=12&range=16372860-18374397&rn=57&rbuf=46351",1576347151.724,1576347159.095,105,7.304,2001538,2.1922650602409637,16372860.0,18374397.0,4,314.48,354.69,40.20999999999998,1651745.0,87.27076444444441,,,,,,,,,,,,,,,,,,,,,
32,"https://r4---sn-4g5ednsr.googlevideo.com/videoplayback?expire=1576368627&ei=kiX1XbOiPJui1gKLj47ABg&ip=35.158.21.68&id=o-AHLumDrLtwbC2FU-jn-TRjkIlB_qBryRp1veHjTm0PxB&itag=398&aitags=133%2C134%2C135%2C136%2C137%2C160%2C242%2C243%2C244%2C247%2C248%2C278%2C394%2C395%2C396%2C397%2C398%2C399&source=youtube&requiressl=yes&mm=31%2C29&mn=sn-4g5ednsr%2Csn-4g5e6nes&ms=au%2Crdu&mv=m&mvi=0&pl=14&gcr=de&initcwndbps=365000&mime=video%2Fmp4&gir=yes&clen=54817015&dur=548.648&lmt=1570424752311114&mt=1576346926&fvip=1&keepalive=yes&fexp=23812955,23842630&c=WEB&txp=5531432&sparams=expire%2Cei%2Cip%2Cid%2Caitags%2Csource%2Crequiressl%2Cgcr%2Cmime%2Cgir%2Cclen%2Cdur%2Clmt&sig=ALgxI2wwRgIhALPh7mREb6svmQzPjjqqNWv1UJl5bYeRsAGrNANw8BvGAiEAxq_pd1hbIewOFFWTF8ZC0_bruhSCQsVelSN_QJJrAxc%3D&lsparams=mm%2Cmn%2Cms%2Cmv%2Cmvi%2Cpl%2Cinitcwndbps&lsig=AHylml4wRQIgPY3oO194sgQ1iz46Frg36rJDeMOQp1_qlh_NyRObUnsCIQCoJ81jbpNsMizfKz_cRimGmnwYqq_s64ZtzCgXkUxq8A%3D%3D&alr=yes&cpn=yRpCHpUpNmyEUJaq&cver=2.20191212.06.01&ir=1&rr=12&range=18374398-20223196&rn=58&rbuf=57205",1576347162.201,1576347168.722,118,6.519,1848799,2.2688130081300812,18374398.0,20223196.0,4,354.69,384.78,30.089999999999975,1601426.0,88.96949866666664,,,,,,,,,,,,,,,,,,,,,
33,"https://r4---sn-4g5ednsr.googlevideo.com/videoplayback?expire=1576368627&ei=kiX1XbOiPJui1gKLj47ABg&ip=35.158.21.68&id=o-AHLumDrLtwbC2FU-jn-TRjkIlB_qBryRp1veHjTm0PxB&itag=398&aitags=133%2C134%2C135%2C136%2C137%2C160%2C242%2C243%2C244%2C247%2C248%2C278%2C394%2C395%2C396%2C397%2C398%2C399&source=youtube&requiressl=yes&mm=31%2C29&mn=sn-4g5ednsr%2Csn-4g5e6nes&ms=au%2Crdu&mv=m&mvi=0&pl=14&gcr=de&initcwndbps=365000&mime=video%2Fmp4&gir=yes&clen=54817015&dur=548.648&lmt=1570424752311114&mt=1576346926&fvip=1&keepalive=yes&fexp=23812955,23842630&c=WEB&txp=5531432&sparams=expire%2Cei%2Cip%2Cid%2Caitags%2Csource%2Crequiressl%2Cgcr%2Cmime%2Cgir%2Cclen%2Cdur%2Clmt&sig=ALgxI2wwRgIhALPh7mREb6svmQzPjjqqNWv1UJl5bYeRsAGrNANw8BvGAiEAxq_pd1hbIewOFFWTF8ZC0_bruhSCQsVelSN_QJJrAxc%3D&lsparams=mm%2Cmn%2Cms%2Cmv%2Cmvi%2Cpl%2Cinitcwndbps&lsig=AHylml4wRQIgPY3oO194sgQ1iz46Frg36rJDeMOQp1_qlh_NyRObUnsCIQCoJ81jbpNsMizfKz_cRimGmnwYqq_s64ZtzCgXkUxq8A%3D%3D&alr=yes&cpn=yRpCHpUpNmyEUJaq&cver=2.20191212.06.01&ir=1&rr=12&range=20223197-21843358&rn=60&rbuf=65238",1576347170.147,1576347175.898,128,5.74,1620162,2.2580655052264804,20223197.0,21843358.0,4,384.78,420.85,36.07000000000005,1273746.0,88.22740622222223,,,,,,,,,,,,,,,,,,,,,
34,"https://r4---sn-4g5ednsr.googlevideo.com/videoplayback?expire=1576368627&ei=kiX1XbOiPJui1gKLj47ABg&ip=35.158.21.68&id=o-AHLumDrLtwbC2FU-jn-TRjkIlB_qBryRp1veHjTm0PxB&itag=398&aitags=133%2C134%2C135%2C136%2C137%2C160%2C242%2C243%2C244%2C247%2C248%2C278%2C394%2C395%2C396%2C397%2C398%2C399&source=youtube&requiressl=yes&mm=31%2C29&mn=sn-4g5ednsr%2Csn-4g5e6nes&ms=au%2Crdu&mv=m&mvi=0&pl=14&gcr=de&initcwndbps=365000&mime=video%2Fmp4&gir=yes&clen=54817015&dur=548.648&lmt=1570424752311114&mt=1576346926&fvip=1&keepalive=yes&fexp=23812955,23842630&c=WEB&txp=5531432&sparams=expire%2Cei%2Cip%2Cid%2Caitags%2Csource%2Crequiressl%2Cgcr%2Cmime%2Cgir%2Cclen%2Cdur%2Clmt&sig=ALgxI2wwRgIhALPh7mREb6svmQzPjjqqNWv1UJl5bYeRsAGrNANw8BvGAiEAxq_pd1hbIewOFFWTF8ZC0_bruhSCQsVelSN_QJJrAxc%3D&lsparams=mm%2Cmn%2Cms%2Cmv%2Cmvi%2Cpl%2Cinitcwndbps&lsig=AHylml4wRQIgPY3oO194sgQ1iz46Frg36rJDeMOQp1_qlh_NyRObUnsCIQCoJ81jbpNsMizfKz_cRimGmnwYqq_s64ZtzCgXkUxq8A%3D%3D&alr=yes&cpn=yRpCHpUpNmyEUJaq&cver=2.20191212.06.01&ir=1&rr=12&range=21843359-23903601&rn=61&rbuf=72542",1576347183.764,1576347191.1829998,140,7.417,2060243,2.2221847107995143,21843359.0,23903601.0,4,420.85,451.98,31.129999999999995,1608010.0,84.45191730337078,,,,,,,,,,,,,,,,,,,,,
35,"https://r4---sn-4g5ednsr.googlevideo.com/videoplayback?expire=1576368627&ei=kiX1XbOiPJui1gKLj47ABg&ip=35.158.21.68&id=o-AHLumDrLtwbC2FU-jn-TRjkIlB_qBryRp1veHjTm0PxB&itag=398&aitags=133%2C134%2C135%2C136%2C137%2C160%2C242%2C243%2C244%2C247%2C248%2C278%2C394%2C395%2C396%2C397%2C398%2C399&source=youtube&requiressl=yes&mm=31%2C29&mn=sn-4g5ednsr%2Csn-4g5e6nes&ms=au%2Crdu&mv=m&mvi=0&pl=14&gcr=de&initcwndbps=365000&mime=video%2Fmp4&gir=yes&clen=54817015&dur=548.648&lmt=1570424752311114&mt=1576346926&fvip=1&keepalive=yes&fexp=23812955,23842630&c=WEB&txp=5531432&sparams=expire%2Cei%2Cip%2Cid%2Caitags%2Csource%2Crequiressl%2Cgcr%2Cmime%2Cgir%2Cclen%2Cdur%2Clmt&sig=ALgxI2wwRgIhALPh7mREb6svmQzPjjqqNWv1UJl5bYeRsAGrNANw8BvGAiEAxq_pd1hbIewOFFWTF8ZC0_bruhSCQsVelSN_QJJrAxc%3D&lsparams=mm%2Cmn%2Cms%2Cmv%2Cmvi%2Cpl%2Cinitcwndbps&lsig=AHylml4wRQIgPY3oO194sgQ1iz46Frg36rJDeMOQp1_qlh_NyRObUnsCIQCoJ81jbpNsMizfKz_cRimGmnwYqq_s64ZtzCgXkUxq8A%3D%3D&alr=yes&cpn=yRpCHpUpNmyEUJaq&cver=2.20191212.06.01&ir=1&rr=12&range=23903602-25433494&rn=63&rbuf=72147",1576347205.45,1576347210.953,151,5.501,1529893,2.2248943828394836,23903602.0,25433494.0,4,451.98,482.18,30.19999999999999,1337054.0,87.60032855555555,,,,,,,,,,,,,,,,,,,,,
36,"https://r4---sn-4g5ednsr.googlevideo.com/videoplayback?expire=1576368627&ei=kiX1XbOiPJui1gKLj47ABg&ip=35.158.21.68&id=o-AHLumDrLtwbC2FU-jn-TRjkIlB_qBryRp1veHjTm0PxB&itag=398&aitags=133%2C134%2C135%2C136%2C137%2C160%2C242%2C243%2C244%2C247%2C248%2C278%2C394%2C395%2C396%2C397%2C398%2C399&source=youtube&requiressl=yes&mm=31%2C29&mn=sn-4g5ednsr%2Csn-4g5e6nes&ms=au%2Crdu&mv=m&mvi=0&pl=14&gcr=de&initcwndbps=365000&mime=video%2Fmp4&gir=yes&clen=54817015&dur=548.648&lmt=1570424752311114&mt=1576346926&fvip=1&keepalive=yes&fexp=23812955,23842630&c=WEB&txp=5531432&sparams=expire%2Cei%2Cip%2Cid%2Caitags%2Csource%2Crequiressl%2Cgcr%2Cmime%2Cgir%2Cclen%2Cdur%2Clmt&sig=ALgxI2wwRgIhALPh7mREb6svmQzPjjqqNWv1UJl5bYeRsAGrNANw8BvGAiEAxq_pd1hbIewOFFWTF8ZC0_bruhSCQsVelSN_QJJrAxc%3D&lsparams=mm%2Cmn%2Cms%2Cmv%2Cmvi%2Cpl%2Cinitcwndbps&lsig=AHylml4wRQIgPY3oO194sgQ1iz46Frg36rJDeMOQp1_qlh_NyRObUnsCIQCoJ81jbpNsMizfKz_cRimGmnwYqq_s64ZtzCgXkUxq8A%3D%3D&alr=yes&cpn=yRpCHpUpNmyEUJaq&cver=2.20191212.06.01&ir=1&rr=12&range=25433495-27255814&rn=64&rbuf=72663",1576347220.992,1576347227.5430002,161,6.549,1822320,2.226074209803023,25433495.0,27255814.0,4,482.18,517.32,35.14000000000004,1304167.0,84.47121644444444,,,,,,,,,,,,,,,,,,,,,
