,bandwidth_mbit,bandwidth_mbit_-1,bandwidth_mbit_-2,bandwidth_mbit_-3,bandwidth_mbit_-4,bandwidth_mbit_-5,bandwidth_mbit_-6,bandwidth_mbit_-7,bandwidth_mbit_-8,bitrate_level,body_size_byte,buffer_estimate_0,byte_end,byte_start,n_segment,previous_bitrate,previous_quality,previous_vmaf,quality_level_chosen,quality_level_chosen_-1,quality_level_chosen_-2,quality_level_chosen_-3,quality_level_chosen_-4,quality_level_chosen_-5,quality_level_chosen_-6,quality_level_chosen_-7,quality_level_chosen_-8,quality_shift,quality_shift_bitrate_-1,quality_shift_bitrate_-2,quality_shift_bitrate_0,quality_shift_bitrate_1,quality_shift_bitrate_2,quality_shift_byte_-1,quality_shift_byte_-2,quality_shift_byte_0,quality_shift_byte_1,quality_shift_byte_2,quality_shift_vmaf_-1,quality_shift_vmaf_-2,quality_shift_vmaf_0,quality_shift_vmaf_1,quality_shift_vmaf_2,rebuffer_estimate_0,seg_len_s,t_download_s,t_download_s_-1,t_download_s_-2,t_download_s_-3,t_download_s_-4,t_download_s_-5,t_download_s_-6,t_download_s_-7,t_download_s_-8,t_end,t_start,timestamp_finish,timestamp_start,url,vmaf_level,bitrate_level_encoded
0,0.3163518308795772,,,,,,,,,882848.0,104752,0.0,104751.0,0.0,0,0.0,0.0,0.0,2,,,,,,,,,-2.0,435157.0,435157.0,435157.0,563498.0,882848.0,163184.0,163184.0,163184.0,211312.0,331068.0,21.85795346666666,21.85795346666666,21.85795346666666,54.68164360000002,77.63092946666666,0.0,1.56,2.6489999999999996,,,,,,,,,1.56,0.0,1572323475.526,1572323472.8720002,https://r5---sn-4g5edns7.googlevideo.com/videoplayback?expire=1572345068&ei=jMC3XejOLqCA6dsP4-i72AY&ip=3.122.179.7&id=o-APcK-S1U27hjavwrphSNUM5R__XWHKrOFPIN--7QT2zY&itag=243&aitags=133%2C134%2C135%2C136%2C160%2C242%2C243%2C244%2C247%2C278&source=youtube&requiressl=yes&mm=31%2C26&mn=sn-4g5edns7%2Csn-25glene7&ms=au%2Conr&mv=m&mvi=4&pl=19&initcwndbps=338750&mime=video%2Fwebm&gir=yes&clen=18051540&dur=454.040&lmt=1568314523994941&mt=1572323376&fvip=5&keepalive=yes&fexp=23842630&c=WEB&txp=4535432&sparams=expire%2Cei%2Cip%2Cid%2Caitags%2Csource%2Crequiressl%2Cmime%2Cgir%2Cclen%2Cdur%2Clmt&sig=ALgxI2wwRgIhAMvh6XEmQWM1tFd-EDCuzrjPt7J0E2kyingOrmn0mQIsAiEAsx7Jw0PsFl2WRZEv1f48JZZh5mBRaDuLhDsISTThJ5k%3D&lsparams=mm%2Cmn%2Cms%2Cmv%2Cmvi%2Cpl%2Cinitcwndbps&lsig=AHylml4wRQIhAL3x5aYy1MHTSFMWNS_NgUhBeYc7JV1X48eQfI8D_JhXAiB0XIRhdIGHtwVCT4gUzrP5eGEVaxw_c0qHVhFWovoGrQ%3D%3D&alr=yes&cpn=WrBb90Sf7UZHEJrH&cver=2.20191022.06.00&range=0-104751&rn=1&rbuf=0,77.63092946666666,731886.8289473684
1,0.9365333333333332,,,,,,,,,563498.0,1756,0.0,1755.0,0.0,0,0.0,0.0,0.0,1,,,,,,,,,-1.0,435157.0,435157.0,435157.0,563498.0,882848.0,163184.0,163184.0,163184.0,211312.0,331068.0,21.85795346666666,21.85795346666666,21.85795346666666,54.68164360000002,77.63092946666666,0.4500000476837158,0.0,0.015,,,,,,,,,0.0,0.0,1572323476.032,1572323475.996,https://r5---sn-4g5edns7.googlevideo.com/videoplayback?expire=1572345068&ei=jMC3XejOLqCA6dsP4-i72AY&ip=3.122.179.7&id=o-APcK-S1U27hjavwrphSNUM5R__XWHKrOFPIN--7QT2zY&itag=242&aitags=133%2C134%2C135%2C136%2C160%2C242%2C243%2C244%2C247%2C278&source=youtube&requiressl=yes&mm=31%2C26&mn=sn-4g5edns7%2Csn-25glene7&ms=au%2Conr&mv=m&mvi=4&pl=19&initcwndbps=338750&mime=video%2Fwebm&gir=yes&clen=10342906&dur=454.040&lmt=1568314524005067&mt=1572323376&fvip=5&keepalive=yes&fexp=23842630&c=WEB&txp=4535432&sparams=expire%2Cei%2Cip%2Cid%2Caitags%2Csource%2Crequiressl%2Cmime%2Cgir%2Cclen%2Cdur%2Clmt&sig=ALgxI2wwRAIgMuQrA0_3ezDK_Nb0RkL8vUGYXSNEQI7SxokbGCBdbjYCIDCzOOc8x5cfd1BepXXJDyAa7684Y-q7NaSVdTuA0JNy&lsparams=mm%2Cmn%2Cms%2Cmv%2Cmvi%2Cpl%2Cinitcwndbps&lsig=AHylml4wRQIhAL3x5aYy1MHTSFMWNS_NgUhBeYc7JV1X48eQfI8D_JhXAiB0XIRhdIGHtwVCT4gUzrP5eGEVaxw_c0qHVhFWovoGrQ%3D%3D&alr=yes&cpn=WrBb90Sf7UZHEJrH&cver=2.20191022.06.00&range=0-1755&rn=4&rbuf=0,54.68164360000002,523233.3157894737
2,3.4090000000000003,0.9365333333333332,,,,,,,,876330.0,51135,0.0,258875.0,207741.0,1,882848.0,2.0,77.63092946666666,2,1.0,,,,,,,,0.0,544448.0,431146.0,876330.0,1320512.0,2335210.0,204168.0,161680.0,328624.0,495192.0,875704.0,56.30473066666666,24.103317999999994,77.91090733333331,90.57512440000002,100.0,1.7259998321533203,1.2400000000000002,0.12,0.015,,,,,,,,5.12,3.88,1572323477.844,1572323477.7220001,https://r5---sn-4g5edns7.googlevideo.com/videoplayback?expire=1572345068&ei=jMC3XejOLqCA6dsP4-i72AY&ip=3.122.179.7&id=o-APcK-S1U27hjavwrphSNUM5R__XWHKrOFPIN--7QT2zY&itag=243&aitags=133%2C134%2C135%2C136%2C160%2C242%2C243%2C244%2C247%2C278&source=youtube&requiressl=yes&mm=31%2C26&mn=sn-4g5edns7%2Csn-25glene7&ms=au%2Conr&mv=m&mvi=4&pl=19&initcwndbps=338750&mime=video%2Fwebm&gir=yes&clen=18051540&dur=454.040&lmt=1568314523994941&mt=1572323376&fvip=5&keepalive=yes&fexp=23842630&c=WEB&txp=4535432&sparams=expire%2Cei%2Cip%2Cid%2Caitags%2Csource%2Crequiressl%2Cmime%2Cgir%2Cclen%2Cdur%2Clmt&sig=ALgxI2wwRgIhAMvh6XEmQWM1tFd-EDCuzrjPt7J0E2kyingOrmn0mQIsAiEAsx7Jw0PsFl2WRZEv1f48JZZh5mBRaDuLhDsISTThJ5k%3D&lsparams=mm%2Cmn%2Cms%2Cmv%2Cmvi%2Cpl%2Cinitcwndbps&lsig=AHylml4wRQIhAL3x5aYy1MHTSFMWNS_NgUhBeYc7JV1X48eQfI8D_JhXAiB0XIRhdIGHtwVCT4gUzrP5eGEVaxw_c0qHVhFWovoGrQ%3D%3D&alr=yes&cpn=WrBb90Sf7UZHEJrH&cver=2.20191022.06.00&range=207741-258875&rn=5&rbuf=2229,77.91090733333331,731886.8289473684
3,0.313155454199924,,,,,,,,,882848.0,102989,,207740.0,104752.0,0,,,,2,,,,,,,,,,,,,,,,,,,,,,,,,,2.32,2.631,,,,,,,,,3.88,1.56,1572323478.256,1572323475.546,https://r5---sn-4g5edns7.googlevideo.com/videoplayback?expire=1572345068&ei=jMC3XejOLqCA6dsP4-i72AY&ip=3.122.179.7&id=o-APcK-S1U27hjavwrphSNUM5R__XWHKrOFPIN--7QT2zY&itag=243&aitags=133%2C134%2C135%2C136%2C160%2C242%2C243%2C244%2C247%2C278&source=youtube&requiressl=yes&mm=31%2C26&mn=sn-4g5edns7%2Csn-25glene7&ms=au%2Conr&mv=m&mvi=4&pl=19&initcwndbps=338750&mime=video%2Fwebm&gir=yes&clen=18051540&dur=454.040&lmt=1568314523994941&mt=1572323376&fvip=5&keepalive=yes&fexp=23842630&c=WEB&txp=4535432&sparams=expire%2Cei%2Cip%2Cid%2Caitags%2Csource%2Crequiressl%2Cmime%2Cgir%2Cclen%2Cdur%2Clmt&sig=ALgxI2wwRgIhAMvh6XEmQWM1tFd-EDCuzrjPt7J0E2kyingOrmn0mQIsAiEAsx7Jw0PsFl2WRZEv1f48JZZh5mBRaDuLhDsISTThJ5k%3D&lsparams=mm%2Cmn%2Cms%2Cmv%2Cmvi%2Cpl%2Cinitcwndbps&lsig=AHylml4wRQIhAL3x5aYy1MHTSFMWNS_NgUhBeYc7JV1X48eQfI8D_JhXAiB0XIRhdIGHtwVCT4gUzrP5eGEVaxw_c0qHVhFWovoGrQ%3D%3D&alr=yes&cpn=WrBb90Sf7UZHEJrH&cver=2.20191022.06.00&range=104752-207740&rn=3&rbuf=2051,77.63092946666666,731886.8289473684
4,2.9127111111111117,,,,,,,,,544448.0,65536,,207860.0,142325.0,1,,,,1,,,,,,,,,,,,,,,,,,,,,,,,,,2.04,0.18,,,,,,,,,7.16,5.12,1572323479.926,1572323479.744,https://r5---sn-4g5edns7.googlevideo.com/videoplayback?expire=1572345068&ei=jMC3XejOLqCA6dsP4-i72AY&ip=3.122.179.7&id=o-APcK-S1U27hjavwrphSNUM5R__XWHKrOFPIN--7QT2zY&itag=242&aitags=133%2C134%2C135%2C136%2C160%2C242%2C243%2C244%2C247%2C278&source=youtube&requiressl=yes&mm=31%2C26&mn=sn-4g5edns7%2Csn-25glene7&ms=au%2Conr&mv=m&mvi=4&pl=19&initcwndbps=338750&mime=video%2Fwebm&gir=yes&clen=10342906&dur=454.040&lmt=1568314524005067&mt=1572323376&fvip=5&keepalive=yes&fexp=23842630&c=WEB&txp=4535432&sparams=expire%2Cei%2Cip%2Cid%2Caitags%2Csource%2Crequiressl%2Cmime%2Cgir%2Cclen%2Cdur%2Clmt&sig=ALgxI2wwRAIgMuQrA0_3ezDK_Nb0RkL8vUGYXSNEQI7SxokbGCBdbjYCIDCzOOc8x5cfd1BepXXJDyAa7684Y-q7NaSVdTuA0JNy&lsparams=mm%2Cmn%2Cms%2Cmv%2Cmvi%2Cpl%2Cinitcwndbps&lsig=AHylml4wRQIhAL3x5aYy1MHTSFMWNS_NgUhBeYc7JV1X48eQfI8D_JhXAiB0XIRhdIGHtwVCT4gUzrP5eGEVaxw_c0qHVhFWovoGrQ%3D%3D&alr=yes&cpn=WrBb90Sf7UZHEJrH&cver=2.20191022.06.00&range=142325-207860&rn=7&rbuf=1248,56.30473066666666,523233.3157894737
5,3.0678309859154917,,,,,,,,,555477.0,54454,,262314.0,207861.0,2,,,,1,,,,,,,,,,,,,,,,,,,,,,,,,,2.4800000000000004,0.14200000000000002,,,,,,,,,9.64,7.16,1572323480.271,1572323479.904,https://r5---sn-4g5edns7.googlevideo.com/videoplayback?expire=1572345068&ei=jMC3XejOLqCA6dsP4-i72AY&ip=3.122.179.7&id=o-APcK-S1U27hjavwrphSNUM5R__XWHKrOFPIN--7QT2zY&itag=242&aitags=133%2C134%2C135%2C136%2C160%2C242%2C243%2C244%2C247%2C278&source=youtube&requiressl=yes&mm=31%2C26&mn=sn-4g5edns7%2Csn-25glene7&ms=au%2Conr&mv=m&mvi=4&pl=19&initcwndbps=338750&mime=video%2Fwebm&gir=yes&clen=10342906&dur=454.040&lmt=1568314524005067&mt=1572323376&fvip=5&keepalive=yes&fexp=23842630&c=WEB&txp=4535432&sparams=expire%2Cei%2Cip%2Cid%2Caitags%2Csource%2Crequiressl%2Cmime%2Cgir%2Cclen%2Cdur%2Clmt&sig=ALgxI2wwRAIgMuQrA0_3ezDK_Nb0RkL8vUGYXSNEQI7SxokbGCBdbjYCIDCzOOc8x5cfd1BepXXJDyAa7684Y-q7NaSVdTuA0JNy&lsparams=mm%2Cmn%2Cms%2Cmv%2Cmvi%2Cpl%2Cinitcwndbps&lsig=AHylml4wRQIhAL3x5aYy1MHTSFMWNS_NgUhBeYc7JV1X48eQfI8D_JhXAiB0XIRhdIGHtwVCT4gUzrP5eGEVaxw_c0qHVhFWovoGrQ%3D%3D&alr=yes&cpn=WrBb90Sf7UZHEJrH&cver=2.20191022.06.00&range=207861-262314&rn=8&rbuf=3407,52.2975144,523233.3157894737
6,3.640888888888888,,,,,,,,,534421.0,65536,,327850.0,262315.0,3,,,,1,,,,,,,,,,,,,,,,,,,,,,,,,,2.799999999999999,0.14400000000000002,,,,,,,,,12.44,9.64,1572323480.649,1572323480.4160001,https://r5---sn-4g5edns7.googlevideo.com/videoplayback?expire=1572345068&ei=jMC3XejOLqCA6dsP4-i72AY&ip=3.122.179.7&id=o-APcK-S1U27hjavwrphSNUM5R__XWHKrOFPIN--7QT2zY&itag=242&aitags=133%2C134%2C135%2C136%2C160%2C242%2C243%2C244%2C247%2C278&source=youtube&requiressl=yes&mm=31%2C26&mn=sn-4g5edns7%2Csn-25glene7&ms=au%2Conr&mv=m&mvi=4&pl=19&initcwndbps=338750&mime=video%2Fwebm&gir=yes&clen=10342906&dur=454.040&lmt=1568314524005067&mt=1572323376&fvip=5&keepalive=yes&fexp=23842630&c=WEB&txp=4535432&sparams=expire%2Cei%2Cip%2Cid%2Caitags%2Csource%2Crequiressl%2Cmime%2Cgir%2Cclen%2Cdur%2Clmt&sig=ALgxI2wwRAIgMuQrA0_3ezDK_Nb0RkL8vUGYXSNEQI7SxokbGCBdbjYCIDCzOOc8x5cfd1BepXXJDyAa7684Y-q7NaSVdTuA0JNy&lsparams=mm%2Cmn%2Cms%2Cmv%2Cmvi%2Cpl%2Cinitcwndbps&lsig=AHylml4wRQIhAL3x5aYy1MHTSFMWNS_NgUhBeYc7JV1X48eQfI8D_JhXAiB0XIRhdIGHtwVCT4gUzrP5eGEVaxw_c0qHVhFWovoGrQ%3D%3D&alr=yes&cpn=WrBb90Sf7UZHEJrH&cver=2.20191022.06.00&range=262315-327850&rn=10&rbuf=5003,62.06881200000001,523233.3157894737
7,3.613939393939393,3.0678309859154917,2.9127111111111117,0.313155454199924,3.4090000000000003,0.9365333333333332,,,,483786.0,29815,5.688999967575072,357665.0,327851.0,4,555477.0,1.0,52.2975144,1,1.0,1.0,2.0,2.0,1.0,,,,0.0,418112.0,418112.0,483786.0,560490.0,767040.0,156792.0,156792.0,181420.0,210184.0,287640.0,32.07072306666666,32.07072306666666,65.89606573333332,84.84174439999998,94.32619240000001,0.0,1.6799999999999995,0.066,0.14200000000000002,0.18,2.631,0.12,0.015,,,,14.12,12.44,1572323480.7180002,1572323480.647,https://r5---sn-4g5edns7.googlevideo.com/videoplayback?expire=1572345068&ei=jMC3XejOLqCA6dsP4-i72AY&ip=3.122.179.7&id=o-APcK-S1U27hjavwrphSNUM5R__XWHKrOFPIN--7QT2zY&itag=242&aitags=133%2C134%2C135%2C136%2C160%2C242%2C243%2C244%2C247%2C278&source=youtube&requiressl=yes&mm=31%2C26&mn=sn-4g5edns7%2Csn-25glene7&ms=au%2Conr&mv=m&mvi=4&pl=19&initcwndbps=338750&mime=video%2Fwebm&gir=yes&clen=10342906&dur=454.040&lmt=1568314524005067&mt=1572323376&fvip=5&keepalive=yes&fexp=23842630&c=WEB&txp=4535432&sparams=expire%2Cei%2Cip%2Cid%2Caitags%2Csource%2Crequiressl%2Cmime%2Cgir%2Cclen%2Cdur%2Clmt&sig=ALgxI2wwRAIgMuQrA0_3ezDK_Nb0RkL8vUGYXSNEQI7SxokbGCBdbjYCIDCzOOc8x5cfd1BepXXJDyAa7684Y-q7NaSVdTuA0JNy&lsparams=mm%2Cmn%2Cms%2Cmv%2Cmvi%2Cpl%2Cinitcwndbps&lsig=AHylml4wRQIhAL3x5aYy1MHTSFMWNS_NgUhBeYc7JV1X48eQfI8D_JhXAiB0XIRhdIGHtwVCT4gUzrP5eGEVaxw_c0qHVhFWovoGrQ%3D%3D&alr=yes&cpn=WrBb90Sf7UZHEJrH&cver=2.20191022.06.00&range=327851-357665&rn=11&rbuf=7843,65.89606573333332,523233.3157894737
8,4.8453333333333335,3.0678309859154917,2.9127111111111117,0.313155454199924,3.4090000000000003,0.9365333333333332,,,,2147712.0,1817,10.092999992370602,1816.0,0.0,0,555477.0,1.0,52.2975144,4,1.0,1.0,2.0,2.0,1.0,,,,-3.0,435157.0,435157.0,563498.0,882848.0,1302464.0,163184.0,163184.0,211312.0,331068.0,488424.0,21.85795346666666,21.85795346666666,54.68164360000002,77.63092946666666,89.48427946666666,0.0,0.0,0.003,0.14200000000000002,0.18,2.631,0.12,0.015,,,,0.0,0.0,1572323480.802,1572323480.7229998,https://r5---sn-4g5edns7.googlevideo.com/videoplayback?expire=1572345068&ei=jMC3XejOLqCA6dsP4-i72AY&ip=3.122.179.7&id=o-APcK-S1U27hjavwrphSNUM5R__XWHKrOFPIN--7QT2zY&itag=247&aitags=133%2C134%2C135%2C136%2C160%2C242%2C243%2C244%2C247%2C278&source=youtube&requiressl=yes&mm=31%2C26&mn=sn-4g5edns7%2Csn-25glene7&ms=au%2Conr&mv=m&mvi=4&pl=19&initcwndbps=338750&mime=video%2Fwebm&gir=yes&clen=45551454&dur=454.040&lmt=1568314524000209&mt=1572323376&fvip=5&keepalive=yes&fexp=23842630&c=WEB&txp=4535432&sparams=expire%2Cei%2Cip%2Cid%2Caitags%2Csource%2Crequiressl%2Cmime%2Cgir%2Cclen%2Cdur%2Clmt&sig=ALgxI2wwRgIhALT8QzLBzvSZrahhyvGP0yGyWIYdx91hwC2CBZOJIa1nAiEA6SkNxikZC0sEhBqw7B-yeeJs5GHUWGcVoByt0TeLlJQ%3D&lsparams=mm%2Cmn%2Cms%2Cmv%2Cmvi%2Cpl%2Cinitcwndbps&lsig=AHylml4wRQIhAL3x5aYy1MHTSFMWNS_NgUhBeYc7JV1X48eQfI8D_JhXAiB0XIRhdIGHtwVCT4gUzrP5eGEVaxw_c0qHVhFWovoGrQ%3D%3D&alr=yes&cpn=WrBb90Sf7UZHEJrH&cver=2.20191022.06.00&range=0-1816&rn=13&rbuf=0,100.0,1850958.480263158
9,4.8453333333333335,4.8453333333333335,3.613939393939393,3.640888888888888,3.0678309859154917,2.9127111111111117,0.313155454199924,3.4090000000000003,0.9365333333333332,2147712.0,1817,10.092999992370602,1816.0,0.0,0,483786.0,1.0,65.89606573333332,4,4.0,1.0,1.0,1.0,1.0,2.0,2.0,1.0,-3.0,435157.0,435157.0,563498.0,882848.0,1302464.0,163184.0,163184.0,211312.0,331068.0,488424.0,21.85795346666666,21.85795346666666,54.68164360000002,77.63092946666666,89.48427946666666,0.0,0.0,0.003,0.003,0.066,0.14400000000000002,0.14200000000000002,0.18,2.631,0.12,0.015,0.0,0.0,1572323480.802,1572323480.7229998,https://r5---sn-4g5edns7.googlevideo.com/videoplayback?expire=1572345068&ei=jMC3XejOLqCA6dsP4-i72AY&ip=3.122.179.7&id=o-APcK-S1U27hjavwrphSNUM5R__XWHKrOFPIN--7QT2zY&itag=247&aitags=133%2C134%2C135%2C136%2C160%2C242%2C243%2C244%2C247%2C278&source=youtube&requiressl=yes&mm=31%2C26&mn=sn-4g5edns7%2Csn-25glene7&ms=au%2Conr&mv=m&mvi=4&pl=19&initcwndbps=338750&mime=video%2Fwebm&gir=yes&clen=45551454&dur=454.040&lmt=1568314524000209&mt=1572323376&fvip=5&keepalive=yes&fexp=23842630&c=WEB&txp=4535432&sparams=expire%2Cei%2Cip%2Cid%2Caitags%2Csource%2Crequiressl%2Cmime%2Cgir%2Cclen%2Cdur%2Clmt&sig=ALgxI2wwRgIhALT8QzLBzvSZrahhyvGP0yGyWIYdx91hwC2CBZOJIa1nAiEA6SkNxikZC0sEhBqw7B-yeeJs5GHUWGcVoByt0TeLlJQ%3D&lsparams=mm%2Cmn%2Cms%2Cmv%2Cmvi%2Cpl%2Cinitcwndbps&lsig=AHylml4wRQIhAL3x5aYy1MHTSFMWNS_NgUhBeYc7JV1X48eQfI8D_JhXAiB0XIRhdIGHtwVCT4gUzrP5eGEVaxw_c0qHVhFWovoGrQ%3D%3D&alr=yes&cpn=WrBb90Sf7UZHEJrH&cver=2.20191022.06.00&range=0-1816&rn=13&rbuf=0,100.0,1850958.480263158
10,3.608057922584238,,,,,,,,,1985781.0,1619567,,4597337.0,2977771.0,7,,,,4,,,,,,,,,,,,,,,,,,,,,,,,,,15.48,3.591,,,,,,,,,39.04,23.56,1572323485.606,1572323481.8479998,https://r5---sn-4g5edns7.googlevideo.com/videoplayback?expire=1572345068&ei=jMC3XejOLqCA6dsP4-i72AY&ip=3.122.179.7&id=o-APcK-S1U27hjavwrphSNUM5R__XWHKrOFPIN--7QT2zY&itag=247&aitags=133%2C134%2C135%2C136%2C160%2C242%2C243%2C244%2C247%2C278&source=youtube&requiressl=yes&mm=31%2C26&mn=sn-4g5edns7%2Csn-25glene7&ms=au%2Conr&mv=m&mvi=4&pl=19&initcwndbps=338750&mime=video%2Fwebm&gir=yes&clen=45551454&dur=454.040&lmt=1568314524000209&mt=1572323376&fvip=5&keepalive=yes&fexp=23842630&c=WEB&txp=4535432&sparams=expire%2Cei%2Cip%2Cid%2Caitags%2Csource%2Crequiressl%2Cmime%2Cgir%2Cclen%2Cdur%2Clmt&sig=ALgxI2wwRgIhALT8QzLBzvSZrahhyvGP0yGyWIYdx91hwC2CBZOJIa1nAiEA6SkNxikZC0sEhBqw7B-yeeJs5GHUWGcVoByt0TeLlJQ%3D&lsparams=mm%2Cmn%2Cms%2Cmv%2Cmvi%2Cpl%2Cinitcwndbps&lsig=AHylml4wRQIhAL3x5aYy1MHTSFMWNS_NgUhBeYc7JV1X48eQfI8D_JhXAiB0XIRhdIGHtwVCT4gUzrP5eGEVaxw_c0qHVhFWovoGrQ%3D%3D&alr=yes&cpn=WrBb90Sf7UZHEJrH&cver=2.20191022.06.00&range=2977771-4597337&rn=14&rbuf=17684,100.0,1850958.480263158
11,3.638568951930654,,,,,,,,,2351754.0,1731504,,6328841.0,4597338.0,13,,,,4,,,,,,,,,,,,,,,,,,,,,,,,,,14.439999999999998,3.807,,,,,,,,,53.48,39.04,1572323493.925,1572323490.115,https://r5---sn-4g5edns7.googlevideo.com/videoplayback?expire=1572345068&ei=jMC3XejOLqCA6dsP4-i72AY&ip=3.122.179.7&id=o-APcK-S1U27hjavwrphSNUM5R__XWHKrOFPIN--7QT2zY&itag=247&aitags=133%2C134%2C135%2C136%2C160%2C242%2C243%2C244%2C247%2C278&source=youtube&requiressl=yes&mm=31%2C26&mn=sn-4g5edns7%2Csn-25glene7&ms=au%2Conr&mv=m&mvi=4&pl=19&initcwndbps=338750&mime=video%2Fwebm&gir=yes&clen=45551454&dur=454.040&lmt=1568314524000209&mt=1572323376&fvip=5&keepalive=yes&fexp=23842630&c=WEB&txp=4535432&sparams=expire%2Cei%2Cip%2Cid%2Caitags%2Csource%2Crequiressl%2Cmime%2Cgir%2Cclen%2Cdur%2Clmt&sig=ALgxI2wwRgIhALT8QzLBzvSZrahhyvGP0yGyWIYdx91hwC2CBZOJIa1nAiEA6SkNxikZC0sEhBqw7B-yeeJs5GHUWGcVoByt0TeLlJQ%3D&lsparams=mm%2Cmn%2Cms%2Cmv%2Cmvi%2Cpl%2Cinitcwndbps&lsig=AHylml4wRQIhAL3x5aYy1MHTSFMWNS_NgUhBeYc7JV1X48eQfI8D_JhXAiB0XIRhdIGHtwVCT4gUzrP5eGEVaxw_c0qHVhFWovoGrQ%3D%3D&alr=yes&cpn=WrBb90Sf7UZHEJrH&cver=2.20191022.06.00&range=4597338-6328841&rn=18&rbuf=24664,100.0,1850958.480263158
12,3.583636932707355,,,,,,,,,1679968.0,2003701,,8332542.0,6328842.0,17,,,,4,,,,,,,,,,,,,,,,,,,,,,,,,,20.080000000000005,4.473,,,,,,,,,73.56,53.48,1572323500.5900002,1572323496.1139998,https://r5---sn-4g5edns7.googlevideo.com/videoplayback?expire=1572345068&ei=jMC3XejOLqCA6dsP4-i72AY&ip=3.122.179.7&id=o-APcK-S1U27hjavwrphSNUM5R__XWHKrOFPIN--7QT2zY&itag=247&aitags=133%2C134%2C135%2C136%2C160%2C242%2C243%2C244%2C247%2C278&source=youtube&requiressl=yes&mm=31%2C26&mn=sn-4g5edns7%2Csn-25glene7&ms=au%2Conr&mv=m&mvi=4&pl=19&initcwndbps=338750&mime=video%2Fwebm&gir=yes&clen=45551454&dur=454.040&lmt=1568314524000209&mt=1572323376&fvip=5&keepalive=yes&fexp=23842630&c=WEB&txp=4535432&sparams=expire%2Cei%2Cip%2Cid%2Caitags%2Csource%2Crequiressl%2Cmime%2Cgir%2Cclen%2Cdur%2Clmt&sig=ALgxI2wwRgIhALT8QzLBzvSZrahhyvGP0yGyWIYdx91hwC2CBZOJIa1nAiEA6SkNxikZC0sEhBqw7B-yeeJs5GHUWGcVoByt0TeLlJQ%3D&lsparams=mm%2Cmn%2Cms%2Cmv%2Cmvi%2Cpl%2Cinitcwndbps&lsig=AHylml4wRQIhAL3x5aYy1MHTSFMWNS_NgUhBeYc7JV1X48eQfI8D_JhXAiB0XIRhdIGHtwVCT4gUzrP5eGEVaxw_c0qHVhFWovoGrQ%3D%3D&alr=yes&cpn=WrBb90Sf7UZHEJrH&cver=2.20191022.06.00&range=6328842-8332542&rn=20&rbuf=33104,100.0,1850958.480263158
13,3.6454472553699286,,,,,,,,,1881504.0,1909303,,10241845.0,8332543.0,24,,,,4,,,,,,,,,,,,,,,,,,,,,,,,,,14.480000000000004,4.19,,,,,,,,,88.04,73.56,1572323511.559,1572323507.365,https://r5---sn-4g5edns7.googlevideo.com/videoplayback?expire=1572345068&ei=jMC3XejOLqCA6dsP4-i72AY&ip=3.122.179.7&id=o-APcK-S1U27hjavwrphSNUM5R__XWHKrOFPIN--7QT2zY&itag=247&aitags=133%2C134%2C135%2C136%2C160%2C242%2C243%2C244%2C247%2C278&source=youtube&requiressl=yes&mm=31%2C26&mn=sn-4g5edns7%2Csn-25glene7&ms=au%2Conr&mv=m&mvi=4&pl=19&initcwndbps=338750&mime=video%2Fwebm&gir=yes&clen=45551454&dur=454.040&lmt=1568314524000209&mt=1572323376&fvip=5&keepalive=yes&fexp=23842630&c=WEB&txp=4535432&sparams=expire%2Cei%2Cip%2Cid%2Caitags%2Csource%2Crequiressl%2Cmime%2Cgir%2Cclen%2Cdur%2Clmt&sig=ALgxI2wwRgIhALT8QzLBzvSZrahhyvGP0yGyWIYdx91hwC2CBZOJIa1nAiEA6SkNxikZC0sEhBqw7B-yeeJs5GHUWGcVoByt0TeLlJQ%3D&lsparams=mm%2Cmn%2Cms%2Cmv%2Cmvi%2Cpl%2Cinitcwndbps&lsig=AHylml4wRQIhAL3x5aYy1MHTSFMWNS_NgUhBeYc7JV1X48eQfI8D_JhXAiB0XIRhdIGHtwVCT4gUzrP5eGEVaxw_c0qHVhFWovoGrQ%3D%3D&alr=yes&cpn=WrBb90Sf7UZHEJrH&cver=2.20191022.06.00&range=8332543-10241845&rn=22&rbuf=41934,100.0,1850958.480263158
14,3.5888717047451664,,,,,,,,,2313653.0,2042068,,12283913.0,10241846.0,29,,,,4,,,,,,,,,,,,,,,,,,,,,,,,,,15.64,4.5520000000000005,,,,,,,,,103.68,88.04,1572323518.168,1572323513.6139998,https://r5---sn-4g5edns7.googlevideo.com/videoplayback?expire=1572345068&ei=jMC3XejOLqCA6dsP4-i72AY&ip=3.122.179.7&id=o-APcK-S1U27hjavwrphSNUM5R__XWHKrOFPIN--7QT2zY&itag=247&aitags=133%2C134%2C135%2C136%2C160%2C242%2C243%2C244%2C247%2C278&source=youtube&requiressl=yes&mm=31%2C26&mn=sn-4g5edns7%2Csn-25glene7&ms=au%2Conr&mv=m&mvi=4&pl=19&initcwndbps=338750&mime=video%2Fwebm&gir=yes&clen=45551454&dur=454.040&lmt=1568314524000209&mt=1572323376&fvip=5&keepalive=yes&fexp=23842630&c=WEB&txp=4535432&sparams=expire%2Cei%2Cip%2Cid%2Caitags%2Csource%2Crequiressl%2Cmime%2Cgir%2Cclen%2Cdur%2Clmt&sig=ALgxI2wwRgIhALT8QzLBzvSZrahhyvGP0yGyWIYdx91hwC2CBZOJIa1nAiEA6SkNxikZC0sEhBqw7B-yeeJs5GHUWGcVoByt0TeLlJQ%3D&lsparams=mm%2Cmn%2Cms%2Cmv%2Cmvi%2Cpl%2Cinitcwndbps&lsig=AHylml4wRQIhAL3x5aYy1MHTSFMWNS_NgUhBeYc7JV1X48eQfI8D_JhXAiB0XIRhdIGHtwVCT4gUzrP5eGEVaxw_c0qHVhFWovoGrQ%3D%3D&alr=yes&cpn=WrBb90Sf7UZHEJrH&cver=2.20191022.06.00&range=10241846-12283913&rn=23&rbuf=50164,100.0,1850958.480263158
15,3.6591555249253385,,,,,,,,,1966229.0,1991038,,14274951.0,12283914.0,34,,,,4,,,,,,,,,,,,,,,,,,,,,,,,,,15.36,4.353,,,,,,,,,119.04,103.68,1572323526.721,1572323522.365,https://r5---sn-4g5edns7.googlevideo.com/videoplayback?expire=1572345068&ei=jMC3XejOLqCA6dsP4-i72AY&ip=3.122.179.7&id=o-APcK-S1U27hjavwrphSNUM5R__XWHKrOFPIN--7QT2zY&itag=247&aitags=133%2C134%2C135%2C136%2C160%2C242%2C243%2C244%2C247%2C278&source=youtube&requiressl=yes&mm=31%2C26&mn=sn-4g5edns7%2Csn-25glene7&ms=au%2Conr&mv=m&mvi=4&pl=19&initcwndbps=338750&mime=video%2Fwebm&gir=yes&clen=45551454&dur=454.040&lmt=1568314524000209&mt=1572323376&fvip=5&keepalive=yes&fexp=23842630&c=WEB&txp=4535432&sparams=expire%2Cei%2Cip%2Cid%2Caitags%2Csource%2Crequiressl%2Cmime%2Cgir%2Cclen%2Cdur%2Clmt&sig=ALgxI2wwRgIhALT8QzLBzvSZrahhyvGP0yGyWIYdx91hwC2CBZOJIa1nAiEA6SkNxikZC0sEhBqw7B-yeeJs5GHUWGcVoByt0TeLlJQ%3D&lsparams=mm%2Cmn%2Cms%2Cmv%2Cmvi%2Cpl%2Cinitcwndbps&lsig=AHylml4wRQIhAL3x5aYy1MHTSFMWNS_NgUhBeYc7JV1X48eQfI8D_JhXAiB0XIRhdIGHtwVCT4gUzrP5eGEVaxw_c0qHVhFWovoGrQ%3D%3D&alr=yes&cpn=WrBb90Sf7UZHEJrH&cver=2.20191022.06.00&range=12283914-14274951&rn=25&rbuf=57054,100.0,1850958.480263158
16,3.65520787207872,,,,,,,,,2405898.0,1485842,,15760793.0,14274952.0,39,,,,4,,,,,,,,,,,,,,,,,,,,,,,,,,24.32000000000001,3.252,,,,,,,,,143.36,119.04,1572323532.8690002,1572323529.6139998,https://r5---sn-4g5edns7.googlevideo.com/videoplayback?expire=1572345068&ei=jMC3XejOLqCA6dsP4-i72AY&ip=3.122.179.7&id=o-APcK-S1U27hjavwrphSNUM5R__XWHKrOFPIN--7QT2zY&itag=247&aitags=133%2C134%2C135%2C136%2C160%2C242%2C243%2C244%2C247%2C278&source=youtube&requiressl=yes&mm=31%2C26&mn=sn-4g5edns7%2Csn-25glene7&ms=au%2Conr&mv=m&mvi=4&pl=19&initcwndbps=338750&mime=video%2Fwebm&gir=yes&clen=45551454&dur=454.040&lmt=1568314524000209&mt=1572323376&fvip=5&keepalive=yes&fexp=23842630&c=WEB&txp=4535432&sparams=expire%2Cei%2Cip%2Cid%2Caitags%2Csource%2Crequiressl%2Cmime%2Cgir%2Cclen%2Cdur%2Clmt&sig=ALgxI2wwRgIhALT8QzLBzvSZrahhyvGP0yGyWIYdx91hwC2CBZOJIa1nAiEA6SkNxikZC0sEhBqw7B-yeeJs5GHUWGcVoByt0TeLlJQ%3D&lsparams=mm%2Cmn%2Cms%2Cmv%2Cmvi%2Cpl%2Cinitcwndbps&lsig=AHylml4wRQIhAL3x5aYy1MHTSFMWNS_NgUhBeYc7JV1X48eQfI8D_JhXAiB0XIRhdIGHtwVCT4gUzrP5eGEVaxw_c0qHVhFWovoGrQ%3D%3D&alr=yes&cpn=WrBb90Sf7UZHEJrH&cver=2.20191022.06.00&range=14274952-15760793&rn=26&rbuf=65164,100.0,1850958.480263158
17,3.5115109081684417,,,,,,,,,1719573.0,1730297,,17491090.0,15760794.0,47,,,,4,,,,,,,,,,,,,,,,,,,,,,,,,,15.359999999999983,3.9419999999999997,,,,,,,,,158.72,143.36,1572323546.059,1572323542.115,https://r5---sn-4g5edns7.googlevideo.com/videoplayback?expire=1572345068&ei=jMC3XejOLqCA6dsP4-i72AY&ip=3.122.179.7&id=o-APcK-S1U27hjavwrphSNUM5R__XWHKrOFPIN--7QT2zY&itag=247&aitags=133%2C134%2C135%2C136%2C160%2C242%2C243%2C244%2C247%2C278&source=youtube&requiressl=yes&mm=31%2C26&mn=sn-4g5edns7%2Csn-25glene7&ms=au%2Conr&mv=m&mvi=4&pl=19&initcwndbps=338750&mime=video%2Fwebm&gir=yes&clen=45551454&dur=454.040&lmt=1568314524000209&mt=1572323376&fvip=5&keepalive=yes&fexp=23842630&c=WEB&txp=4535432&sparams=expire%2Cei%2Cip%2Cid%2Caitags%2Csource%2Crequiressl%2Cmime%2Cgir%2Cclen%2Cdur%2Clmt&sig=ALgxI2wwRgIhALT8QzLBzvSZrahhyvGP0yGyWIYdx91hwC2CBZOJIa1nAiEA6SkNxikZC0sEhBqw7B-yeeJs5GHUWGcVoByt0TeLlJQ%3D&lsparams=mm%2Cmn%2Cms%2Cmv%2Cmvi%2Cpl%2Cinitcwndbps&lsig=AHylml4wRQIhAL3x5aYy1MHTSFMWNS_NgUhBeYc7JV1X48eQfI8D_JhXAiB0XIRhdIGHtwVCT4gUzrP5eGEVaxw_c0qHVhFWovoGrQ%3D%3D&alr=yes&cpn=WrBb90Sf7UZHEJrH&cver=2.20191022.06.00&range=15760794-17491090&rn=28&rbuf=76984,100.0,1850958.480263158
18,3.661774661056568,,,,,,,,,1526058.0,1958134,,19449224.0,17491091.0,52,,,,4,,,,,,,,,,,,,,,,,,,,,,,,,,28.319999999999997,4.2780000000000005,,,,,,,,,187.04,158.72,1572323553.6460001,1572323549.365,https://r5---sn-4g5edns7.googlevideo.com/videoplayback?expire=1572345068&ei=jMC3XejOLqCA6dsP4-i72AY&ip=3.122.179.7&id=o-APcK-S1U27hjavwrphSNUM5R__XWHKrOFPIN--7QT2zY&itag=247&aitags=133%2C134%2C135%2C136%2C160%2C242%2C243%2C244%2C247%2C278&source=youtube&requiressl=yes&mm=31%2C26&mn=sn-4g5edns7%2Csn-25glene7&ms=au%2Conr&mv=m&mvi=4&pl=19&initcwndbps=338750&mime=video%2Fwebm&gir=yes&clen=45551454&dur=454.040&lmt=1568314524000209&mt=1572323376&fvip=5&keepalive=yes&fexp=23842630&c=WEB&txp=4535432&sparams=expire%2Cei%2Cip%2Cid%2Caitags%2Csource%2Crequiressl%2Cmime%2Cgir%2Cclen%2Cdur%2Clmt&sig=ALgxI2wwRgIhALT8QzLBzvSZrahhyvGP0yGyWIYdx91hwC2CBZOJIa1nAiEA6SkNxikZC0sEhBqw7B-yeeJs5GHUWGcVoByt0TeLlJQ%3D&lsparams=mm%2Cmn%2Cms%2Cmv%2Cmvi%2Cpl%2Cinitcwndbps&lsig=AHylml4wRQIhAL3x5aYy1MHTSFMWNS_NgUhBeYc7JV1X48eQfI8D_JhXAiB0XIRhdIGHtwVCT4gUzrP5eGEVaxw_c0qHVhFWovoGrQ%3D%3D&alr=yes&cpn=WrBb90Sf7UZHEJrH&cver=2.20191022.06.00&range=17491091-19449224&rn=30&rbuf=85094,100.0,1850958.480263158
19,3.6392222222222217,,,,,,,,,2383840.0,2063439,,21512663.0,19449225.0,62,,,,4,,,,,,,,,,,,,,,,,,,,,,,,,,15.200000000000017,4.5360000000000005,,,,,,,,,202.24,187.04,1572323567.514,1572323562.975,https://r5---sn-4g5edns7.googlevideo.com/videoplayback?expire=1572345068&ei=jMC3XejOLqCA6dsP4-i72AY&ip=3.122.179.7&id=o-APcK-S1U27hjavwrphSNUM5R__XWHKrOFPIN--7QT2zY&itag=247&aitags=133%2C134%2C135%2C136%2C160%2C242%2C243%2C244%2C247%2C278&source=youtube&requiressl=yes&mm=31%2C26&mn=sn-4g5edns7%2Csn-25glene7&ms=au%2Conr&mv=m&mvi=4&pl=19&initcwndbps=338750&mime=video%2Fwebm&gir=yes&clen=45551454&dur=454.040&lmt=1568314524000209&mt=1572323376&fvip=5&keepalive=yes&fexp=23842630&c=WEB&txp=4535432&sparams=expire%2Cei%2Cip%2Cid%2Caitags%2Csource%2Crequiressl%2Cmime%2Cgir%2Cclen%2Cdur%2Clmt&sig=ALgxI2wwRgIhALT8QzLBzvSZrahhyvGP0yGyWIYdx91hwC2CBZOJIa1nAiEA6SkNxikZC0sEhBqw7B-yeeJs5GHUWGcVoByt0TeLlJQ%3D&lsparams=mm%2Cmn%2Cms%2Cmv%2Cmvi%2Cpl%2Cinitcwndbps&lsig=AHylml4wRQIhAL3x5aYy1MHTSFMWNS_NgUhBeYc7JV1X48eQfI8D_JhXAiB0XIRhdIGHtwVCT4gUzrP5eGEVaxw_c0qHVhFWovoGrQ%3D%3D&alr=yes&cpn=WrBb90Sf7UZHEJrH&cver=2.20191022.06.00&range=19449225-21512663&rn=32&rbuf=99914,100.0,1850958.480263158
20,3.650826630311293,,,,,,,,,1475424.0,2008411,,23521074.0,21512664.0,67,,,,4,,,,,,,,,,,,,,,,,,,,,,,,,,25.47999999999999,4.401,,,,,,,,,227.72,202.24,1572323575.768,1572323571.365,https://r5---sn-4g5edns7.googlevideo.com/videoplayback?expire=1572345068&ei=jMC3XejOLqCA6dsP4-i72AY&ip=3.122.179.7&id=o-APcK-S1U27hjavwrphSNUM5R__XWHKrOFPIN--7QT2zY&itag=247&aitags=133%2C134%2C135%2C136%2C160%2C242%2C243%2C244%2C247%2C278&source=youtube&requiressl=yes&mm=31%2C26&mn=sn-4g5edns7%2Csn-25glene7&ms=au%2Conr&mv=m&mvi=4&pl=19&initcwndbps=338750&mime=video%2Fwebm&gir=yes&clen=45551454&dur=454.040&lmt=1568314524000209&mt=1572323376&fvip=5&keepalive=yes&fexp=23842630&c=WEB&txp=4535432&sparams=expire%2Cei%2Cip%2Cid%2Caitags%2Csource%2Crequiressl%2Cmime%2Cgir%2Cclen%2Cdur%2Clmt&sig=ALgxI2wwRgIhALT8QzLBzvSZrahhyvGP0yGyWIYdx91hwC2CBZOJIa1nAiEA6SkNxikZC0sEhBqw7B-yeeJs5GHUWGcVoByt0TeLlJQ%3D&lsparams=mm%2Cmn%2Cms%2Cmv%2Cmvi%2Cpl%2Cinitcwndbps&lsig=AHylml4wRQIhAL3x5aYy1MHTSFMWNS_NgUhBeYc7JV1X48eQfI8D_JhXAiB0XIRhdIGHtwVCT4gUzrP5eGEVaxw_c0qHVhFWovoGrQ%3D%3D&alr=yes&cpn=WrBb90Sf7UZHEJrH&cver=2.20191022.06.00&range=21512664-23521074&rn=33&rbuf=106614,100.0,1850958.480263158
21,3.648814949863264,,,,,,,,,1588224.0,2001375,,25522449.0,23521075.0,75,,,,4,,,,,,,,,,,,,,,,,,,,,,,,,,23.64000000000001,4.388,,,,,,,,,251.36,227.72,1572323589.006,1572323584.615,https://r5---sn-4g5edns7.googlevideo.com/videoplayback?expire=1572345068&ei=jMC3XejOLqCA6dsP4-i72AY&ip=3.122.179.7&id=o-APcK-S1U27hjavwrphSNUM5R__XWHKrOFPIN--7QT2zY&itag=247&aitags=133%2C134%2C135%2C136%2C160%2C242%2C243%2C244%2C247%2C278&source=youtube&requiressl=yes&mm=31%2C26&mn=sn-4g5edns7%2Csn-25glene7&ms=au%2Conr&mv=m&mvi=4&pl=19&initcwndbps=338750&mime=video%2Fwebm&gir=yes&clen=45551454&dur=454.040&lmt=1568314524000209&mt=1572323376&fvip=5&keepalive=yes&fexp=23842630&c=WEB&txp=4535432&sparams=expire%2Cei%2Cip%2Cid%2Caitags%2Csource%2Crequiressl%2Cmime%2Cgir%2Cclen%2Cdur%2Clmt&sig=ALgxI2wwRgIhALT8QzLBzvSZrahhyvGP0yGyWIYdx91hwC2CBZOJIa1nAiEA6SkNxikZC0sEhBqw7B-yeeJs5GHUWGcVoByt0TeLlJQ%3D&lsparams=mm%2Cmn%2Cms%2Cmv%2Cmvi%2Cpl%2Cinitcwndbps&lsig=AHylml4wRQIhAL3x5aYy1MHTSFMWNS_NgUhBeYc7JV1X48eQfI8D_JhXAiB0XIRhdIGHtwVCT4gUzrP5eGEVaxw_c0qHVhFWovoGrQ%3D%3D&alr=yes&cpn=WrBb90Sf7UZHEJrH&cver=2.20191022.06.00&range=23521075-25522449&rn=35&rbuf=118844,100.0,1850958.480263158
22,3.625951068761267,,,,,,,,,3343893.0,1759946,,27282395.0,25522450.0,83,,,,4,,,,,,,,,,,,,,,,,,,,,,,,,,14.879999999999995,3.883,,,,,,,,,266.24,251.36,1572323611.2489998,1572323607.363,https://r5---sn-4g5edns7.googlevideo.com/videoplayback?expire=1572345068&ei=jMC3XejOLqCA6dsP4-i72AY&ip=3.122.179.7&id=o-APcK-S1U27hjavwrphSNUM5R__XWHKrOFPIN--7QT2zY&itag=247&aitags=133%2C134%2C135%2C136%2C160%2C242%2C243%2C244%2C247%2C278&source=youtube&requiressl=yes&mm=31%2C26&mn=sn-4g5edns7%2Csn-25glene7&ms=au%2Conr&mv=m&mvi=4&pl=19&initcwndbps=338750&mime=video%2Fwebm&gir=yes&clen=45551454&dur=454.040&lmt=1568314524000209&mt=1572323376&fvip=5&keepalive=yes&fexp=23842630&c=WEB&txp=4535432&sparams=expire%2Cei%2Cip%2Cid%2Caitags%2Csource%2Crequiressl%2Cmime%2Cgir%2Cclen%2Cdur%2Clmt&sig=ALgxI2wwRgIhALT8QzLBzvSZrahhyvGP0yGyWIYdx91hwC2CBZOJIa1nAiEA6SkNxikZC0sEhBqw7B-yeeJs5GHUWGcVoByt0TeLlJQ%3D&lsparams=mm%2Cmn%2Cms%2Cmv%2Cmvi%2Cpl%2Cinitcwndbps&lsig=AHylml4wRQIhAL3x5aYy1MHTSFMWNS_NgUhBeYc7JV1X48eQfI8D_JhXAiB0XIRhdIGHtwVCT4gUzrP5eGEVaxw_c0qHVhFWovoGrQ%3D%3D&alr=yes&cpn=WrBb90Sf7UZHEJrH&cver=2.20191022.06.00&range=25522450-27282395&rn=37&rbuf=119734,100.0,1850958.480263158
23,3.631609231458659,,,,,,,,,2294602.0,2025984,,29308379.0,27282396.0,88,,,,4,,,,,,,,,,,,,,,,,,,,,,,,,,26.24000000000001,4.463,,,,,,,,,292.48,266.24,1572323627.08,1572323622.615,https://r5---sn-4g5edns7.googlevideo.com/videoplayback?expire=1572345068&ei=jMC3XejOLqCA6dsP4-i72AY&ip=3.122.179.7&id=o-APcK-S1U27hjavwrphSNUM5R__XWHKrOFPIN--7QT2zY&itag=247&aitags=133%2C134%2C135%2C136%2C160%2C242%2C243%2C244%2C247%2C278&source=youtube&requiressl=yes&mm=31%2C26&mn=sn-4g5edns7%2Csn-25glene7&ms=au%2Conr&mv=m&mvi=4&pl=19&initcwndbps=338750&mime=video%2Fwebm&gir=yes&clen=45551454&dur=454.040&lmt=1568314524000209&mt=1572323376&fvip=5&keepalive=yes&fexp=23842630&c=WEB&txp=4535432&sparams=expire%2Cei%2Cip%2Cid%2Caitags%2Csource%2Crequiressl%2Cmime%2Cgir%2Cclen%2Cdur%2Clmt&sig=ALgxI2wwRgIhALT8QzLBzvSZrahhyvGP0yGyWIYdx91hwC2CBZOJIa1nAiEA6SkNxikZC0sEhBqw7B-yeeJs5GHUWGcVoByt0TeLlJQ%3D&lsparams=mm%2Cmn%2Cms%2Cmv%2Cmvi%2Cpl%2Cinitcwndbps&lsig=AHylml4wRQIhAL3x5aYy1MHTSFMWNS_NgUhBeYc7JV1X48eQfI8D_JhXAiB0XIRhdIGHtwVCT4gUzrP5eGEVaxw_c0qHVhFWovoGrQ%3D%3D&alr=yes&cpn=WrBb90Sf7UZHEJrH&cver=2.20191022.06.00&range=27282396-29308379&rn=38&rbuf=119365,100.0,1850958.480263158
24,3.6452262467191603,,,,,,,,,1370144.0,1736039,,31044418.0,29308380.0,97,,,,4,,,,,,,,,,,,,,,,,,,,,,,,,,15.359999999999955,3.81,,,,,,,,,307.84,292.48,1572323652.677,1572323648.8639998,https://r5---sn-4g5edns7.googlevideo.com/videoplayback?expire=1572345068&ei=jMC3XejOLqCA6dsP4-i72AY&ip=3.122.179.7&id=o-APcK-S1U27hjavwrphSNUM5R__XWHKrOFPIN--7QT2zY&itag=247&aitags=133%2C134%2C135%2C136%2C160%2C242%2C243%2C244%2C247%2C278&source=youtube&requiressl=yes&mm=31%2C26&mn=sn-4g5edns7%2Csn-25glene7&ms=au%2Conr&mv=m&mvi=4&pl=19&initcwndbps=338750&mime=video%2Fwebm&gir=yes&clen=45551454&dur=454.040&lmt=1568314524000209&mt=1572323376&fvip=5&keepalive=yes&fexp=23842630&c=WEB&txp=4535432&sparams=expire%2Cei%2Cip%2Cid%2Caitags%2Csource%2Crequiressl%2Cmime%2Cgir%2Cclen%2Cdur%2Clmt&sig=ALgxI2wwRgIhALT8QzLBzvSZrahhyvGP0yGyWIYdx91hwC2CBZOJIa1nAiEA6SkNxikZC0sEhBqw7B-yeeJs5GHUWGcVoByt0TeLlJQ%3D&lsparams=mm%2Cmn%2Cms%2Cmv%2Cmvi%2Cpl%2Cinitcwndbps&lsig=AHylml4wRQIhAL3x5aYy1MHTSFMWNS_NgUhBeYc7JV1X48eQfI8D_JhXAiB0XIRhdIGHtwVCT4gUzrP5eGEVaxw_c0qHVhFWovoGrQ%3D%3D&alr=yes&cpn=WrBb90Sf7UZHEJrH&cver=2.20191022.06.00&range=29308380-31044418&rn=40&rbuf=119354,100.0,1850958.480263158
25,3.6319059745347695,,,,,,,,,2255498.0,1390566,,32434984.0,31044419.0,102,,,,4,,,,,,,,,,,,,,,,,,,,,,,,,,10.240000000000009,3.063,,,,,,,,,318.08,307.84,1572323666.929,1572323663.8639998,https://r5---sn-4g5edns7.googlevideo.com/videoplayback?expire=1572345068&ei=jMC3XejOLqCA6dsP4-i72AY&ip=3.122.179.7&id=o-APcK-S1U27hjavwrphSNUM5R__XWHKrOFPIN--7QT2zY&itag=247&aitags=133%2C134%2C135%2C136%2C160%2C242%2C243%2C244%2C247%2C278&source=youtube&requiressl=yes&mm=31%2C26&mn=sn-4g5edns7%2Csn-25glene7&ms=au%2Conr&mv=m&mvi=4&pl=19&initcwndbps=338750&mime=video%2Fwebm&gir=yes&clen=45551454&dur=454.040&lmt=1568314524000209&mt=1572323376&fvip=5&keepalive=yes&fexp=23842630&c=WEB&txp=4535432&sparams=expire%2Cei%2Cip%2Cid%2Caitags%2Csource%2Crequiressl%2Cmime%2Cgir%2Cclen%2Cdur%2Clmt&sig=ALgxI2wwRgIhALT8QzLBzvSZrahhyvGP0yGyWIYdx91hwC2CBZOJIa1nAiEA6SkNxikZC0sEhBqw7B-yeeJs5GHUWGcVoByt0TeLlJQ%3D&lsparams=mm%2Cmn%2Cms%2Cmv%2Cmvi%2Cpl%2Cinitcwndbps&lsig=AHylml4wRQIhAL3x5aYy1MHTSFMWNS_NgUhBeYc7JV1X48eQfI8D_JhXAiB0XIRhdIGHtwVCT4gUzrP5eGEVaxw_c0qHVhFWovoGrQ%3D%3D&alr=yes&cpn=WrBb90Sf7UZHEJrH&cver=2.20191022.06.00&range=31044419-32434984&rn=42&rbuf=119714,100.0,1850958.480263158
26,3.6901675111773473,,,,,,,,,2516693.0,1547564,,33982548.0,32434985.0,106,,,,4,,,,,,,,,,,,,,,,,,,,,,,,,,10.240000000000009,3.355,,,,,,,,,328.32,318.08,1572323677.9710002,1572323674.6139998,https://r5---sn-4g5edns7.googlevideo.com/videoplayback?expire=1572345068&ei=jMC3XejOLqCA6dsP4-i72AY&ip=3.122.179.7&id=o-APcK-S1U27hjavwrphSNUM5R__XWHKrOFPIN--7QT2zY&itag=247&aitags=133%2C134%2C135%2C136%2C160%2C242%2C243%2C244%2C247%2C278&source=youtube&requiressl=yes&mm=31%2C26&mn=sn-4g5edns7%2Csn-25glene7&ms=au%2Conr&mv=m&mvi=4&pl=19&initcwndbps=338750&mime=video%2Fwebm&gir=yes&clen=45551454&dur=454.040&lmt=1568314524000209&mt=1572323376&fvip=5&keepalive=yes&fexp=23842630&c=WEB&txp=4535432&sparams=expire%2Cei%2Cip%2Cid%2Caitags%2Csource%2Crequiressl%2Cmime%2Cgir%2Cclen%2Cdur%2Clmt&sig=ALgxI2wwRgIhALT8QzLBzvSZrahhyvGP0yGyWIYdx91hwC2CBZOJIa1nAiEA6SkNxikZC0sEhBqw7B-yeeJs5GHUWGcVoByt0TeLlJQ%3D&lsparams=mm%2Cmn%2Cms%2Cmv%2Cmvi%2Cpl%2Cinitcwndbps&lsig=AHylml4wRQIhAL3x5aYy1MHTSFMWNS_NgUhBeYc7JV1X48eQfI8D_JhXAiB0XIRhdIGHtwVCT4gUzrP5eGEVaxw_c0qHVhFWovoGrQ%3D%3D&alr=yes&cpn=WrBb90Sf7UZHEJrH&cver=2.20191022.06.00&range=32434985-33982548&rn=43&rbuf=119204,100.0,1850958.480263158
27,3.673416974169741,,,,,,,,,1978261.0,1990992,,35973540.0,33982549.0,109,,,,4,,,,,,,,,,,,,,,,,,,,,,,,,,19.680000000000007,4.336,,,,,,,,,348.0,328.32,1572323688.4520001,1572323684.113,https://r5---sn-4g5edns7.googlevideo.com/videoplayback?expire=1572345068&ei=jMC3XejOLqCA6dsP4-i72AY&ip=3.122.179.7&id=o-APcK-S1U27hjavwrphSNUM5R__XWHKrOFPIN--7QT2zY&itag=247&aitags=133%2C134%2C135%2C136%2C160%2C242%2C243%2C244%2C247%2C278&source=youtube&requiressl=yes&mm=31%2C26&mn=sn-4g5edns7%2Csn-25glene7&ms=au%2Conr&mv=m&mvi=4&pl=19&initcwndbps=338750&mime=video%2Fwebm&gir=yes&clen=45551454&dur=454.040&lmt=1568314524000209&mt=1572323376&fvip=5&keepalive=yes&fexp=23842630&c=WEB&txp=4535432&sparams=expire%2Cei%2Cip%2Cid%2Caitags%2Csource%2Crequiressl%2Cmime%2Cgir%2Cclen%2Cdur%2Clmt&sig=ALgxI2wwRgIhALT8QzLBzvSZrahhyvGP0yGyWIYdx91hwC2CBZOJIa1nAiEA6SkNxikZC0sEhBqw7B-yeeJs5GHUWGcVoByt0TeLlJQ%3D&lsparams=mm%2Cmn%2Cms%2Cmv%2Cmvi%2Cpl%2Cinitcwndbps&lsig=AHylml4wRQIhAL3x5aYy1MHTSFMWNS_NgUhBeYc7JV1X48eQfI8D_JhXAiB0XIRhdIGHtwVCT4gUzrP5eGEVaxw_c0qHVhFWovoGrQ%3D%3D&alr=yes&cpn=WrBb90Sf7UZHEJrH&cver=2.20191022.06.00&range=33982549-35973540&rn=44&rbuf=119944,100.0,1850958.480263158
28,3.655549523534508,,,,,,,,,1883509.0,1582396,,37555936.0,35973541.0,115,,,,4,,,,,,,,,,,,,,,,,,,,,,,,,,15.079999999999984,3.463,,,,,,,,,363.08,348.0,1572323707.829,1572323704.3639998,https://r5---sn-4g5edns7.googlevideo.com/videoplayback?expire=1572345068&ei=jMC3XejOLqCA6dsP4-i72AY&ip=3.122.179.7&id=o-APcK-S1U27hjavwrphSNUM5R__XWHKrOFPIN--7QT2zY&itag=247&aitags=133%2C134%2C135%2C136%2C160%2C242%2C243%2C244%2C247%2C278&source=youtube&requiressl=yes&mm=31%2C26&mn=sn-4g5edns7%2Csn-25glene7&ms=au%2Conr&mv=m&mvi=4&pl=19&initcwndbps=338750&mime=video%2Fwebm&gir=yes&clen=45551454&dur=454.040&lmt=1568314524000209&mt=1572323376&fvip=5&keepalive=yes&fexp=23842630&c=WEB&txp=4535432&sparams=expire%2Cei%2Cip%2Cid%2Caitags%2Csource%2Crequiressl%2Cmime%2Cgir%2Cclen%2Cdur%2Clmt&sig=ALgxI2wwRgIhALT8QzLBzvSZrahhyvGP0yGyWIYdx91hwC2CBZOJIa1nAiEA6SkNxikZC0sEhBqw7B-yeeJs5GHUWGcVoByt0TeLlJQ%3D&lsparams=mm%2Cmn%2Cms%2Cmv%2Cmvi%2Cpl%2Cinitcwndbps&lsig=AHylml4wRQIhAL3x5aYy1MHTSFMWNS_NgUhBeYc7JV1X48eQfI8D_JhXAiB0XIRhdIGHtwVCT4gUzrP5eGEVaxw_c0qHVhFWovoGrQ%3D%3D&alr=yes&cpn=WrBb90Sf7UZHEJrH&cver=2.20191022.06.00&range=35973541-37555936&rn=46&rbuf=119374,100.0,1850958.480263158
29,3.651058193328463,,,,,,,,,1999317.0,1874362,,39430298.0,37555937.0,121,,,,4,,,,,,,,,,,,,,,,,,,,,,,,,,19.56,4.107,,,,,,,,,382.64,363.08,1572323723.974,1572323719.8639998,https://r5---sn-4g5edns7.googlevideo.com/videoplayback?expire=1572345068&ei=jMC3XejOLqCA6dsP4-i72AY&ip=3.122.179.7&id=o-APcK-S1U27hjavwrphSNUM5R__XWHKrOFPIN--7QT2zY&itag=247&aitags=133%2C134%2C135%2C136%2C160%2C242%2C243%2C244%2C247%2C278&source=youtube&requiressl=yes&mm=31%2C26&mn=sn-4g5edns7%2Csn-25glene7&ms=au%2Conr&mv=m&mvi=4&pl=19&initcwndbps=338750&mime=video%2Fwebm&gir=yes&clen=45551454&dur=454.040&lmt=1568314524000209&mt=1572323376&fvip=5&keepalive=yes&fexp=23842630&c=WEB&txp=4535432&sparams=expire%2Cei%2Cip%2Cid%2Caitags%2Csource%2Crequiressl%2Cmime%2Cgir%2Cclen%2Cdur%2Clmt&sig=ALgxI2wwRgIhALT8QzLBzvSZrahhyvGP0yGyWIYdx91hwC2CBZOJIa1nAiEA6SkNxikZC0sEhBqw7B-yeeJs5GHUWGcVoByt0TeLlJQ%3D&lsparams=mm%2Cmn%2Cms%2Cmv%2Cmvi%2Cpl%2Cinitcwndbps&lsig=AHylml4wRQIhAL3x5aYy1MHTSFMWNS_NgUhBeYc7JV1X48eQfI8D_JhXAiB0XIRhdIGHtwVCT4gUzrP5eGEVaxw_c0qHVhFWovoGrQ%3D%3D&alr=yes&cpn=WrBb90Sf7UZHEJrH&cver=2.20191022.06.00&range=37555937-39430298&rn=48&rbuf=118954,100.0,1850958.480263158
30,3.6308179648513774,,,,,,,,,1449354.0,2091805,,41522103.0,39430299.0,127,,,,4,,,,,,,,,,,,,,,,,,,,,,,,,,30.800000000000008,4.609,,,,,,,,,413.44,382.64,1572323743.224,1572323738.613,https://r5---sn-4g5edns7.googlevideo.com/videoplayback?expire=1572345068&ei=jMC3XejOLqCA6dsP4-i72AY&ip=3.122.179.7&id=o-APcK-S1U27hjavwrphSNUM5R__XWHKrOFPIN--7QT2zY&itag=247&aitags=133%2C134%2C135%2C136%2C160%2C242%2C243%2C244%2C247%2C278&source=youtube&requiressl=yes&mm=31%2C26&mn=sn-4g5edns7%2Csn-25glene7&ms=au%2Conr&mv=m&mvi=4&pl=19&initcwndbps=338750&mime=video%2Fwebm&gir=yes&clen=45551454&dur=454.040&lmt=1568314524000209&mt=1572323376&fvip=5&keepalive=yes&fexp=23842630&c=WEB&txp=4535432&sparams=expire%2Cei%2Cip%2Cid%2Caitags%2Csource%2Crequiressl%2Cmime%2Cgir%2Cclen%2Cdur%2Clmt&sig=ALgxI2wwRgIhALT8QzLBzvSZrahhyvGP0yGyWIYdx91hwC2CBZOJIa1nAiEA6SkNxikZC0sEhBqw7B-yeeJs5GHUWGcVoByt0TeLlJQ%3D&lsparams=mm%2Cmn%2Cms%2Cmv%2Cmvi%2Cpl%2Cinitcwndbps&lsig=AHylml4wRQIhAL3x5aYy1MHTSFMWNS_NgUhBeYc7JV1X48eQfI8D_JhXAiB0XIRhdIGHtwVCT4gUzrP5eGEVaxw_c0qHVhFWovoGrQ%3D%3D&alr=yes&cpn=WrBb90Sf7UZHEJrH&cver=2.20191022.06.00&range=39430299-41522103&rn=49&rbuf=119764,100.0,1850958.480263158
31,3.647851890482399,,,,,,,,,1415765.0,1748689,,43270792.0,41522104.0,137,,,,4,,,,,,,,,,,,,,,,,,,,,,,,,,21.120000000000005,3.835,,,,,,,,,434.56,413.44,1572323773.7029998,1572323769.865,https://r5---sn-4g5edns7.googlevideo.com/videoplayback?expire=1572345068&ei=jMC3XejOLqCA6dsP4-i72AY&ip=3.122.179.7&id=o-APcK-S1U27hjavwrphSNUM5R__XWHKrOFPIN--7QT2zY&itag=247&aitags=133%2C134%2C135%2C136%2C160%2C242%2C243%2C244%2C247%2C278&source=youtube&requiressl=yes&mm=31%2C26&mn=sn-4g5edns7%2Csn-25glene7&ms=au%2Conr&mv=m&mvi=4&pl=19&initcwndbps=338750&mime=video%2Fwebm&gir=yes&clen=45551454&dur=454.040&lmt=1568314524000209&mt=1572323376&fvip=5&keepalive=yes&fexp=23842630&c=WEB&txp=4535432&sparams=expire%2Cei%2Cip%2Cid%2Caitags%2Csource%2Crequiressl%2Cmime%2Cgir%2Cclen%2Cdur%2Clmt&sig=ALgxI2wwRgIhALT8QzLBzvSZrahhyvGP0yGyWIYdx91hwC2CBZOJIa1nAiEA6SkNxikZC0sEhBqw7B-yeeJs5GHUWGcVoByt0TeLlJQ%3D&lsparams=mm%2Cmn%2Cms%2Cmv%2Cmvi%2Cpl%2Cinitcwndbps&lsig=AHylml4wRQIhAL3x5aYy1MHTSFMWNS_NgUhBeYc7JV1X48eQfI8D_JhXAiB0XIRhdIGHtwVCT4gUzrP5eGEVaxw_c0qHVhFWovoGrQ%3D%3D&alr=yes&cpn=WrBb90Sf7UZHEJrH&cver=2.20191022.06.00&range=41522104-43270792&rn=51&rbuf=119314,100.0,1850958.480263158
32,3.6305750538664103,,,,,,,,,2003829.0,1895614,,45166406.0,43270793.0,144,,,,4,,,,,,,,,,,,,,,,,,,,,,,,,,15.360000000000017,4.1770000000000005,,,,,,,,,449.92,434.56,1572323795.5419998,1572323791.363,https://r5---sn-4g5edns7.googlevideo.com/videoplayback?expire=1572345068&ei=jMC3XejOLqCA6dsP4-i72AY&ip=3.122.179.7&id=o-APcK-S1U27hjavwrphSNUM5R__XWHKrOFPIN--7QT2zY&itag=247&aitags=133%2C134%2C135%2C136%2C160%2C242%2C243%2C244%2C247%2C278&source=youtube&requiressl=yes&mm=31%2C26&mn=sn-4g5edns7%2Csn-25glene7&ms=au%2Conr&mv=m&mvi=4&pl=19&initcwndbps=338750&mime=video%2Fwebm&gir=yes&clen=45551454&dur=454.040&lmt=1568314524000209&mt=1572323376&fvip=5&keepalive=yes&fexp=23842630&c=WEB&txp=4535432&sparams=expire%2Cei%2Cip%2Cid%2Caitags%2Csource%2Crequiressl%2Cmime%2Cgir%2Cclen%2Cdur%2Clmt&sig=ALgxI2wwRgIhALT8QzLBzvSZrahhyvGP0yGyWIYdx91hwC2CBZOJIa1nAiEA6SkNxikZC0sEhBqw7B-yeeJs5GHUWGcVoByt0TeLlJQ%3D&lsparams=mm%2Cmn%2Cms%2Cmv%2Cmvi%2Cpl%2Cinitcwndbps&lsig=AHylml4wRQIhAL3x5aYy1MHTSFMWNS_NgUhBeYc7JV1X48eQfI8D_JhXAiB0XIRhdIGHtwVCT4gUzrP5eGEVaxw_c0qHVhFWovoGrQ%3D%3D&alr=yes&cpn=WrBb90Sf7UZHEJrH&cver=2.20191022.06.00&range=43270793-45166406&rn=53&rbuf=118934,100.0,1850958.480263158
