,url,timestamp_start,timestamp_finish,n_segment,t_download_s,body_size_byte,bandwidth_mbit,byte_start,byte_end,quality_level_chosen,t_start,t_end,seg_len_s,bitrate_level,vmaf_level,previous_bitrate,previous_vmaf,previous_quality,quality_shift_byte_-2,quality_shift_vmaf_-2,quality_shift_bitrate_-2,quality_shift_byte_-1,quality_shift_vmaf_-1,quality_shift_bitrate_-1,quality_shift_byte_0,quality_shift_vmaf_0,quality_shift_bitrate_0,quality_shift_byte_1,quality_shift_vmaf_1,quality_shift_bitrate_1,quality_shift_byte_2,quality_shift_vmaf_2,quality_shift_bitrate_2,quality_shift,buffer_estimate_0,rebuffer_estimate_0,t_download_s_-1,quality_level_chosen_-1,bandwidth_mbit_-1,t_download_s_-2,quality_level_chosen_-2,bandwidth_mbit_-2,t_download_s_-3,quality_level_chosen_-3,bandwidth_mbit_-3,t_download_s_-4,quality_level_chosen_-4,bandwidth_mbit_-4,t_download_s_-5,quality_level_chosen_-5,bandwidth_mbit_-5,t_download_s_-6,quality_level_chosen_-6,bandwidth_mbit_-6
0,https://r1---sn-4g5e6nss.googlevideo.com/videoplayback?expire=1576369633&ei=gSn1Xa-5JISdgQfFg63wDw&ip=35.158.21.68&id=o-AOqxuq4-goiFXtnAmUxVi1FOILntSXySdd6_6HjUs3qh&itag=243&aitags=133%2C134%2C135%2C136%2C137%2C160%2C242%2C243%2C244%2C247%2C248%2C278&source=youtube&requiressl=yes&mm=31%2C26&mn=sn-4g5e6nss%2Csn-25glen7r&ms=au%2Conr&mv=m&mvi=0&pl=14&initcwndbps=212500&mime=video%2Fwebm&gir=yes&clen=16817786&dur=517.720&lmt=1569011547986723&mt=1576347921&fvip=1&keepalive=yes&fexp=23842630&c=WEB&txp=4535432&sparams=expire%2Cei%2Cip%2Cid%2Caitags%2Csource%2Crequiressl%2Cmime%2Cgir%2Cclen%2Cdur%2Clmt&sig=ALgxI2wwRQIhALFRItWp-bDi91bu-SnfiyeJdxxU36-yCPw12pT9XcDtAiBgHYK7rtrgUHFdhFUhVlj2OJhfe1nn210DXCLe1huvEw%3D%3D&lsparams=mm%2Cmn%2Cms%2Cmv%2Cmvi%2Cpl%2Cinitcwndbps&lsig=AHylml4wRAIgRr2SKJB8FfsisMcwn0Ju6cXC37O2P7xmv6gOjF88uPQCIGvZJFEDmPZtdSMTBhy02c1D8bsk8_MhO-Zvp7L_cCbP&alr=yes&cpn=oHxy46ACLG4WpYan&cver=2.20191212.06.01&range=0-102549&rn=1&rbuf=0,1576348038.037,1576348040.87,0,2.817,102550,0.2912318068867589,0.0,102549.0,2,0.0,2.24,2.24,645216.0,70.52470320000003,0.0,0.0,0.0,163560.0,11.9176536,436160.0,163560.0,11.9176536,436160.0,163560.0,11.9176536,436160.0,187060.0,48.85957573333333,498826.0,241956.0,70.52470320000003,645216.0,-2.0,0.0,0.0,,,,,,,,,,,,,,,,,,
1,https://r1---sn-4g5e6nss.googlevideo.com/videoplayback?expire=1576369633&ei=gSn1Xa-5JISdgQfFg63wDw&ip=35.158.21.68&id=o-AOqxuq4-goiFXtnAmUxVi1FOILntSXySdd6_6HjUs3qh&itag=243&aitags=133%2C134%2C135%2C136%2C137%2C160%2C242%2C243%2C244%2C247%2C248%2C278&source=youtube&requiressl=yes&mm=31%2C26&mn=sn-4g5e6nss%2Csn-25glen7r&ms=au%2Conr&mv=m&mvi=0&pl=14&initcwndbps=212500&mime=video%2Fwebm&gir=yes&clen=16817786&dur=517.720&lmt=1569011547986723&mt=1576347921&fvip=1&keepalive=yes&fexp=23842630&c=WEB&txp=4535432&sparams=expire%2Cei%2Cip%2Cid%2Caitags%2Csource%2Crequiressl%2Cmime%2Cgir%2Cclen%2Cdur%2Clmt&sig=ALgxI2wwRQIhALFRItWp-bDi91bu-SnfiyeJdxxU36-yCPw12pT9XcDtAiBgHYK7rtrgUHFdhFUhVlj2OJhfe1nn210DXCLe1huvEw%3D%3D&lsparams=mm%2Cmn%2Cms%2Cmv%2Cmvi%2Cpl%2Cinitcwndbps&lsig=AHylml4wRAIgRr2SKJB8FfsisMcwn0Ju6cXC37O2P7xmv6gOjF88uPQCIGvZJFEDmPZtdSMTBhy02c1D8bsk8_MhO-Zvp7L_cCbP&alr=yes&cpn=oHxy46ACLG4WpYan&cver=2.20191212.06.01&range=102550-203121&rn=3&rbuf=2444,1576348040.88,1576348041.6100001,0,0.664,100572,1.2117108433734938,102550.0,203121.0,2,2.24,4.64,2.3999999999999995,645216.0,70.52470320000003,0.0,0.0,0.0,163560.0,11.9176536,436160.0,163560.0,11.9176536,436160.0,163560.0,11.9176536,436160.0,187060.0,48.85957573333333,498826.0,241956.0,70.52470320000003,645216.0,-2.0,0.0,2.8430001735687256,,,,,,,,,,,,,,,,,,
2,https://r1---sn-4g5e6nss.googlevideo.com/videoplayback?expire=1576369633&ei=gSn1Xa-5JISdgQfFg63wDw&ip=35.158.21.68&id=o-AOqxuq4-goiFXtnAmUxVi1FOILntSXySdd6_6HjUs3qh&itag=243&aitags=133%2C134%2C135%2C136%2C137%2C160%2C242%2C243%2C244%2C247%2C248%2C278&source=youtube&requiressl=yes&mm=31%2C26&mn=sn-4g5e6nss%2Csn-25glen7r&ms=au%2Conr&mv=m&mvi=0&pl=14&initcwndbps=212500&mime=video%2Fwebm&gir=yes&clen=16817786&dur=517.720&lmt=1569011547986723&mt=1576347921&fvip=1&keepalive=yes&fexp=23842630&c=WEB&txp=4535432&sparams=expire%2Cei%2Cip%2Cid%2Caitags%2Csource%2Crequiressl%2Cmime%2Cgir%2Cclen%2Cdur%2Clmt&sig=ALgxI2wwRQIhALFRItWp-bDi91bu-SnfiyeJdxxU36-yCPw12pT9XcDtAiBgHYK7rtrgUHFdhFUhVlj2OJhfe1nn210DXCLe1huvEw%3D%3D&lsparams=mm%2Cmn%2Cms%2Cmv%2Cmvi%2Cpl%2Cinitcwndbps&lsig=AHylml4wRAIgRr2SKJB8FfsisMcwn0Ju6cXC37O2P7xmv6gOjF88uPQCIGvZJFEDmPZtdSMTBhy02c1D8bsk8_MhO-Zvp7L_cCbP&alr=yes&cpn=oHxy46ACLG4WpYan&cver=2.20191212.06.01&range=203122-303693&rn=5&rbuf=3971,1576348042.663,1576348043.3200002,1,0.617,100572,1.3040129659643436,203122.0,303693.0,2,4.64,6.92,2.2800000000000002,667274.0,59.34757559999999,0.0,0.0,0.0,152844.0,8.8105152,407584.0,152844.0,8.8105152,407584.0,152844.0,8.8105152,407584.0,177284.0,38.78553453333335,472757.0,250228.0,59.34757559999999,667274.0,-2.0,1.3470000267028803,0.7300000190734863,,,,,,,,,,,,,,,,,,
3,https://r1---sn-4g5e6nss.googlevideo.com/videoplayback?expire=1576369633&ei=gSn1Xa-5JISdgQfFg63wDw&ip=35.158.21.68&id=o-AOqxuq4-goiFXtnAmUxVi1FOILntSXySdd6_6HjUs3qh&itag=243&aitags=133%2C134%2C135%2C136%2C137%2C160%2C242%2C243%2C244%2C247%2C248%2C278&source=youtube&requiressl=yes&mm=31%2C26&mn=sn-4g5e6nss%2Csn-25glen7r&ms=au%2Conr&mv=m&mvi=0&pl=14&initcwndbps=212500&mime=video%2Fwebm&gir=yes&clen=16817786&dur=517.720&lmt=1569011547986723&mt=1576347921&fvip=1&keepalive=yes&fexp=23842630&c=WEB&txp=4535432&sparams=expire%2Cei%2Cip%2Cid%2Caitags%2Csource%2Crequiressl%2Cmime%2Cgir%2Cclen%2Cdur%2Clmt&sig=ALgxI2wwRQIhALFRItWp-bDi91bu-SnfiyeJdxxU36-yCPw12pT9XcDtAiBgHYK7rtrgUHFdhFUhVlj2OJhfe1nn210DXCLe1huvEw%3D%3D&lsparams=mm%2Cmn%2Cms%2Cmv%2Cmvi%2Cpl%2Cinitcwndbps&lsig=AHylml4wRAIgRr2SKJB8FfsisMcwn0Ju6cXC37O2P7xmv6gOjF88uPQCIGvZJFEDmPZtdSMTBhy02c1D8bsk8_MhO-Zvp7L_cCbP&alr=yes&cpn=oHxy46ACLG4WpYan&cver=2.20191212.06.01&range=303694-383420&rn=6&rbuf=5676,1576348043.25,1576348043.963,2,0.664,79727,0.9605662650602408,303694.0,383420.0,2,6.92,10.24,3.3200000000000003,784586.0,70.16682466666667,0.0,0.0,0.0,166380.0,11.355097466666667,443680.0,166380.0,11.355097466666667,443680.0,166380.0,11.355097466666667,443680.0,201536.0,46.27023346666667,537429.0,294220.0,70.16682466666667,784586.0,-2.0,0.7600001335144038,0.0,,,,,,,,,,,,,,,,,,
4,https://r1---sn-4g5e6nss.googlevideo.com/videoplayback?expire=1576369633&ei=gSn1Xa-5JISdgQfFg63wDw&ip=35.158.21.68&id=o-AOqxuq4-goiFXtnAmUxVi1FOILntSXySdd6_6HjUs3qh&itag=243&aitags=133%2C134%2C135%2C136%2C137%2C160%2C242%2C243%2C244%2C247%2C248%2C278&source=youtube&requiressl=yes&mm=31%2C26&mn=sn-4g5e6nss%2Csn-25glen7r&ms=au%2Conr&mv=m&mvi=0&pl=14&initcwndbps=212500&mime=video%2Fwebm&gir=yes&clen=16817786&dur=517.720&lmt=1569011547986723&mt=1576347921&fvip=1&keepalive=yes&fexp=23842630&c=WEB&txp=4535432&sparams=expire%2Cei%2Cip%2Cid%2Caitags%2Csource%2Crequiressl%2Cmime%2Cgir%2Cclen%2Cdur%2Clmt&sig=ALgxI2wwRQIhALFRItWp-bDi91bu-SnfiyeJdxxU36-yCPw12pT9XcDtAiBgHYK7rtrgUHFdhFUhVlj2OJhfe1nn210DXCLe1huvEw%3D%3D&lsparams=mm%2Cmn%2Cms%2Cmv%2Cmvi%2Cpl%2Cinitcwndbps&lsig=AHylml4wRAIgRr2SKJB8FfsisMcwn0Ju6cXC37O2P7xmv6gOjF88uPQCIGvZJFEDmPZtdSMTBhy02c1D8bsk8_MhO-Zvp7L_cCbP&alr=yes&cpn=oHxy46ACLG4WpYan&cver=2.20191212.06.01&range=383421-523794&rn=8&rbuf=7057,1576348044.195,1576348045.121,3,0.892,140374,1.2589596412556054,383421.0,523794.0,2,10.24,15.36,5.119999999999999,897386.0,65.23915479999998,0.0,0.0,0.0,203792.0,0.0,543445.0,203792.0,0.0,543445.0,203792.0,0.0,543445.0,299108.0,37.503107733333344,797621.0,336520.0,65.23915479999998,897386.0,-2.0,5.4150002002716064,0.0,,,,,,,,,,,,,,,,,,
5,https://r1---sn-4g5e6nss.googlevideo.com/videoplayback?expire=1576369633&ei=gSn1Xa-5JISdgQfFg63wDw&ip=35.158.21.68&id=o-AOqxuq4-goiFXtnAmUxVi1FOILntSXySdd6_6HjUs3qh&itag=244&aitags=133%2C134%2C135%2C136%2C137%2C160%2C242%2C243%2C244%2C247%2C248%2C278&source=youtube&requiressl=yes&mm=31%2C26&mn=sn-4g5e6nss%2Csn-25glen7r&ms=au%2Conr&mv=m&mvi=0&pl=14&initcwndbps=212500&mime=video%2Fwebm&gir=yes&clen=25193883&dur=517.720&lmt=1569011547979207&mt=1576347921&fvip=1&keepalive=yes&fexp=23842630&c=WEB&txp=4535432&sparams=expire%2Cei%2Cip%2Cid%2Caitags%2Csource%2Crequiressl%2Cmime%2Cgir%2Cclen%2Cdur%2Clmt&sig=ALgxI2wwRAIgBycSq3SenB4-plQEaxzRKzQCKNpN1tvMhpp7lZlBMOMCIHlRzFPe1UhWJV5Ztb1y_W_NhO5kNXRJxUkX0-g3s3Vb&lsparams=mm%2Cmn%2Cms%2Cmv%2Cmvi%2Cpl%2Cinitcwndbps&lsig=AHylml4wRAIgRr2SKJB8FfsisMcwn0Ju6cXC37O2P7xmv6gOjF88uPQCIGvZJFEDmPZtdSMTBhy02c1D8bsk8_MhO-Zvp7L_cCbP&alr=yes&cpn=oHxy46ACLG4WpYan&cver=2.20191212.06.01&range=0-2008&rn=10&rbuf=0,1576348046.387,1576348046.446,0,0.012,2009,1.3393333333333333,0.0,2008.0,3,0.0,0.0,0.0,907413.0,81.00235440000002,0.0,0.0,0.0,163560.0,11.9176536,436160.0,163560.0,11.9176536,436160.0,163560.0,11.9176536,436160.0,187060.0,48.85957573333333,498826.0,241956.0,70.52470320000003,645216.0,-3.0,8.343000049591064,0.0,,,,,,,,,,,,,,,,,,
6,https://r1---sn-4g5e6nss.googlevideo.com/videoplayback?expire=1576369633&ei=gSn1Xa-5JISdgQfFg63wDw&ip=35.158.21.68&id=o-AOqxuq4-goiFXtnAmUxVi1FOILntSXySdd6_6HjUs3qh&itag=243&aitags=133%2C134%2C135%2C136%2C137%2C160%2C242%2C243%2C244%2C247%2C248%2C278&source=youtube&requiressl=yes&mm=31%2C26&mn=sn-4g5e6nss%2Csn-25glen7r&ms=au%2Conr&mv=m&mvi=0&pl=14&initcwndbps=212500&mime=video%2Fwebm&gir=yes&clen=16817786&dur=517.720&lmt=1569011547986723&mt=1576347921&fvip=1&keepalive=yes&fexp=23842630&c=WEB&txp=4535432&sparams=expire%2Cei%2Cip%2Cid%2Caitags%2Csource%2Crequiressl%2Cmime%2Cgir%2Cclen%2Cdur%2Clmt&sig=ALgxI2wwRQIhALFRItWp-bDi91bu-SnfiyeJdxxU36-yCPw12pT9XcDtAiBgHYK7rtrgUHFdhFUhVlj2OJhfe1nn210DXCLe1huvEw%3D%3D&lsparams=mm%2Cmn%2Cms%2Cmv%2Cmvi%2Cpl%2Cinitcwndbps&lsig=AHylml4wRAIgRr2SKJB8FfsisMcwn0Ju6cXC37O2P7xmv6gOjF88uPQCIGvZJFEDmPZtdSMTBhy02c1D8bsk8_MhO-Zvp7L_cCbP&alr=yes&cpn=oHxy46ACLG4WpYan&cver=2.20191212.06.01&range=523795-696034&rn=11&rbuf=10893,1576348046.388,1576348049.556,5,3.115,172240,0.44234991974317817,523795.0,696034.0,2,15.36,19.56,4.199999999999999,698357.0,63.13112773333334,,,,,,,,,,,,,,,,,,,,,,,,,,,,,,,,,,,,,,,
7,https://r1---sn-4g5e6nss.googlevideo.com/videoplayback?expire=1576369633&ei=gSn1Xa-5JISdgQfFg63wDw&ip=35.158.21.68&id=o-AOqxuq4-goiFXtnAmUxVi1FOILntSXySdd6_6HjUs3qh&itag=244&aitags=133%2C134%2C135%2C136%2C137%2C160%2C242%2C243%2C244%2C247%2C248%2C278&source=youtube&requiressl=yes&mm=31%2C26&mn=sn-4g5e6nss%2Csn-25glen7r&ms=au%2Conr&mv=m&mvi=0&pl=14&initcwndbps=212500&mime=video%2Fwebm&gir=yes&clen=25193883&dur=517.720&lmt=1569011547979207&mt=1576347921&fvip=1&keepalive=yes&fexp=23842630&c=WEB&txp=4535432&sparams=expire%2Cei%2Cip%2Cid%2Caitags%2Csource%2Crequiressl%2Cmime%2Cgir%2Cclen%2Cdur%2Clmt&sig=ALgxI2wwRAIgBycSq3SenB4-plQEaxzRKzQCKNpN1tvMhpp7lZlBMOMCIHlRzFPe1UhWJV5Ztb1y_W_NhO5kNXRJxUkX0-g3s3Vb&lsparams=mm%2Cmn%2Cms%2Cmv%2Cmvi%2Cpl%2Cinitcwndbps&lsig=AHylml4wRAIgRr2SKJB8FfsisMcwn0Ju6cXC37O2P7xmv6gOjF88uPQCIGvZJFEDmPZtdSMTBhy02c1D8bsk8_MhO-Zvp7L_cCbP&alr=yes&cpn=oHxy46ACLG4WpYan&cver=2.20191212.06.01&range=1014004-1501019&rn=12&rbuf=11642,1576348048.957,1576348063.986,6,14.974,487016,0.26019286763723787,1014004.0,1501019.0,3,19.56,30.2,10.64,784586.0,72.79112426666666,,,,,,,,,,,,,,,,,,,,,,,,,,,,,,,,,,,,,,,
8,https://r1---sn-4g5e6nss.googlevideo.com/videoplayback?expire=1576369633&ei=gSn1Xa-5JISdgQfFg63wDw&ip=35.158.21.68&id=o-AOqxuq4-goiFXtnAmUxVi1FOILntSXySdd6_6HjUs3qh&itag=242&aitags=133%2C134%2C135%2C136%2C137%2C160%2C242%2C243%2C244%2C247%2C248%2C278&source=youtube&requiressl=yes&mm=31%2C26&mn=sn-4g5e6nss%2Csn-25glen7r&ms=au%2Conr&mv=m&mvi=0&pl=14&initcwndbps=212500&mime=video%2Fwebm&gir=yes&clen=9500730&dur=517.720&lmt=1569011547987469&mt=1576347921&fvip=1&keepalive=yes&fexp=23842630&c=WEB&txp=4535432&sparams=expire%2Cei%2Cip%2Cid%2Caitags%2Csource%2Crequiressl%2Cmime%2Cgir%2Cclen%2Cdur%2Clmt&sig=ALgxI2wwRgIhANvdoIjjejNqSyjnEwCDJV6o99qG5rstfLYEJVvHXT0OAiEAzqx8ffAnhwGoPD97mbS-Ca6AE4-UZi1sN6TmM-vkjEE%3D&lsparams=mm%2Cmn%2Cms%2Cmv%2Cmvi%2Cpl%2Cinitcwndbps&lsig=AHylml4wRAIgRr2SKJB8FfsisMcwn0Ju6cXC37O2P7xmv6gOjF88uPQCIGvZJFEDmPZtdSMTBhy02c1D8bsk8_MhO-Zvp7L_cCbP&alr=yes&cpn=oHxy46ACLG4WpYan&cver=2.20191212.06.01&range=0-1976&rn=14&rbuf=0,1576348063.991,1576348064.2359998,0,0.051000000000000004,1977,0.3101176470588235,0.0,1976.0,1,0.0,0.0,0.0,498826.0,48.85957573333333,698357.0,63.13112773333334,2.0,163560.0,11.9176536,436160.0,187060.0,48.85957573333333,498826.0,241956.0,70.52470320000003,645216.0,340280.0,81.00235440000002,907413.0,637884.0,90.41417079999998,1701024.0,1.0,10.635000123977662,5.0559999275207534,3.115,2.0,0.44234991974317817,0.012,3.0,1.3393333333333333,0.892,2.0,1.2589596412556054,0.664,2.0,0.9605662650602408,0.617,2.0,1.3040129659643436,0.664,2.0,1.2117108433734938
9,https://r1---sn-4g5e6nss.googlevideo.com/videoplayback?expire=1576369633&ei=gSn1Xa-5JISdgQfFg63wDw&ip=35.158.21.68&id=o-AOqxuq4-goiFXtnAmUxVi1FOILntSXySdd6_6HjUs3qh&itag=278&aitags=133%2C134%2C135%2C136%2C137%2C160%2C242%2C243%2C244%2C247%2C248%2C278&source=youtube&requiressl=yes&mm=31%2C26&mn=sn-4g5e6nss%2Csn-25glen7r&ms=au%2Conr&mv=m&mvi=0&pl=14&initcwndbps=212500&mime=video%2Fwebm&gir=yes&clen=6645158&dur=517.720&lmt=1569011547994912&mt=1576347921&fvip=1&keepalive=yes&fexp=23842630&c=WEB&txp=4535432&sparams=expire%2Cei%2Cip%2Cid%2Caitags%2Csource%2Crequiressl%2Cmime%2Cgir%2Cclen%2Cdur%2Clmt&sig=ALgxI2wwRAIgbG12OOm6pihBt9atbetaHrsmIdiLMF2vdOCFRgiFWKECIGNTXIusWPm1V_CRf43LT579E0Orc5XGggRFAAWNtGHw&lsparams=mm%2Cmn%2Cms%2Cmv%2Cmvi%2Cpl%2Cinitcwndbps&lsig=AHylml4wRAIgRr2SKJB8FfsisMcwn0Ju6cXC37O2P7xmv6gOjF88uPQCIGvZJFEDmPZtdSMTBhy02c1D8bsk8_MhO-Zvp7L_cCbP&alr=yes&cpn=oHxy46ACLG4WpYan&cver=2.20191212.06.01&range=0-1975&rn=16&rbuf=0,1576348064.241,1576348064.33,0,0.014,1976,1.129142857142857,0.0,1975.0,0,0.0,0.0,0.0,436160.0,11.9176536,698357.0,63.13112773333334,2.0,163560.0,11.9176536,436160.0,187060.0,48.85957573333333,498826.0,241956.0,70.52470320000003,645216.0,340280.0,81.00235440000002,907413.0,637884.0,90.41417079999998,1701024.0,2.0,10.385000123977662,0.0,3.115,2.0,0.44234991974317817,0.012,3.0,1.3393333333333333,0.892,2.0,1.2589596412556054,0.664,2.0,0.9605662650602408,0.617,2.0,1.3040129659643436,0.664,2.0,1.2117108433734938
10,https://r1---sn-4g5e6nss.googlevideo.com/videoplayback?expire=1576369633&ei=gSn1Xa-5JISdgQfFg63wDw&ip=35.158.21.68&id=o-AOqxuq4-goiFXtnAmUxVi1FOILntSXySdd6_6HjUs3qh&itag=278&aitags=133%2C134%2C135%2C136%2C137%2C160%2C242%2C243%2C244%2C247%2C248%2C278&source=youtube&requiressl=yes&mm=31%2C26&mn=sn-4g5e6nss%2Csn-25glen7r&ms=au%2Conr&mv=m&mvi=0&pl=14&initcwndbps=212500&mime=video%2Fwebm&gir=yes&clen=6645158&dur=517.720&lmt=1569011547994912&mt=1576347921&fvip=1&keepalive=yes&fexp=23842630&c=WEB&txp=4535432&sparams=expire%2Cei%2Cip%2Cid%2Caitags%2Csource%2Crequiressl%2Cmime%2Cgir%2Cclen%2Cdur%2Clmt&sig=ALgxI2wwRAIgbG12OOm6pihBt9atbetaHrsmIdiLMF2vdOCFRgiFWKECIGNTXIusWPm1V_CRf43LT579E0Orc5XGggRFAAWNtGHw&lsparams=mm%2Cmn%2Cms%2Cmv%2Cmvi%2Cpl%2Cinitcwndbps&lsig=AHylml4wRAIgRr2SKJB8FfsisMcwn0Ju6cXC37O2P7xmv6gOjF88uPQCIGvZJFEDmPZtdSMTBhy02c1D8bsk8_MhO-Zvp7L_cCbP&alr=yes&cpn=oHxy46ACLG4WpYan&cver=2.20191212.06.01&range=404008-578060&rn=19&rbuf=11625,1576348067.025,1576348069.788,10,2.735,174053,0.5091129798903108,404008.0,578060.0,0,30.2,44.72,14.52,406080.0,6.389680400000002,,,,,,,,,,,,,,,,,,,,,,,,,,,,,,,,,,,,,,,
11,https://r1---sn-4g5e6nss.googlevideo.com/videoplayback?expire=1576369633&ei=gSn1Xa-5JISdgQfFg63wDw&ip=35.158.21.68&id=o-AOqxuq4-goiFXtnAmUxVi1FOILntSXySdd6_6HjUs3qh&itag=278&aitags=133%2C134%2C135%2C136%2C137%2C160%2C242%2C243%2C244%2C247%2C248%2C278&source=youtube&requiressl=yes&mm=31%2C26&mn=sn-4g5e6nss%2Csn-25glen7r&ms=au%2Conr&mv=m&mvi=0&pl=14&initcwndbps=212500&mime=video%2Fwebm&gir=yes&clen=6645158&dur=517.720&lmt=1569011547994912&mt=1576347921&fvip=1&keepalive=yes&fexp=23842630&c=WEB&txp=4535432&sparams=expire%2Cei%2Cip%2Cid%2Caitags%2Csource%2Crequiressl%2Cmime%2Cgir%2Cclen%2Cdur%2Clmt&sig=ALgxI2wwRAIgbG12OOm6pihBt9atbetaHrsmIdiLMF2vdOCFRgiFWKECIGNTXIusWPm1V_CRf43LT579E0Orc5XGggRFAAWNtGHw&lsparams=mm%2Cmn%2Cms%2Cmv%2Cmvi%2Cpl%2Cinitcwndbps&lsig=AHylml4wRAIgRr2SKJB8FfsisMcwn0Ju6cXC37O2P7xmv6gOjF88uPQCIGvZJFEDmPZtdSMTBhy02c1D8bsk8_MhO-Zvp7L_cCbP&alr=yes&cpn=oHxy46ACLG4WpYan&cver=2.20191212.06.01&range=578061-944013&rn=21&rbuf=22395,1576348070.745,1576348074.034,14,3.137,365953,0.9332559770481351,578061.0,944013.0,0,44.72,73.6,28.879999999999995,455210.0,7.075430266666667,,,,,,,,,,,,,,,,,,,,,,,,,,,,,,,,,,,,,,,
12,https://r1---sn-4g5e6nss.googlevideo.com/videoplayback?expire=1576369633&ei=gSn1Xa-5JISdgQfFg63wDw&ip=35.158.21.68&id=o-AOqxuq4-goiFXtnAmUxVi1FOILntSXySdd6_6HjUs3qh&itag=242&aitags=133%2C134%2C135%2C136%2C137%2C160%2C242%2C243%2C244%2C247%2C248%2C278&source=youtube&requiressl=yes&mm=31%2C26&mn=sn-4g5e6nss%2Csn-25glen7r&ms=au%2Conr&mv=m&mvi=0&pl=14&initcwndbps=212500&mime=video%2Fwebm&gir=yes&clen=9500730&dur=517.720&lmt=1569011547987469&mt=1576347921&fvip=1&keepalive=yes&fexp=23842630&c=WEB&txp=4535432&sparams=expire%2Cei%2Cip%2Cid%2Caitags%2Csource%2Crequiressl%2Cmime%2Cgir%2Cclen%2Cdur%2Clmt&sig=ALgxI2wwRgIhANvdoIjjejNqSyjnEwCDJV6o99qG5rstfLYEJVvHXT0OAiEAzqx8ffAnhwGoPD97mbS-Ca6AE4-UZi1sN6TmM-vkjEE%3D&lsparams=mm%2Cmn%2Cms%2Cmv%2Cmvi%2Cpl%2Cinitcwndbps&lsig=AHylml4wRAIgRr2SKJB8FfsisMcwn0Ju6cXC37O2P7xmv6gOjF88uPQCIGvZJFEDmPZtdSMTBhy02c1D8bsk8_MhO-Zvp7L_cCbP&alr=yes&cpn=oHxy46ACLG4WpYan&cver=2.20191212.06.01&range=1466950-2318508&rn=23&rbuf=45275,1576348076.599,1576348085.284,24,8.553,851559,0.7965008768853032,1466950.0,2318508.0,1,73.6,126.84,53.24000000000001,444181.0,40.72889199999997,,,,,,,,,,,,,,,,,,,,,,,,,,,,,,,,,,,,,,,
13,https://r1---sn-4g5e6nss.googlevideo.com/videoplayback?expire=1576369633&ei=gSn1Xa-5JISdgQfFg63wDw&ip=35.158.21.68&id=o-AOqxuq4-goiFXtnAmUxVi1FOILntSXySdd6_6HjUs3qh&itag=242&aitags=133%2C134%2C135%2C136%2C137%2C160%2C242%2C243%2C244%2C247%2C248%2C278&source=youtube&requiressl=yes&mm=31%2C26&mn=sn-4g5e6nss%2Csn-25glen7r&ms=au%2Conr&mv=m&mvi=0&pl=14&initcwndbps=212500&mime=video%2Fwebm&gir=yes&clen=9500730&dur=517.720&lmt=1569011547987469&mt=1576347921&fvip=1&keepalive=yes&fexp=23842630&c=WEB&txp=4535432&sparams=expire%2Cei%2Cip%2Cid%2Caitags%2Csource%2Crequiressl%2Cmime%2Cgir%2Cclen%2Cdur%2Clmt&sig=ALgxI2wwRgIhANvdoIjjejNqSyjnEwCDJV6o99qG5rstfLYEJVvHXT0OAiEAzqx8ffAnhwGoPD97mbS-Ca6AE4-UZi1sN6TmM-vkjEE%3D&lsparams=mm%2Cmn%2Cms%2Cmv%2Cmvi%2Cpl%2Cinitcwndbps&lsig=AHylml4wRAIgRr2SKJB8FfsisMcwn0Ju6cXC37O2P7xmv6gOjF88uPQCIGvZJFEDmPZtdSMTBhy02c1D8bsk8_MhO-Zvp7L_cCbP&alr=yes&cpn=oHxy46ACLG4WpYan&cver=2.20191212.06.01&range=2318509-3125222&rn=26&rbuf=69265,1576348106.031,1576348118.9589999,42,12.88,806714,0.5010645962732918,2318509.0,3125222.0,1,126.84,167.24,40.400000000000006,550464.0,37.68835066666668,,,,,,,,,,,,,,,,,,,,,,,,,,,,,,,,,,,,,,,
14,https://r1---sn-4g5e6nss.googlevideo.com/videoplayback?expire=1576369633&ei=gSn1Xa-5JISdgQfFg63wDw&ip=35.158.21.68&id=o-AOqxuq4-goiFXtnAmUxVi1FOILntSXySdd6_6HjUs3qh&itag=242&aitags=133%2C134%2C135%2C136%2C137%2C160%2C242%2C243%2C244%2C247%2C248%2C278&source=youtube&requiressl=yes&mm=31%2C26&mn=sn-4g5e6nss%2Csn-25glen7r&ms=au%2Conr&mv=m&mvi=0&pl=14&initcwndbps=212500&mime=video%2Fwebm&gir=yes&clen=9500730&dur=517.720&lmt=1569011547987469&mt=1576347921&fvip=1&keepalive=yes&fexp=23842630&c=WEB&txp=4535432&sparams=expire%2Cei%2Cip%2Cid%2Caitags%2Csource%2Crequiressl%2Cmime%2Cgir%2Cclen%2Cdur%2Clmt&sig=ALgxI2wwRgIhANvdoIjjejNqSyjnEwCDJV6o99qG5rstfLYEJVvHXT0OAiEAzqx8ffAnhwGoPD97mbS-Ca6AE4-UZi1sN6TmM-vkjEE%3D&lsparams=mm%2Cmn%2Cms%2Cmv%2Cmvi%2Cpl%2Cinitcwndbps&lsig=AHylml4wRAIgRr2SKJB8FfsisMcwn0Ju6cXC37O2P7xmv6gOjF88uPQCIGvZJFEDmPZtdSMTBhy02c1D8bsk8_MhO-Zvp7L_cCbP&alr=yes&cpn=oHxy46ACLG4WpYan&cver=2.20191212.06.01&range=3125223-3973926&rn=28&rbuf=91915,1576348123.768,1576348132.2859998,55,8.494,848704,0.7993444784553803,3125223.0,3973926.0,1,167.24,213.76,46.51999999999998,531914.0,38.00950000000001,,,,,,,,,,,,,,,,,,,,,,,,,,,,,,,,,,,,,,,
15,https://r1---sn-4g5e6nss.googlevideo.com/videoplayback?expire=1576369633&ei=gSn1Xa-5JISdgQfFg63wDw&ip=35.158.21.68&id=o-AOqxuq4-goiFXtnAmUxVi1FOILntSXySdd6_6HjUs3qh&itag=242&aitags=133%2C134%2C135%2C136%2C137%2C160%2C242%2C243%2C244%2C247%2C248%2C278&source=youtube&requiressl=yes&mm=31%2C26&mn=sn-4g5e6nss%2Csn-25glen7r&ms=au%2Conr&mv=m&mvi=0&pl=14&initcwndbps=212500&mime=video%2Fwebm&gir=yes&clen=9500730&dur=517.720&lmt=1569011547987469&mt=1576347921&fvip=1&keepalive=yes&fexp=23842630&c=WEB&txp=4535432&sparams=expire%2Cei%2Cip%2Cid%2Caitags%2Csource%2Crequiressl%2Cmime%2Cgir%2Cclen%2Cdur%2Clmt&sig=ALgxI2wwRgIhANvdoIjjejNqSyjnEwCDJV6o99qG5rstfLYEJVvHXT0OAiEAzqx8ffAnhwGoPD97mbS-Ca6AE4-UZi1sN6TmM-vkjEE%3D&lsparams=mm%2Cmn%2Cms%2Cmv%2Cmvi%2Cpl%2Cinitcwndbps&lsig=AHylml4wRAIgRr2SKJB8FfsisMcwn0Ju6cXC37O2P7xmv6gOjF88uPQCIGvZJFEDmPZtdSMTBhy02c1D8bsk8_MhO-Zvp7L_cCbP&alr=yes&cpn=oHxy46ACLG4WpYan&cver=2.20191212.06.01&range=3973927-4806536&rn=31&rbuf=113685,1576348148.462,1576348155.2289999,71,6.622,832610,1.0058713379643611,3973927.0,4806536.0,1,213.76,265.88,52.120000000000005,574026.0,43.69470266666666,,,,,,,,,,,,,,,,,,,,,,,,,,,,,,,,,,,,,,,
16,https://r1---sn-4g5e6nss.googlevideo.com/videoplayback?expire=1576369633&ei=gSn1Xa-5JISdgQfFg63wDw&ip=35.158.21.68&id=o-AOqxuq4-goiFXtnAmUxVi1FOILntSXySdd6_6HjUs3qh&itag=243&aitags=133%2C134%2C135%2C136%2C137%2C160%2C242%2C243%2C244%2C247%2C248%2C278&source=youtube&requiressl=yes&mm=31%2C26&mn=sn-4g5e6nss%2Csn-25glen7r&ms=au%2Conr&mv=m&mvi=0&pl=14&initcwndbps=212500&mime=video%2Fwebm&gir=yes&clen=16817786&dur=517.720&lmt=1569011547986723&mt=1576347921&fvip=1&keepalive=yes&fexp=23842630&c=WEB&txp=4535432&sparams=expire%2Cei%2Cip%2Cid%2Caitags%2Csource%2Crequiressl%2Cmime%2Cgir%2Cclen%2Cdur%2Clmt&sig=ALgxI2wwRQIhALFRItWp-bDi91bu-SnfiyeJdxxU36-yCPw12pT9XcDtAiBgHYK7rtrgUHFdhFUhVlj2OJhfe1nn210DXCLe1huvEw%3D%3D&lsparams=mm%2Cmn%2Cms%2Cmv%2Cmvi%2Cpl%2Cinitcwndbps&lsig=AHylml4wRAIgRr2SKJB8FfsisMcwn0Ju6cXC37O2P7xmv6gOjF88uPQCIGvZJFEDmPZtdSMTBhy02c1D8bsk8_MhO-Zvp7L_cCbP&alr=yes&cpn=oHxy46ACLG4WpYan&cver=2.20191212.06.01&range=8478436-10016329&rn=33&rbuf=141555,1576348172.733,1576348184.54,88,11.67,1537894,1.0542546700942588,8478436.0,10016329.0,2,265.88,312.8,46.920000000000016,626666.0,58.40740162162164,,,,,,,,,,,,,,,,,,,,,,,,,,,,,,,,,,,,,,,
17,https://r1---sn-4g5e6nss.googlevideo.com/videoplayback?expire=1576369633&ei=gSn1Xa-5JISdgQfFg63wDw&ip=35.158.21.68&id=o-AOqxuq4-goiFXtnAmUxVi1FOILntSXySdd6_6HjUs3qh&itag=243&aitags=133%2C134%2C135%2C136%2C137%2C160%2C242%2C243%2C244%2C247%2C248%2C278&source=youtube&requiressl=yes&mm=31%2C26&mn=sn-4g5e6nss%2Csn-25glen7r&ms=au%2Conr&mv=m&mvi=0&pl=14&initcwndbps=212500&mime=video%2Fwebm&gir=yes&clen=16817786&dur=517.720&lmt=1569011547986723&mt=1576347921&fvip=1&keepalive=yes&fexp=23842630&c=WEB&txp=4535432&sparams=expire%2Cei%2Cip%2Cid%2Caitags%2Csource%2Crequiressl%2Cmime%2Cgir%2Cclen%2Cdur%2Clmt&sig=ALgxI2wwRQIhALFRItWp-bDi91bu-SnfiyeJdxxU36-yCPw12pT9XcDtAiBgHYK7rtrgUHFdhFUhVlj2OJhfe1nn210DXCLe1huvEw%3D%3D&lsparams=mm%2Cmn%2Cms%2Cmv%2Cmvi%2Cpl%2Cinitcwndbps&lsig=AHylml4wRAIgRr2SKJB8FfsisMcwn0Ju6cXC37O2P7xmv6gOjF88uPQCIGvZJFEDmPZtdSMTBhy02c1D8bsk8_MhO-Zvp7L_cCbP&alr=yes&cpn=oHxy46ACLG4WpYan&cver=2.20191212.06.01&range=10016330-11434889&rn=36&rbuf=119475,1576348241.574,1576348264.4039998,104,22.829,1418560,0.49710806430417454,10016330.0,11434889.0,2,312.8,363.16,50.360000000000014,568010.0,66.28172186666669,,,,,,,,,,,,,,,,,,,,,,,,,,,,,,,,,,,,,,,
18,https://r1---sn-4g5e6nss.googlevideo.com/videoplayback?expire=1576369633&ei=gSn1Xa-5JISdgQfFg63wDw&ip=35.158.21.68&id=o-AOqxuq4-goiFXtnAmUxVi1FOILntSXySdd6_6HjUs3qh&itag=243&aitags=133%2C134%2C135%2C136%2C137%2C160%2C242%2C243%2C244%2C247%2C248%2C278&source=youtube&requiressl=yes&mm=31%2C26&mn=sn-4g5e6nss%2Csn-25glen7r&ms=au%2Conr&mv=m&mvi=0&pl=14&initcwndbps=212500&mime=video%2Fwebm&gir=yes&clen=16817786&dur=517.720&lmt=1569011547986723&mt=1576347921&fvip=1&keepalive=yes&fexp=23842630&c=WEB&txp=4535432&sparams=expire%2Cei%2Cip%2Cid%2Caitags%2Csource%2Crequiressl%2Cmime%2Cgir%2Cclen%2Cdur%2Clmt&sig=ALgxI2wwRQIhALFRItWp-bDi91bu-SnfiyeJdxxU36-yCPw12pT9XcDtAiBgHYK7rtrgUHFdhFUhVlj2OJhfe1nn210DXCLe1huvEw%3D%3D&lsparams=mm%2Cmn%2Cms%2Cmv%2Cmvi%2Cpl%2Cinitcwndbps&lsig=AHylml4wRAIgRr2SKJB8FfsisMcwn0Ju6cXC37O2P7xmv6gOjF88uPQCIGvZJFEDmPZtdSMTBhy02c1D8bsk8_MhO-Zvp7L_cCbP&alr=yes&cpn=oHxy46ACLG4WpYan&cver=2.20191212.06.01&range=11434890-12812100&rn=39&rbuf=118835,1576348292.715,1576348303.319,121,10.403,1377211,1.0590875708930116,11434890.0,12812100.0,2,363.16,407.68,44.51999999999998,796117.0,47.84898733333333,,,,,,,,,,,,,,,,,,,,,,,,,,,,,,,,,,,,,,,
19,https://r1---sn-4g5e6nss.googlevideo.com/videoplayback?expire=1576369633&ei=gSn1Xa-5JISdgQfFg63wDw&ip=35.158.21.68&id=o-AOqxuq4-goiFXtnAmUxVi1FOILntSXySdd6_6HjUs3qh&itag=243&aitags=133%2C134%2C135%2C136%2C137%2C160%2C242%2C243%2C244%2C247%2C248%2C278&source=youtube&requiressl=yes&mm=31%2C26&mn=sn-4g5e6nss%2Csn-25glen7r&ms=au%2Conr&mv=m&mvi=0&pl=14&initcwndbps=212500&mime=video%2Fwebm&gir=yes&clen=16817786&dur=517.720&lmt=1569011547986723&mt=1576347921&fvip=1&keepalive=yes&fexp=23842630&c=WEB&txp=4535432&sparams=expire%2Cei%2Cip%2Cid%2Caitags%2Csource%2Crequiressl%2Cmime%2Cgir%2Cclen%2Cdur%2Clmt&sig=ALgxI2wwRQIhALFRItWp-bDi91bu-SnfiyeJdxxU36-yCPw12pT9XcDtAiBgHYK7rtrgUHFdhFUhVlj2OJhfe1nn210DXCLe1huvEw%3D%3D&lsparams=mm%2Cmn%2Cms%2Cmv%2Cmvi%2Cpl%2Cinitcwndbps&lsig=AHylml4wRAIgRr2SKJB8FfsisMcwn0Ju6cXC37O2P7xmv6gOjF88uPQCIGvZJFEDmPZtdSMTBhy02c1D8bsk8_MhO-Zvp7L_cCbP&alr=yes&cpn=oHxy46ACLG4WpYan&cver=2.20191212.06.01&range=12812101-12994907&rn=41&rbuf=118855,1576348337.074,1576348338.415,135,1.339,182807,1.0922001493651978,12812101.0,12994907.0,2,407.68,413.0,5.319999999999993,570016.0,59.00164773333333,,,,,,,,,,,,,,,,,,,,,,,,,,,,,,,,,,,,,,,
20,https://r1---sn-4g5e6nss.googlevideo.com/videoplayback?expire=1576369633&ei=gSn1Xa-5JISdgQfFg63wDw&ip=35.158.21.68&id=o-AOqxuq4-goiFXtnAmUxVi1FOILntSXySdd6_6HjUs3qh&itag=243&aitags=133%2C134%2C135%2C136%2C137%2C160%2C242%2C243%2C244%2C247%2C248%2C278&source=youtube&requiressl=yes&mm=31%2C26&mn=sn-4g5e6nss%2Csn-25glen7r&ms=au%2Conr&mv=m&mvi=0&pl=14&initcwndbps=212500&mime=video%2Fwebm&gir=yes&clen=16817786&dur=517.720&lmt=1569011547986723&mt=1576347921&fvip=1&keepalive=yes&fexp=23842630&c=WEB&txp=4535432&sparams=expire%2Cei%2Cip%2Cid%2Caitags%2Csource%2Crequiressl%2Cmime%2Cgir%2Cclen%2Cdur%2Clmt&sig=ALgxI2wwRQIhALFRItWp-bDi91bu-SnfiyeJdxxU36-yCPw12pT9XcDtAiBgHYK7rtrgUHFdhFUhVlj2OJhfe1nn210DXCLe1huvEw%3D%3D&lsparams=mm%2Cmn%2Cms%2Cmv%2Cmvi%2Cpl%2Cinitcwndbps&lsig=AHylml4wRAIgRr2SKJB8FfsisMcwn0Ju6cXC37O2P7xmv6gOjF88uPQCIGvZJFEDmPZtdSMTBhy02c1D8bsk8_MhO-Zvp7L_cCbP&alr=yes&cpn=oHxy46ACLG4WpYan&cver=2.20191212.06.01&range=12994908-13266788&rn=42&rbuf=119425,1576348341.824,1576348343.8189998,137,1.993,271881,1.0913437029603612,12994908.0,13266788.0,2,413.0,418.48,5.480000000000018,659754.0,45.68650719999998,,,,,,,,,,,,,,,,,,,,,,,,,,,,,,,,,,,,,,,
21,https://r1---sn-4g5e6nss.googlevideo.com/videoplayback?expire=1576369633&ei=gSn1Xa-5JISdgQfFg63wDw&ip=35.158.21.68&id=o-AOqxuq4-goiFXtnAmUxVi1FOILntSXySdd6_6HjUs3qh&itag=243&aitags=133%2C134%2C135%2C136%2C137%2C160%2C242%2C243%2C244%2C247%2C248%2C278&source=youtube&requiressl=yes&mm=31%2C26&mn=sn-4g5e6nss%2Csn-25glen7r&ms=au%2Conr&mv=m&mvi=0&pl=14&initcwndbps=212500&mime=video%2Fwebm&gir=yes&clen=16817786&dur=517.720&lmt=1569011547986723&mt=1576347921&fvip=1&keepalive=yes&fexp=23842630&c=WEB&txp=4535432&sparams=expire%2Cei%2Cip%2Cid%2Caitags%2Csource%2Crequiressl%2Cmime%2Cgir%2Cclen%2Cdur%2Clmt&sig=ALgxI2wwRQIhALFRItWp-bDi91bu-SnfiyeJdxxU36-yCPw12pT9XcDtAiBgHYK7rtrgUHFdhFUhVlj2OJhfe1nn210DXCLe1huvEw%3D%3D&lsparams=mm%2Cmn%2Cms%2Cmv%2Cmvi%2Cpl%2Cinitcwndbps&lsig=AHylml4wRAIgRr2SKJB8FfsisMcwn0Ju6cXC37O2P7xmv6gOjF88uPQCIGvZJFEDmPZtdSMTBhy02c1D8bsk8_MhO-Zvp7L_cCbP&alr=yes&cpn=oHxy46ACLG4WpYan&cver=2.20191212.06.01&range=13266789-13505556&rn=43&rbuf=118905,1576348347.824,1576348349.576,139,1.75,238768,1.0915108571428571,13266789.0,13505556.0,2,418.48,423.68,5.199999999999989,770549.0,56.750826799999984,,,,,,,,,,,,,,,,,,,,,,,,,,,,,,,,,,,,,,,
22,https://r1---sn-4g5e6nss.googlevideo.com/videoplayback?expire=1576369633&ei=gSn1Xa-5JISdgQfFg63wDw&ip=35.158.21.68&id=o-AOqxuq4-goiFXtnAmUxVi1FOILntSXySdd6_6HjUs3qh&itag=243&aitags=133%2C134%2C135%2C136%2C137%2C160%2C242%2C243%2C244%2C247%2C248%2C278&source=youtube&requiressl=yes&mm=31%2C26&mn=sn-4g5e6nss%2Csn-25glen7r&ms=au%2Conr&mv=m&mvi=0&pl=14&initcwndbps=212500&mime=video%2Fwebm&gir=yes&clen=16817786&dur=517.720&lmt=1569011547986723&mt=1576347921&fvip=1&keepalive=yes&fexp=23842630&c=WEB&txp=4535432&sparams=expire%2Cei%2Cip%2Cid%2Caitags%2Csource%2Crequiressl%2Cmime%2Cgir%2Cclen%2Cdur%2Clmt&sig=ALgxI2wwRQIhALFRItWp-bDi91bu-SnfiyeJdxxU36-yCPw12pT9XcDtAiBgHYK7rtrgUHFdhFUhVlj2OJhfe1nn210DXCLe1huvEw%3D%3D&lsparams=mm%2Cmn%2Cms%2Cmv%2Cmvi%2Cpl%2Cinitcwndbps&lsig=AHylml4wRAIgRr2SKJB8FfsisMcwn0Ju6cXC37O2P7xmv6gOjF88uPQCIGvZJFEDmPZtdSMTBhy02c1D8bsk8_MhO-Zvp7L_cCbP&alr=yes&cpn=oHxy46ACLG4WpYan&cver=2.20191212.06.01&range=13505557-13670494&rn=45&rbuf=118855,1576348353.183,1576348354.464,141,1.208,164938,1.0923046357615895,13505557.0,13670494.0,2,423.68,428.8,5.1200000000000045,632181.0,62.11804120000001,,,,,,,,,,,,,,,,,,,,,,,,,,,,,,,,,,,,,,,
23,https://r1---sn-4g5e6nss.googlevideo.com/videoplayback?expire=1576369633&ei=gSn1Xa-5JISdgQfFg63wDw&ip=35.158.21.68&id=o-AOqxuq4-goiFXtnAmUxVi1FOILntSXySdd6_6HjUs3qh&itag=243&aitags=133%2C134%2C135%2C136%2C137%2C160%2C242%2C243%2C244%2C247%2C248%2C278&source=youtube&requiressl=yes&mm=31%2C26&mn=sn-4g5e6nss%2Csn-25glen7r&ms=au%2Conr&mv=m&mvi=0&pl=14&initcwndbps=212500&mime=video%2Fwebm&gir=yes&clen=16817786&dur=517.720&lmt=1569011547986723&mt=1576347921&fvip=1&keepalive=yes&fexp=23842630&c=WEB&txp=4535432&sparams=expire%2Cei%2Cip%2Cid%2Caitags%2Csource%2Crequiressl%2Cmime%2Cgir%2Cclen%2Cdur%2Clmt&sig=ALgxI2wwRQIhALFRItWp-bDi91bu-SnfiyeJdxxU36-yCPw12pT9XcDtAiBgHYK7rtrgUHFdhFUhVlj2OJhfe1nn210DXCLe1huvEw%3D%3D&lsparams=mm%2Cmn%2Cms%2Cmv%2Cmvi%2Cpl%2Cinitcwndbps&lsig=AHylml4wRAIgRr2SKJB8FfsisMcwn0Ju6cXC37O2P7xmv6gOjF88uPQCIGvZJFEDmPZtdSMTBhy02c1D8bsk8_MhO-Zvp7L_cCbP&alr=yes&cpn=oHxy46ACLG4WpYan&cver=2.20191212.06.01&range=13670495-15185630&rn=46&rbuf=119475,1576348357.573,1576348373.36,142,15.785,1515136,0.7678864745011087,13670495.0,15185630.0,2,428.8,473.16,44.360000000000014,630176.0,53.651882533333314,,,,,,,,,,,,,,,,,,,,,,,,,,,,,,,,,,,,,,,
24,https://r1---sn-4g5e6nss.googlevideo.com/videoplayback?expire=1576369633&ei=gSn1Xa-5JISdgQfFg63wDw&ip=35.158.21.68&id=o-AOqxuq4-goiFXtnAmUxVi1FOILntSXySdd6_6HjUs3qh&itag=243&aitags=133%2C134%2C135%2C136%2C137%2C160%2C242%2C243%2C244%2C247%2C248%2C278&source=youtube&requiressl=yes&mm=31%2C26&mn=sn-4g5e6nss%2Csn-25glen7r&ms=au%2Conr&mv=m&mvi=0&pl=14&initcwndbps=212500&mime=video%2Fwebm&gir=yes&clen=16817786&dur=517.720&lmt=1569011547986723&mt=1576347921&fvip=1&keepalive=yes&fexp=23842630&c=WEB&txp=4535432&sparams=expire%2Cei%2Cip%2Cid%2Caitags%2Csource%2Crequiressl%2Cmime%2Cgir%2Cclen%2Cdur%2Clmt&sig=ALgxI2wwRQIhALFRItWp-bDi91bu-SnfiyeJdxxU36-yCPw12pT9XcDtAiBgHYK7rtrgUHFdhFUhVlj2OJhfe1nn210DXCLe1huvEw%3D%3D&lsparams=mm%2Cmn%2Cms%2Cmv%2Cmvi%2Cpl%2Cinitcwndbps&lsig=AHylml4wRAIgRr2SKJB8FfsisMcwn0Ju6cXC37O2P7xmv6gOjF88uPQCIGvZJFEDmPZtdSMTBhy02c1D8bsk8_MhO-Zvp7L_cCbP&alr=yes&cpn=oHxy46ACLG4WpYan&cver=2.20191212.06.01&range=15185631-15393267&rn=48&rbuf=119835,1576348401.573,1576348406.2,157,4.589,207637,0.36197341468729566,15185631.0,15393267.0,2,473.16,477.4,4.239999999999952,916938.0,67.98201306666665,,,,,,,,,,,,,,,,,,,,,,,,,,,,,,,,,,,,,,,
25,https://r1---sn-4g5e6nss.googlevideo.com/videoplayback?expire=1576369633&ei=gSn1Xa-5JISdgQfFg63wDw&ip=35.158.21.68&id=o-AOqxuq4-goiFXtnAmUxVi1FOILntSXySdd6_6HjUs3qh&itag=243&aitags=133%2C134%2C135%2C136%2C137%2C160%2C242%2C243%2C244%2C247%2C248%2C278&source=youtube&requiressl=yes&mm=31%2C26&mn=sn-4g5e6nss%2Csn-25glen7r&ms=au%2Conr&mv=m&mvi=0&pl=14&initcwndbps=212500&mime=video%2Fwebm&gir=yes&clen=16817786&dur=517.720&lmt=1569011547986723&mt=1576347921&fvip=1&keepalive=yes&fexp=23842630&c=WEB&txp=4535432&sparams=expire%2Cei%2Cip%2Cid%2Caitags%2Csource%2Crequiressl%2Cmime%2Cgir%2Cclen%2Cdur%2Clmt&sig=ALgxI2wwRQIhALFRItWp-bDi91bu-SnfiyeJdxxU36-yCPw12pT9XcDtAiBgHYK7rtrgUHFdhFUhVlj2OJhfe1nn210DXCLe1huvEw%3D%3D&lsparams=mm%2Cmn%2Cms%2Cmv%2Cmvi%2Cpl%2Cinitcwndbps&lsig=AHylml4wRAIgRr2SKJB8FfsisMcwn0Ju6cXC37O2P7xmv6gOjF88uPQCIGvZJFEDmPZtdSMTBhy02c1D8bsk8_MhO-Zvp7L_cCbP&alr=yes&cpn=oHxy46ACLG4WpYan&cver=2.20191212.06.01&range=15393268-15586118&rn=49&rbuf=119555,1576348406.204,1576348409.466,159,3.212,192851,0.4803262764632627,15393268.0,15586118.0,2,477.4,482.56,5.160000000000025,765034.0,62.94070093333333,,,,,,,,,,,,,,,,,,,,,,,,,,,,,,,,,,,,,,,
26,https://r1---sn-4g5e6nss.googlevideo.com/videoplayback?expire=1576369633&ei=gSn1Xa-5JISdgQfFg63wDw&ip=35.158.21.68&id=o-AOqxuq4-goiFXtnAmUxVi1FOILntSXySdd6_6HjUs3qh&itag=243&aitags=133%2C134%2C135%2C136%2C137%2C160%2C242%2C243%2C244%2C247%2C248%2C278&source=youtube&requiressl=yes&mm=31%2C26&mn=sn-4g5e6nss%2Csn-25glen7r&ms=au%2Conr&mv=m&mvi=0&pl=14&initcwndbps=212500&mime=video%2Fwebm&gir=yes&clen=16817786&dur=517.720&lmt=1569011547986723&mt=1576347921&fvip=1&keepalive=yes&fexp=23842630&c=WEB&txp=4535432&sparams=expire%2Cei%2Cip%2Cid%2Caitags%2Csource%2Crequiressl%2Cmime%2Cgir%2Cclen%2Cdur%2Clmt&sig=ALgxI2wwRQIhALFRItWp-bDi91bu-SnfiyeJdxxU36-yCPw12pT9XcDtAiBgHYK7rtrgUHFdhFUhVlj2OJhfe1nn210DXCLe1huvEw%3D%3D&lsparams=mm%2Cmn%2Cms%2Cmv%2Cmvi%2Cpl%2Cinitcwndbps&lsig=AHylml4wRAIgRr2SKJB8FfsisMcwn0Ju6cXC37O2P7xmv6gOjF88uPQCIGvZJFEDmPZtdSMTBhy02c1D8bsk8_MhO-Zvp7L_cCbP&alr=yes&cpn=oHxy46ACLG4WpYan&cver=2.20191212.06.01&range=15586119-15774765&rn=51&rbuf=113985,1576348416.937,1576348420.7120001,160,3.726,188647,0.40503918411164785,15586119.0,15774765.0,2,482.56,487.68,5.1200000000000045,584053.0,63.03676026666667,,,,,,,,,,,,,,,,,,,,,,,,,,,,,,,,,,,,,,,
27,https://r1---sn-4g5e6nss.googlevideo.com/videoplayback?expire=1576369633&ei=gSn1Xa-5JISdgQfFg63wDw&ip=35.158.21.68&id=o-AOqxuq4-goiFXtnAmUxVi1FOILntSXySdd6_6HjUs3qh&itag=243&aitags=133%2C134%2C135%2C136%2C137%2C160%2C242%2C243%2C244%2C247%2C248%2C278&source=youtube&requiressl=yes&mm=31%2C26&mn=sn-4g5e6nss%2Csn-25glen7r&ms=au%2Conr&mv=m&mvi=0&pl=14&initcwndbps=212500&mime=video%2Fwebm&gir=yes&clen=16817786&dur=517.720&lmt=1569011547986723&mt=1576347921&fvip=1&keepalive=yes&fexp=23842630&c=WEB&txp=4535432&sparams=expire%2Cei%2Cip%2Cid%2Caitags%2Csource%2Crequiressl%2Cmime%2Cgir%2Cclen%2Cdur%2Clmt&sig=ALgxI2wwRQIhALFRItWp-bDi91bu-SnfiyeJdxxU36-yCPw12pT9XcDtAiBgHYK7rtrgUHFdhFUhVlj2OJhfe1nn210DXCLe1huvEw%3D%3D&lsparams=mm%2Cmn%2Cms%2Cmv%2Cmvi%2Cpl%2Cinitcwndbps&lsig=AHylml4wRAIgRr2SKJB8FfsisMcwn0Ju6cXC37O2P7xmv6gOjF88uPQCIGvZJFEDmPZtdSMTBhy02c1D8bsk8_MhO-Zvp7L_cCbP&alr=yes&cpn=oHxy46ACLG4WpYan&cver=2.20191212.06.01&range=15774766-15978635&rn=52&rbuf=115855,1576348420.137,1576348423.545,162,3.358,203870,0.48569386539606907,15774766.0,15978635.0,2,487.68,492.84,5.159999999999968,601600.0,66.60921506666668,,,,,,,,,,,,,,,,,,,,,,,,,,,,,,,,,,,,,,,
28,https://r1---sn-4g5e6nss.googlevideo.com/videoplayback?expire=1576369633&ei=gSn1Xa-5JISdgQfFg63wDw&ip=35.158.21.68&id=o-AOqxuq4-goiFXtnAmUxVi1FOILntSXySdd6_6HjUs3qh&itag=243&aitags=133%2C134%2C135%2C136%2C137%2C160%2C242%2C243%2C244%2C247%2C248%2C278&source=youtube&requiressl=yes&mm=31%2C26&mn=sn-4g5e6nss%2Csn-25glen7r&ms=au%2Conr&mv=m&mvi=0&pl=14&initcwndbps=212500&mime=video%2Fwebm&gir=yes&clen=16817786&dur=517.720&lmt=1569011547986723&mt=1576347921&fvip=1&keepalive=yes&fexp=23842630&c=WEB&txp=4535432&sparams=expire%2Cei%2Cip%2Cid%2Caitags%2Csource%2Crequiressl%2Cmime%2Cgir%2Cclen%2Cdur%2Clmt&sig=ALgxI2wwRQIhALFRItWp-bDi91bu-SnfiyeJdxxU36-yCPw12pT9XcDtAiBgHYK7rtrgUHFdhFUhVlj2OJhfe1nn210DXCLe1huvEw%3D%3D&lsparams=mm%2Cmn%2Cms%2Cmv%2Cmvi%2Cpl%2Cinitcwndbps&lsig=AHylml4wRAIgRr2SKJB8FfsisMcwn0Ju6cXC37O2P7xmv6gOjF88uPQCIGvZJFEDmPZtdSMTBhy02c1D8bsk8_MhO-Zvp7L_cCbP&alr=yes&cpn=oHxy46ACLG4WpYan&cver=2.20191212.06.01&range=15978636-16191583&rn=53&rbuf=118015,1576348423.164,1576348427.392,164,4.189,212948,0.40668035330627833,15978636.0,16191583.0,2,492.84,497.6,4.760000000000048,769045.0,65.47331506666669,,,,,,,,,,,,,,,,,,,,,,,,,,,,,,,,,,,,,,,
29,https://r1---sn-4g5e6nss.googlevideo.com/videoplayback?expire=1576369633&ei=gSn1Xa-5JISdgQfFg63wDw&ip=35.158.21.68&id=o-AOqxuq4-goiFXtnAmUxVi1FOILntSXySdd6_6HjUs3qh&itag=243&aitags=133%2C134%2C135%2C136%2C137%2C160%2C242%2C243%2C244%2C247%2C248%2C278&source=youtube&requiressl=yes&mm=31%2C26&mn=sn-4g5e6nss%2Csn-25glen7r&ms=au%2Conr&mv=m&mvi=0&pl=14&initcwndbps=212500&mime=video%2Fwebm&gir=yes&clen=16817786&dur=517.720&lmt=1569011547986723&mt=1576347921&fvip=1&keepalive=yes&fexp=23842630&c=WEB&txp=4535432&sparams=expire%2Cei%2Cip%2Cid%2Caitags%2Csource%2Crequiressl%2Cmime%2Cgir%2Cclen%2Cdur%2Clmt&sig=ALgxI2wwRQIhALFRItWp-bDi91bu-SnfiyeJdxxU36-yCPw12pT9XcDtAiBgHYK7rtrgUHFdhFUhVlj2OJhfe1nn210DXCLe1huvEw%3D%3D&lsparams=mm%2Cmn%2Cms%2Cmv%2Cmvi%2Cpl%2Cinitcwndbps&lsig=AHylml4wRAIgRr2SKJB8FfsisMcwn0Ju6cXC37O2P7xmv6gOjF88uPQCIGvZJFEDmPZtdSMTBhy02c1D8bsk8_MhO-Zvp7L_cCbP&alr=yes&cpn=oHxy46ACLG4WpYan&cver=2.20191212.06.01&range=16191584-16381308&rn=54&rbuf=119025,1576348427.071,1576348429.2440002,165,2.124,189725,0.7145951035781544,16191584.0,16381308.0,2,497.6,502.44,4.839999999999975,887360.0,60.920047333333336,,,,,,,,,,,,,,,,,,,,,,,,,,,,,,,,,,,,,,,
30,https://r1---sn-4g5e6nss.googlevideo.com/videoplayback?expire=1576369633&ei=gSn1Xa-5JISdgQfFg63wDw&ip=35.158.21.68&id=o-AOqxuq4-goiFXtnAmUxVi1FOILntSXySdd6_6HjUs3qh&itag=243&aitags=133%2C134%2C135%2C136%2C137%2C160%2C242%2C243%2C244%2C247%2C248%2C278&source=youtube&requiressl=yes&mm=31%2C26&mn=sn-4g5e6nss%2Csn-25glen7r&ms=au%2Conr&mv=m&mvi=0&pl=14&initcwndbps=212500&mime=video%2Fwebm&gir=yes&clen=16817786&dur=517.720&lmt=1569011547986723&mt=1576347921&fvip=1&keepalive=yes&fexp=23842630&c=WEB&txp=4535432&sparams=expire%2Cei%2Cip%2Cid%2Caitags%2Csource%2Crequiressl%2Cmime%2Cgir%2Cclen%2Cdur%2Clmt&sig=ALgxI2wwRQIhALFRItWp-bDi91bu-SnfiyeJdxxU36-yCPw12pT9XcDtAiBgHYK7rtrgUHFdhFUhVlj2OJhfe1nn210DXCLe1huvEw%3D%3D&lsparams=mm%2Cmn%2Cms%2Cmv%2Cmvi%2Cpl%2Cinitcwndbps&lsig=AHylml4wRAIgRr2SKJB8FfsisMcwn0Ju6cXC37O2P7xmv6gOjF88uPQCIGvZJFEDmPZtdSMTBhy02c1D8bsk8_MhO-Zvp7L_cCbP&alr=yes&cpn=oHxy46ACLG4WpYan&cver=2.20191212.06.01&range=16381309-16606280&rn=55&rbuf=119115,1576348431.573,1576348434.195,167,2.62,224972,0.6869374045801526,16381309.0,16606280.0,2,502.44,507.52,5.079999999999984,869813.0,63.89505080000003,,,,,,,,,,,,,,,,,,,,,,,,,,,,,,,,,,,,,,,
31,https://r1---sn-4g5e6nss.googlevideo.com/videoplayback?expire=1576369633&ei=gSn1Xa-5JISdgQfFg63wDw&ip=35.158.21.68&id=o-AOqxuq4-goiFXtnAmUxVi1FOILntSXySdd6_6HjUs3qh&itag=243&aitags=133%2C134%2C135%2C136%2C137%2C160%2C242%2C243%2C244%2C247%2C248%2C278&source=youtube&requiressl=yes&mm=31%2C26&mn=sn-4g5e6nss%2Csn-25glen7r&ms=au%2Conr&mv=m&mvi=0&pl=14&initcwndbps=212500&mime=video%2Fwebm&gir=yes&clen=16817786&dur=517.720&lmt=1569011547986723&mt=1576347921&fvip=1&keepalive=yes&fexp=23842630&c=WEB&txp=4535432&sparams=expire%2Cei%2Cip%2Cid%2Caitags%2Csource%2Crequiressl%2Cmime%2Cgir%2Cclen%2Cdur%2Clmt&sig=ALgxI2wwRQIhALFRItWp-bDi91bu-SnfiyeJdxxU36-yCPw12pT9XcDtAiBgHYK7rtrgUHFdhFUhVlj2OJhfe1nn210DXCLe1huvEw%3D%3D&lsparams=mm%2Cmn%2Cms%2Cmv%2Cmvi%2Cpl%2Cinitcwndbps&lsig=AHylml4wRAIgRr2SKJB8FfsisMcwn0Ju6cXC37O2P7xmv6gOjF88uPQCIGvZJFEDmPZtdSMTBhy02c1D8bsk8_MhO-Zvp7L_cCbP&alr=yes&cpn=oHxy46ACLG4WpYan&cver=2.20191212.06.01&range=16606281-16729091&rn=56&rbuf=119195,1576348436.573,1576348440.3309999,169,3.722,122811,0.26396775926921007,16606281.0,16729091.0,2,507.52,512.64,5.1200000000000045,534922.0,65.00328813333334,,,,,,,,,,,,,,,,,,,,,,,,,,,,,,,,,,,,,,,
