,bandwidth_mbit,bandwidth_mbit_-1,bandwidth_mbit_-2,bandwidth_mbit_-3,bandwidth_mbit_-4,bandwidth_mbit_-5,bandwidth_mbit_-6,bandwidth_mbit_-7,bitrate_level,body_size_byte,buffer_estimate_0,byte_end,byte_start,n_segment,previous_bitrate,previous_quality,previous_vmaf,quality_level_chosen,quality_level_chosen_-1,quality_level_chosen_-2,quality_level_chosen_-3,quality_level_chosen_-4,quality_level_chosen_-5,quality_level_chosen_-6,quality_level_chosen_-7,quality_shift,quality_shift_bitrate_-1,quality_shift_bitrate_-2,quality_shift_bitrate_0,quality_shift_bitrate_1,quality_shift_bitrate_2,quality_shift_byte_-1,quality_shift_byte_-2,quality_shift_byte_0,quality_shift_byte_1,quality_shift_byte_2,quality_shift_vmaf_-1,quality_shift_vmaf_-2,quality_shift_vmaf_0,quality_shift_vmaf_1,quality_shift_vmaf_2,rebuffer_estimate_0,seg_len_s,t_download_s,t_download_s_-1,t_download_s_-2,t_download_s_-3,t_download_s_-4,t_download_s_-5,t_download_s_-6,t_download_s_-7,t_end,t_start,timestamp_finish,timestamp_start,url,vmaf_level,bitrate_level_encoded
0,2.4714238227146814,,,,,,,,579541.0,111523,0.0,111522.0,0.0,0,0.0,0.0,0.0,2,,,,,,,,-2.0,470250.0,470250.0,470250.0,611626.0,579541.0,176344.0,176344.0,176344.0,229360.0,217328.0,0.0,0.0,0.0,6.139218933333333,30.61590760000001,0.0,2.88,0.361,,,,,,,,2.88,0.0,1572309024.231,1572309023.205,https://r1---sn-4g5e6nzs.googlevideo.com/videoplayback?expire=1572330617&ei=GYi3Xe-WOY6F-gb3-arICg&ip=3.122.179.7&id=o-AG0aJWp7gX8MPeK5GezHg-tHiycYGNyitfgbbpTIRGhZ&itag=243&aitags=133%2C134%2C135%2C136%2C137%2C160%2C242%2C243%2C244%2C247%2C248%2C271%2C278%2C313&source=youtube&requiressl=yes&mm=31%2C29&mn=sn-4g5e6nzs%2Csn-4g5ednsy&ms=au%2Crdu&mv=m&mvi=0&pl=19&initcwndbps=367500&mime=video%2Fwebm&gir=yes&clen=14202477&dur=355.520&lmt=1567777009590482&mt=1572308865&fvip=1&keepalive=yes&fexp=23842630&c=WEB&txp=4531432&sparams=expire%2Cei%2Cip%2Cid%2Caitags%2Csource%2Crequiressl%2Cmime%2Cgir%2Cclen%2Cdur%2Clmt&sig=ALgxI2wwRQIgLRVI8xw4K9K-P8LZneH83p9Z4Eib_kuisGx7_DHhyCACIQD8uR3OFdR6chPutty3zvnCRa47Su0laF0ZA7vOefezuQ%3D%3D&lsparams=mm%2Cmn%2Cms%2Cmv%2Cmvi%2Cpl%2Cinitcwndbps&lsig=AHylml4wRAIgLpv10Q_cuXs02-QOdNrI9Ek2APf7K_47AzayHl6L4RkCICucBSwf0TDk9KogCzsr0sZWzs5iYKwq5EIrW482Ulgq&alr=yes&cpn=bivl3TrnIcB5b6Qq&cver=2.20191022.06.00&range=0-111522&rn=1&rbuf=0,30.61590760000001,648715.1680672269
1,1.6724045977011492,,,,,,,,579541.0,90937,0.0,202459.0,111523.0,0,0.0,0.0,0.0,2,,,,,,,,-2.0,470250.0,470250.0,470250.0,611626.0,579541.0,176344.0,176344.0,176344.0,229360.0,217328.0,0.0,0.0,0.0,6.139218933333333,30.61590760000001,1.0850000381469729,2.24,0.435,,,,,,,,5.12,2.88,1572309024.7729998,1572309024.29,https://r1---sn-4g5e6nzs.googlevideo.com/videoplayback?expire=1572330617&ei=GYi3Xe-WOY6F-gb3-arICg&ip=3.122.179.7&id=o-AG0aJWp7gX8MPeK5GezHg-tHiycYGNyitfgbbpTIRGhZ&itag=243&aitags=133%2C134%2C135%2C136%2C137%2C160%2C242%2C243%2C244%2C247%2C248%2C271%2C278%2C313&source=youtube&requiressl=yes&mm=31%2C29&mn=sn-4g5e6nzs%2Csn-4g5ednsy&ms=au%2Crdu&mv=m&mvi=0&pl=19&initcwndbps=367500&mime=video%2Fwebm&gir=yes&clen=14202477&dur=355.520&lmt=1567777009590482&mt=1572308865&fvip=1&keepalive=yes&fexp=23842630&c=WEB&txp=4531432&sparams=expire%2Cei%2Cip%2Cid%2Caitags%2Csource%2Crequiressl%2Cmime%2Cgir%2Cclen%2Cdur%2Clmt&sig=ALgxI2wwRQIgLRVI8xw4K9K-P8LZneH83p9Z4Eib_kuisGx7_DHhyCACIQD8uR3OFdR6chPutty3zvnCRa47Su0laF0ZA7vOefezuQ%3D%3D&lsparams=mm%2Cmn%2Cms%2Cmv%2Cmvi%2Cpl%2Cinitcwndbps&lsig=AHylml4wRAIgLpv10Q_cuXs02-QOdNrI9Ek2APf7K_47AzayHl6L4RkCICucBSwf0TDk9KogCzsr0sZWzs5iYKwq5EIrW482Ulgq&alr=yes&cpn=bivl3TrnIcB5b6Qq&cver=2.20191022.06.00&range=111523-202459&rn=3&rbuf=2804,30.61590760000001,648715.1680672269
2,11.24,,,,,,,,757514.0,1405,2.2000000381469733,1404.0,0.0,0,0.0,0.0,0.0,3,,,,,,,,-3.0,470250.0,470250.0,470250.0,611626.0,579541.0,176344.0,176344.0,176344.0,229360.0,217328.0,0.0,0.0,0.0,6.139218933333333,30.61590760000001,0.4830000400543213,0.0,0.001,,,,,,,,0.0,0.0,1572309024.967,1572309024.813,https://r1---sn-4g5e6nzs.googlevideo.com/videoplayback?expire=1572330617&ei=GYi3Xe-WOY6F-gb3-arICg&ip=3.122.179.7&id=o-AG0aJWp7gX8MPeK5GezHg-tHiycYGNyitfgbbpTIRGhZ&itag=244&aitags=133%2C134%2C135%2C136%2C137%2C160%2C242%2C243%2C244%2C247%2C248%2C271%2C278%2C313&source=youtube&requiressl=yes&mm=31%2C29&mn=sn-4g5e6nzs%2Csn-4g5ednsy&ms=au%2Crdu&mv=m&mvi=0&pl=19&initcwndbps=367500&mime=video%2Fwebm&gir=yes&clen=23997766&dur=355.520&lmt=1567777009593961&mt=1572308865&fvip=1&keepalive=yes&fexp=23842630&c=WEB&txp=4531432&sparams=expire%2Cei%2Cip%2Cid%2Caitags%2Csource%2Crequiressl%2Cmime%2Cgir%2Cclen%2Cdur%2Clmt&sig=ALgxI2wwRQIhAJQOZCyutuEaa2xj_euTXP-xOXtzHXq6c2So-29bLXqGAiA7nNvSyXwGVbD2RetCEtb9gh9Za8RMgUrf1mcSAzSfeA%3D%3D&lsparams=mm%2Cmn%2Cms%2Cmv%2Cmvi%2Cpl%2Cinitcwndbps&lsig=AHylml4wRAIgLpv10Q_cuXs02-QOdNrI9Ek2APf7K_47AzayHl6L4RkCICucBSwf0TDk9KogCzsr0sZWzs5iYKwq5EIrW482Ulgq&alr=yes&cpn=bivl3TrnIcB5b6Qq&cver=2.20191022.06.00&range=0-1404&rn=5&rbuf=0,51.66786413333333,831557.1260504202
3,7.858539682539682,,,,,,,,606613.0,123772,2.0750000381469733,326231.0,202460.0,1,0.0,0.0,0.0,2,,,,,,,,-2.0,430645.0,430645.0,430645.0,512362.0,606613.0,161492.0,161492.0,161492.0,192136.0,227480.0,0.0,0.0,0.0,0.0,21.097663066666673,0.0,2.3200000000000003,0.126,,,,,,,,7.44,5.12,1572309025.14,1572309024.938,https://r1---sn-4g5e6nzs.googlevideo.com/videoplayback?expire=1572330617&ei=GYi3Xe-WOY6F-gb3-arICg&ip=3.122.179.7&id=o-AG0aJWp7gX8MPeK5GezHg-tHiycYGNyitfgbbpTIRGhZ&itag=243&aitags=133%2C134%2C135%2C136%2C137%2C160%2C242%2C243%2C244%2C247%2C248%2C271%2C278%2C313&source=youtube&requiressl=yes&mm=31%2C29&mn=sn-4g5e6nzs%2Csn-4g5ednsy&ms=au%2Crdu&mv=m&mvi=0&pl=19&initcwndbps=367500&mime=video%2Fwebm&gir=yes&clen=14202477&dur=355.520&lmt=1567777009590482&mt=1572308865&fvip=1&keepalive=yes&fexp=23842630&c=WEB&txp=4531432&sparams=expire%2Cei%2Cip%2Cid%2Caitags%2Csource%2Crequiressl%2Cmime%2Cgir%2Cclen%2Cdur%2Clmt&sig=ALgxI2wwRQIgLRVI8xw4K9K-P8LZneH83p9Z4Eib_kuisGx7_DHhyCACIQD8uR3OFdR6chPutty3zvnCRa47Su0laF0ZA7vOefezuQ%3D%3D&lsparams=mm%2Cmn%2Cms%2Cmv%2Cmvi%2Cpl%2Cinitcwndbps&lsig=AHylml4wRAIgLpv10Q_cuXs02-QOdNrI9Ek2APf7K_47AzayHl6L4RkCICucBSwf0TDk9KogCzsr0sZWzs5iYKwq5EIrW482Ulgq&alr=yes&cpn=bivl3TrnIcB5b6Qq&cver=2.20191022.06.00&range=202460-326231&rn=6&rbuf=4761,21.097663066666673,648715.1680672269
4,9.07890598290598,,,,,,,,608117.0,132779,1.9119999313354492,459010.0,326232.0,2,0.0,0.0,0.0,2,,,,,,,,-2.0,416608.0,416608.0,416608.0,493813.0,608117.0,156228.0,156228.0,156228.0,185180.0,228044.0,0.0,0.0,0.0,0.0,20.263598533333333,0.0,2.8,0.11699999999999999,,,,,,,,10.24,7.44,1572309025.2270002,1572309025.101,https://r1---sn-4g5e6nzs.googlevideo.com/videoplayback?expire=1572330617&ei=GYi3Xe-WOY6F-gb3-arICg&ip=3.122.179.7&id=o-AG0aJWp7gX8MPeK5GezHg-tHiycYGNyitfgbbpTIRGhZ&itag=243&aitags=133%2C134%2C135%2C136%2C137%2C160%2C242%2C243%2C244%2C247%2C248%2C271%2C278%2C313&source=youtube&requiressl=yes&mm=31%2C29&mn=sn-4g5e6nzs%2Csn-4g5ednsy&ms=au%2Crdu&mv=m&mvi=0&pl=19&initcwndbps=367500&mime=video%2Fwebm&gir=yes&clen=14202477&dur=355.520&lmt=1567777009590482&mt=1572308865&fvip=1&keepalive=yes&fexp=23842630&c=WEB&txp=4531432&sparams=expire%2Cei%2Cip%2Cid%2Caitags%2Csource%2Crequiressl%2Cmime%2Cgir%2Cclen%2Cdur%2Clmt&sig=ALgxI2wwRQIgLRVI8xw4K9K-P8LZneH83p9Z4Eib_kuisGx7_DHhyCACIQD8uR3OFdR6chPutty3zvnCRa47Su0laF0ZA7vOefezuQ%3D%3D&lsparams=mm%2Cmn%2Cms%2Cmv%2Cmvi%2Cpl%2Cinitcwndbps&lsig=AHylml4wRAIgLpv10Q_cuXs02-QOdNrI9Ek2APf7K_47AzayHl6L4RkCICucBSwf0TDk9KogCzsr0sZWzs5iYKwq5EIrW482Ulgq&alr=yes&cpn=bivl3TrnIcB5b6Qq&cver=2.20191022.06.00&range=326232-459010&rn=7&rbuf=6969,20.263598533333333,648715.1680672269
5,10.220385542168676,,,,,,,,1051797.0,636219,,1404888.0,768670.0,3,,,,3,,,,,,,,,,,,,,,,,,,,,,,,,10.2,0.498,,,,,,,,20.44,10.24,1572309025.7329998,1572309025.2329998,https://r1---sn-4g5e6nzs.googlevideo.com/videoplayback?expire=1572330617&ei=GYi3Xe-WOY6F-gb3-arICg&ip=3.122.179.7&id=o-AG0aJWp7gX8MPeK5GezHg-tHiycYGNyitfgbbpTIRGhZ&itag=244&aitags=133%2C134%2C135%2C136%2C137%2C160%2C242%2C243%2C244%2C247%2C248%2C271%2C278%2C313&source=youtube&requiressl=yes&mm=31%2C29&mn=sn-4g5e6nzs%2Csn-4g5ednsy&ms=au%2Crdu&mv=m&mvi=0&pl=19&initcwndbps=367500&mime=video%2Fwebm&gir=yes&clen=23997766&dur=355.520&lmt=1567777009593961&mt=1572308865&fvip=1&keepalive=yes&fexp=23842630&c=WEB&txp=4531432&sparams=expire%2Cei%2Cip%2Cid%2Caitags%2Csource%2Crequiressl%2Cmime%2Cgir%2Cclen%2Cdur%2Clmt&sig=ALgxI2wwRQIhAJQOZCyutuEaa2xj_euTXP-xOXtzHXq6c2So-29bLXqGAiA7nNvSyXwGVbD2RetCEtb9gh9Za8RMgUrf1mcSAzSfeA%3D%3D&lsparams=mm%2Cmn%2Cms%2Cmv%2Cmvi%2Cpl%2Cinitcwndbps&lsig=AHylml4wRAIgLpv10Q_cuXs02-QOdNrI9Ek2APf7K_47AzayHl6L4RkCICucBSwf0TDk9KogCzsr0sZWzs5iYKwq5EIrW482Ulgq&alr=yes&cpn=bivl3TrnIcB5b6Qq&cver=2.20191022.06.00&range=768670-1404888&rn=8&rbuf=9619,39.43062506666665,831557.1260504202
6,11.512,10.220385542168676,9.07890598290598,7.858539682539682,11.24,1.6724045977011492,,,1935146.0,1439,16.590999898910525,1438.0,0.0,0,608117.0,2.0,20.263598533333333,5,3.0,2.0,2.0,3.0,2.0,,,-3.0,611626.0,470250.0,579541.0,757514.0,1237290.0,229360.0,176344.0,217328.0,284068.0,463984.0,6.139218933333333,0.0,30.61590760000001,51.66786413333333,74.93578253333331,0.0,0.0,0.001,0.498,0.11699999999999999,0.126,0.001,0.435,,,0.0,0.0,1572309025.8400002,1572309025.742,https://r1---sn-4g5e6nzs.googlevideo.com/videoplayback?expire=1572330617&ei=GYi3Xe-WOY6F-gb3-arICg&ip=3.122.179.7&id=o-AG0aJWp7gX8MPeK5GezHg-tHiycYGNyitfgbbpTIRGhZ&itag=248&aitags=133%2C134%2C135%2C136%2C137%2C160%2C242%2C243%2C244%2C247%2C248%2C271%2C278%2C313&source=youtube&requiressl=yes&mm=31%2C29&mn=sn-4g5e6nzs%2Csn-4g5ednsy&ms=au%2Crdu&mv=m&mvi=0&pl=19&initcwndbps=367500&mime=video%2Fwebm&gir=yes&clen=86263764&dur=355.520&lmt=1567776880289010&mt=1572308865&fvip=1&keepalive=yes&fexp=23842630&c=WEB&txp=4531432&sparams=expire%2Cei%2Cip%2Cid%2Caitags%2Csource%2Crequiressl%2Cmime%2Cgir%2Cclen%2Cdur%2Clmt&sig=ALgxI2wwRQIgXyDCSX8-ZNzSE7E7NHnDkpUIWq-FnX5XjwoHTno5XvwCIQDVqs2yIpRFSQKMH5y9XT7jJ0g2-7m3CFeWwEWllO0QEQ%3D%3D&lsparams=mm%2Cmn%2Cms%2Cmv%2Cmvi%2Cpl%2Cinitcwndbps&lsig=AHylml4wRAIgLpv10Q_cuXs02-QOdNrI9Ek2APf7K_47AzayHl6L4RkCICucBSwf0TDk9KogCzsr0sZWzs5iYKwq5EIrW482Ulgq&alr=yes&cpn=bivl3TrnIcB5b6Qq&cver=2.20191022.06.00&range=0-1438&rn=9&rbuf=0,88.45813946666664,2525069.7731092437
7,10.266331210191082,,,,,,,,2099082.0,3223628,,8294374.0,5070747.0,6,,,,5,,,,,,,,,,,,,,,,,,,,,,,,,15.84,2.512,,,,,,,,36.28,20.44,1572309028.5110002,1572309025.974,https://r1---sn-4g5e6nzs.googlevideo.com/videoplayback?expire=1572330617&ei=GYi3Xe-WOY6F-gb3-arICg&ip=3.122.179.7&id=o-AG0aJWp7gX8MPeK5GezHg-tHiycYGNyitfgbbpTIRGhZ&itag=248&aitags=133%2C134%2C135%2C136%2C137%2C160%2C242%2C243%2C244%2C247%2C248%2C271%2C278%2C313&source=youtube&requiressl=yes&mm=31%2C29&mn=sn-4g5e6nzs%2Csn-4g5ednsy&ms=au%2Crdu&mv=m&mvi=0&pl=19&initcwndbps=367500&mime=video%2Fwebm&gir=yes&clen=86263764&dur=355.520&lmt=1567776880289010&mt=1572308865&fvip=1&keepalive=yes&fexp=23842630&c=WEB&txp=4531432&sparams=expire%2Cei%2Cip%2Cid%2Caitags%2Csource%2Crequiressl%2Cmime%2Cgir%2Cclen%2Cdur%2Clmt&sig=ALgxI2wwRQIgXyDCSX8-ZNzSE7E7NHnDkpUIWq-FnX5XjwoHTno5XvwCIQDVqs2yIpRFSQKMH5y9XT7jJ0g2-7m3CFeWwEWllO0QEQ%3D%3D&lsparams=mm%2Cmn%2Cms%2Cmv%2Cmvi%2Cpl%2Cinitcwndbps&lsig=AHylml4wRAIgLpv10Q_cuXs02-QOdNrI9Ek2APf7K_47AzayHl6L4RkCICucBSwf0TDk9KogCzsr0sZWzs5iYKwq5EIrW482Ulgq&alr=yes&cpn=bivl3TrnIcB5b6Qq&cver=2.20191022.06.00&range=5070747-8294374&rn=12&rbuf=19072,88.43239480000004,2525069.7731092437
8,11.576,10.266331210191082,11.512,10.220385542168676,9.07890598290598,7.858539682539682,11.24,1.6724045977011492,2882165.0,1447,27.886999988555907,1446.0,0.0,0,1935146.0,5.0,88.45813946666664,6,5.0,5.0,3.0,2.0,2.0,3.0,2.0,-1.0,1237290.0,757514.0,1935146.0,2882165.0,5953333.0,463984.0,284068.0,725680.0,1080812.0,2232500.0,74.93578253333331,51.66786413333333,88.45813946666664,95.1757629333333,100.0,0.0,0.0,0.001,2.512,0.001,0.498,0.11699999999999999,0.126,0.001,0.435,0.0,0.0,1572309030.5029998,1572309030.286,https://r1---sn-4g5e6nzs.googlevideo.com/videoplayback?expire=1572330617&ei=GYi3Xe-WOY6F-gb3-arICg&ip=3.122.179.7&id=o-AG0aJWp7gX8MPeK5GezHg-tHiycYGNyitfgbbpTIRGhZ&itag=271&aitags=133%2C134%2C135%2C136%2C137%2C160%2C242%2C243%2C244%2C247%2C248%2C271%2C278%2C313&source=youtube&requiressl=yes&mm=31%2C29&mn=sn-4g5e6nzs%2Csn-4g5ednsy&ms=au%2Crdu&mv=m&mvi=0&pl=19&initcwndbps=367500&mime=video%2Fwebm&gir=yes&clen=196041322&dur=355.520&lmt=1567776973979297&mt=1572308865&fvip=1&keepalive=yes&fexp=23842630&c=WEB&txp=4531432&sparams=expire%2Cei%2Cip%2Cid%2Caitags%2Csource%2Crequiressl%2Cmime%2Cgir%2Cclen%2Cdur%2Clmt&sig=ALgxI2wwRAIgfKpeCGegvMi9o46dHW7C6gy6jCUs85XAPo5cB_Rggn0CIFbbCWyTyf9TV_jLqx77YX560nJXJZMVs9ruVJOBK9wg&lsparams=mm%2Cmn%2Cms%2Cmv%2Cmvi%2Cpl%2Cinitcwndbps&lsig=AHylml4wRAIgLpv10Q_cuXs02-QOdNrI9Ek2APf7K_47AzayHl6L4RkCICucBSwf0TDk9KogCzsr0sZWzs5iYKwq5EIrW482Ulgq&alr=yes&cpn=bivl3TrnIcB5b6Qq&cver=2.20191022.06.00&range=0-1446&rn=14&rbuf=0,95.1757629333333,3924701.4033613447
9,10.288767658818305,,,,,,,,3137845.0,2895002,,22737742.0,19842741.0,12,,,,6,,,,,,,,,,,,,,,,,,,,,,,,,5.32,2.251,,,,,,,,41.6,36.28,1572309032.8820002,1572309030.51,https://r1---sn-4g5e6nzs.googlevideo.com/videoplayback?expire=1572330617&ei=GYi3Xe-WOY6F-gb3-arICg&ip=3.122.179.7&id=o-AG0aJWp7gX8MPeK5GezHg-tHiycYGNyitfgbbpTIRGhZ&itag=271&aitags=133%2C134%2C135%2C136%2C137%2C160%2C242%2C243%2C244%2C247%2C248%2C271%2C278%2C313&source=youtube&requiressl=yes&mm=31%2C29&mn=sn-4g5e6nzs%2Csn-4g5ednsy&ms=au%2Crdu&mv=m&mvi=0&pl=19&initcwndbps=367500&mime=video%2Fwebm&gir=yes&clen=196041322&dur=355.520&lmt=1567776973979297&mt=1572308865&fvip=1&keepalive=yes&fexp=23842630&c=WEB&txp=4531432&sparams=expire%2Cei%2Cip%2Cid%2Caitags%2Csource%2Crequiressl%2Cmime%2Cgir%2Cclen%2Cdur%2Clmt&sig=ALgxI2wwRAIgfKpeCGegvMi9o46dHW7C6gy6jCUs85XAPo5cB_Rggn0CIFbbCWyTyf9TV_jLqx77YX560nJXJZMVs9ruVJOBK9wg&lsparams=mm%2Cmn%2Cms%2Cmv%2Cmvi%2Cpl%2Cinitcwndbps&lsig=AHylml4wRAIgLpv10Q_cuXs02-QOdNrI9Ek2APf7K_47AzayHl6L4RkCICucBSwf0TDk9KogCzsr0sZWzs5iYKwq5EIrW482Ulgq&alr=yes&cpn=bivl3TrnIcB5b6Qq&cver=2.20191022.06.00&range=19842741-22737742&rn=15&rbuf=30409,93.38600079999998,3924701.4033613447
10,10.255022004889977,,,,,,,,4023701.0,4194304,,26932046.0,22737743.0,13,,,,6,,,,,,,,,,,,,,,,,,,,,,,,,7.600000000000001,3.272,,,,,,,,49.2,41.6,1572309043.365,1572309040.091,https://r1---sn-4g5e6nzs.googlevideo.com/videoplayback?expire=1572330617&ei=GYi3Xe-WOY6F-gb3-arICg&ip=3.122.179.7&id=o-AG0aJWp7gX8MPeK5GezHg-tHiycYGNyitfgbbpTIRGhZ&itag=271&aitags=133%2C134%2C135%2C136%2C137%2C160%2C242%2C243%2C244%2C247%2C248%2C271%2C278%2C313&source=youtube&requiressl=yes&mm=31%2C29&mn=sn-4g5e6nzs%2Csn-4g5ednsy&ms=au%2Crdu&mv=m&mvi=0&pl=19&initcwndbps=367500&mime=video%2Fwebm&gir=yes&clen=196041322&dur=355.520&lmt=1567776973979297&mt=1572308865&fvip=1&keepalive=yes&fexp=23842630&c=WEB&txp=4531432&sparams=expire%2Cei%2Cip%2Cid%2Caitags%2Csource%2Crequiressl%2Cmime%2Cgir%2Cclen%2Cdur%2Clmt&sig=ALgxI2wwRAIgfKpeCGegvMi9o46dHW7C6gy6jCUs85XAPo5cB_Rggn0CIFbbCWyTyf9TV_jLqx77YX560nJXJZMVs9ruVJOBK9wg&lsparams=mm%2Cmn%2Cms%2Cmv%2Cmvi%2Cpl%2Cinitcwndbps&lsig=AHylml4wRAIgLpv10Q_cuXs02-QOdNrI9Ek2APf7K_47AzayHl6L4RkCICucBSwf0TDk9KogCzsr0sZWzs5iYKwq5EIrW482Ulgq&alr=yes&cpn=bivl3TrnIcB5b6Qq&cver=2.20191022.06.00&range=22737743-26932046&rn=17&rbuf=25982,93.49163746666666,3924701.4033613447
11,10.109801747514313,,,,,,,,5008821.0,4194304,,31126350.0,26932047.0,16,,,,6,,,,,,,,,,,,,,,,,,,,,,,,,5.959999999999994,3.319,,,,,,,,55.16,49.2,1572309047.17,1572309043.849,https://r1---sn-4g5e6nzs.googlevideo.com/videoplayback?expire=1572330617&ei=GYi3Xe-WOY6F-gb3-arICg&ip=3.122.179.7&id=o-AG0aJWp7gX8MPeK5GezHg-tHiycYGNyitfgbbpTIRGhZ&itag=271&aitags=133%2C134%2C135%2C136%2C137%2C160%2C242%2C243%2C244%2C247%2C248%2C271%2C278%2C313&source=youtube&requiressl=yes&mm=31%2C29&mn=sn-4g5e6nzs%2Csn-4g5ednsy&ms=au%2Crdu&mv=m&mvi=0&pl=19&initcwndbps=367500&mime=video%2Fwebm&gir=yes&clen=196041322&dur=355.520&lmt=1567776973979297&mt=1572308865&fvip=1&keepalive=yes&fexp=23842630&c=WEB&txp=4531432&sparams=expire%2Cei%2Cip%2Cid%2Caitags%2Csource%2Crequiressl%2Cmime%2Cgir%2Cclen%2Cdur%2Clmt&sig=ALgxI2wwRAIgfKpeCGegvMi9o46dHW7C6gy6jCUs85XAPo5cB_Rggn0CIFbbCWyTyf9TV_jLqx77YX560nJXJZMVs9ruVJOBK9wg&lsparams=mm%2Cmn%2Cms%2Cmv%2Cmvi%2Cpl%2Cinitcwndbps&lsig=AHylml4wRAIgLpv10Q_cuXs02-QOdNrI9Ek2APf7K_47AzayHl6L4RkCICucBSwf0TDk9KogCzsr0sZWzs5iYKwq5EIrW482Ulgq&alr=yes&cpn=bivl3TrnIcB5b6Qq&cver=2.20191022.06.00&range=26932047-31126350&rn=18&rbuf=29984,97.29326693333336,3924701.4033613447
12,10.261294189602443,,,,,,,,4833354.0,4194304,,35320654.0,31126351.0,18,,,,6,,,,,,,,,,,,,,,,,,,,,,,,,5.760000000000005,3.27,,,,,,,,60.92,55.16,1572309050.651,1572309047.336,https://r1---sn-4g5e6nzs.googlevideo.com/videoplayback?expire=1572330617&ei=GYi3Xe-WOY6F-gb3-arICg&ip=3.122.179.7&id=o-AG0aJWp7gX8MPeK5GezHg-tHiycYGNyitfgbbpTIRGhZ&itag=271&aitags=133%2C134%2C135%2C136%2C137%2C160%2C242%2C243%2C244%2C247%2C248%2C271%2C278%2C313&source=youtube&requiressl=yes&mm=31%2C29&mn=sn-4g5e6nzs%2Csn-4g5ednsy&ms=au%2Crdu&mv=m&mvi=0&pl=19&initcwndbps=367500&mime=video%2Fwebm&gir=yes&clen=196041322&dur=355.520&lmt=1567776973979297&mt=1572308865&fvip=1&keepalive=yes&fexp=23842630&c=WEB&txp=4531432&sparams=expire%2Cei%2Cip%2Cid%2Caitags%2Csource%2Crequiressl%2Cmime%2Cgir%2Cclen%2Cdur%2Clmt&sig=ALgxI2wwRAIgfKpeCGegvMi9o46dHW7C6gy6jCUs85XAPo5cB_Rggn0CIFbbCWyTyf9TV_jLqx77YX560nJXJZMVs9ruVJOBK9wg&lsparams=mm%2Cmn%2Cms%2Cmv%2Cmvi%2Cpl%2Cinitcwndbps&lsig=AHylml4wRAIgLpv10Q_cuXs02-QOdNrI9Ek2APf7K_47AzayHl6L4RkCICucBSwf0TDk9KogCzsr0sZWzs5iYKwq5EIrW482Ulgq&alr=yes&cpn=bivl3TrnIcB5b6Qq&cver=2.20191022.06.00&range=31126351-35320654&rn=20&rbuf=32596,97.61464600000004,3924701.4033613447
13,10.285366068618194,,,,,,,,4493952.0,4084576,,39405230.0,35320655.0,20,,,,6,,,,,,,,,,,,,,,,,,,,,,,,,6.280000000000001,3.177,,,,,,,,67.2,60.92,1572309053.829,1572309050.644,https://r1---sn-4g5e6nzs.googlevideo.com/videoplayback?expire=1572330617&ei=GYi3Xe-WOY6F-gb3-arICg&ip=3.122.179.7&id=o-AG0aJWp7gX8MPeK5GezHg-tHiycYGNyitfgbbpTIRGhZ&itag=271&aitags=133%2C134%2C135%2C136%2C137%2C160%2C242%2C243%2C244%2C247%2C248%2C271%2C278%2C313&source=youtube&requiressl=yes&mm=31%2C29&mn=sn-4g5e6nzs%2Csn-4g5ednsy&ms=au%2Crdu&mv=m&mvi=0&pl=19&initcwndbps=367500&mime=video%2Fwebm&gir=yes&clen=196041322&dur=355.520&lmt=1567776973979297&mt=1572308865&fvip=1&keepalive=yes&fexp=23842630&c=WEB&txp=4531432&sparams=expire%2Cei%2Cip%2Cid%2Caitags%2Csource%2Crequiressl%2Cmime%2Cgir%2Cclen%2Cdur%2Clmt&sig=ALgxI2wwRAIgfKpeCGegvMi9o46dHW7C6gy6jCUs85XAPo5cB_Rggn0CIFbbCWyTyf9TV_jLqx77YX560nJXJZMVs9ruVJOBK9wg&lsparams=mm%2Cmn%2Cms%2Cmv%2Cmvi%2Cpl%2Cinitcwndbps&lsig=AHylml4wRAIgLpv10Q_cuXs02-QOdNrI9Ek2APf7K_47AzayHl6L4RkCICucBSwf0TDk9KogCzsr0sZWzs5iYKwq5EIrW482Ulgq&alr=yes&cpn=bivl3TrnIcB5b6Qq&cver=2.20191022.06.00&range=35320655-39405230&rn=21&rbuf=35160,96.28435283783784,3924701.4033613447
14,10.290863913824056,,,,,,,,4633824.0,3582507,,42987737.0,39405231.0,22,,,,6,,,,,,,,,,,,,,,,,,,,,,,,,5.11999999999999,2.785,,,,,,,,72.32,67.2,1572309056.822,1572309053.8379998,https://r1---sn-4g5e6nzs.googlevideo.com/videoplayback?expire=1572330617&ei=GYi3Xe-WOY6F-gb3-arICg&ip=3.122.179.7&id=o-AG0aJWp7gX8MPeK5GezHg-tHiycYGNyitfgbbpTIRGhZ&itag=271&aitags=133%2C134%2C135%2C136%2C137%2C160%2C242%2C243%2C244%2C247%2C248%2C271%2C278%2C313&source=youtube&requiressl=yes&mm=31%2C29&mn=sn-4g5e6nzs%2Csn-4g5ednsy&ms=au%2Crdu&mv=m&mvi=0&pl=19&initcwndbps=367500&mime=video%2Fwebm&gir=yes&clen=196041322&dur=355.520&lmt=1567776973979297&mt=1572308865&fvip=1&keepalive=yes&fexp=23842630&c=WEB&txp=4531432&sparams=expire%2Cei%2Cip%2Cid%2Caitags%2Csource%2Crequiressl%2Cmime%2Cgir%2Cclen%2Cdur%2Clmt&sig=ALgxI2wwRAIgfKpeCGegvMi9o46dHW7C6gy6jCUs85XAPo5cB_Rggn0CIFbbCWyTyf9TV_jLqx77YX560nJXJZMVs9ruVJOBK9wg&lsparams=mm%2Cmn%2Cms%2Cmv%2Cmvi%2Cpl%2Cinitcwndbps&lsig=AHylml4wRAIgLpv10Q_cuXs02-QOdNrI9Ek2APf7K_47AzayHl6L4RkCICucBSwf0TDk9KogCzsr0sZWzs5iYKwq5EIrW482Ulgq&alr=yes&cpn=bivl3TrnIcB5b6Qq&cver=2.20191022.06.00&range=39405231-42987737&rn=22&rbuf=38082,97.44934093333332,3924701.4033613447
15,9.694669662921347,,,,,,,,4854912.0,3774862,,46762599.0,42987738.0,24,,,,6,,,,,,,,,,,,,,,,,,,,,,,,,5.1200000000000045,3.115,,,,,,,,77.44,72.32,1572309060.418,1572309057.295,https://r1---sn-4g5e6nzs.googlevideo.com/videoplayback?expire=1572330617&ei=GYi3Xe-WOY6F-gb3-arICg&ip=3.122.179.7&id=o-AG0aJWp7gX8MPeK5GezHg-tHiycYGNyitfgbbpTIRGhZ&itag=271&aitags=133%2C134%2C135%2C136%2C137%2C160%2C242%2C243%2C244%2C247%2C248%2C271%2C278%2C313&source=youtube&requiressl=yes&mm=31%2C29&mn=sn-4g5e6nzs%2Csn-4g5ednsy&ms=au%2Crdu&mv=m&mvi=0&pl=19&initcwndbps=367500&mime=video%2Fwebm&gir=yes&clen=196041322&dur=355.520&lmt=1567776973979297&mt=1572308865&fvip=1&keepalive=yes&fexp=23842630&c=WEB&txp=4531432&sparams=expire%2Cei%2Cip%2Cid%2Caitags%2Csource%2Crequiressl%2Cmime%2Cgir%2Cclen%2Cdur%2Clmt&sig=ALgxI2wwRAIgfKpeCGegvMi9o46dHW7C6gy6jCUs85XAPo5cB_Rggn0CIFbbCWyTyf9TV_jLqx77YX560nJXJZMVs9ruVJOBK9wg&lsparams=mm%2Cmn%2Cms%2Cmv%2Cmvi%2Cpl%2Cinitcwndbps&lsig=AHylml4wRAIgLpv10Q_cuXs02-QOdNrI9Ek2APf7K_47AzayHl6L4RkCICucBSwf0TDk9KogCzsr0sZWzs5iYKwq5EIrW482Ulgq&alr=yes&cpn=bivl3TrnIcB5b6Qq&cver=2.20191022.06.00&range=42987738-46762599&rn=24&rbuf=39701,95.01626266666665,3924701.4033613447
16,9.263205972771187,,,,,,,,4036736.0,2636540,,49399139.0,46762600.0,25,,,,6,,,,,,,,,,,,,,,,,,,,,,,,,5.3599999999999985,2.2769999999999997,,,,,,,,82.8,77.44,1572309062.492,1572309060.208,https://r1---sn-4g5e6nzs.googlevideo.com/videoplayback?expire=1572330617&ei=GYi3Xe-WOY6F-gb3-arICg&ip=3.122.179.7&id=o-AG0aJWp7gX8MPeK5GezHg-tHiycYGNyitfgbbpTIRGhZ&itag=271&aitags=133%2C134%2C135%2C136%2C137%2C160%2C242%2C243%2C244%2C247%2C248%2C271%2C278%2C313&source=youtube&requiressl=yes&mm=31%2C29&mn=sn-4g5e6nzs%2Csn-4g5ednsy&ms=au%2Crdu&mv=m&mvi=0&pl=19&initcwndbps=367500&mime=video%2Fwebm&gir=yes&clen=196041322&dur=355.520&lmt=1567776973979297&mt=1572308865&fvip=1&keepalive=yes&fexp=23842630&c=WEB&txp=4531432&sparams=expire%2Cei%2Cip%2Cid%2Caitags%2Csource%2Crequiressl%2Cmime%2Cgir%2Cclen%2Cdur%2Clmt&sig=ALgxI2wwRAIgfKpeCGegvMi9o46dHW7C6gy6jCUs85XAPo5cB_Rggn0CIFbbCWyTyf9TV_jLqx77YX560nJXJZMVs9ruVJOBK9wg&lsparams=mm%2Cmn%2Cms%2Cmv%2Cmvi%2Cpl%2Cinitcwndbps&lsig=AHylml4wRAIgLpv10Q_cuXs02-QOdNrI9Ek2APf7K_47AzayHl6L4RkCICucBSwf0TDk9KogCzsr0sZWzs5iYKwq5EIrW482Ulgq&alr=yes&cpn=bivl3TrnIcB5b6Qq&cver=2.20191022.06.00&range=46762600-49399139&rn=25&rbuf=41822,94.60260493333332,3924701.4033613447
17,9.942053925925926,,,,,,,,3876810.0,4194304,,53593443.0,49399140.0,27,,,,6,,,,,,,,,,,,,,,,,,,,,,,,,9.400000000000006,3.375,,,,,,,,92.2,82.8,1572309065.661,1572309062.2779999,https://r1---sn-4g5e6nzs.googlevideo.com/videoplayback?expire=1572330617&ei=GYi3Xe-WOY6F-gb3-arICg&ip=3.122.179.7&id=o-AG0aJWp7gX8MPeK5GezHg-tHiycYGNyitfgbbpTIRGhZ&itag=271&aitags=133%2C134%2C135%2C136%2C137%2C160%2C242%2C243%2C244%2C247%2C248%2C271%2C278%2C313&source=youtube&requiressl=yes&mm=31%2C29&mn=sn-4g5e6nzs%2Csn-4g5ednsy&ms=au%2Crdu&mv=m&mvi=0&pl=19&initcwndbps=367500&mime=video%2Fwebm&gir=yes&clen=196041322&dur=355.520&lmt=1567776973979297&mt=1572308865&fvip=1&keepalive=yes&fexp=23842630&c=WEB&txp=4531432&sparams=expire%2Cei%2Cip%2Cid%2Caitags%2Csource%2Crequiressl%2Cmime%2Cgir%2Cclen%2Cdur%2Clmt&sig=ALgxI2wwRAIgfKpeCGegvMi9o46dHW7C6gy6jCUs85XAPo5cB_Rggn0CIFbbCWyTyf9TV_jLqx77YX560nJXJZMVs9ruVJOBK9wg&lsparams=mm%2Cmn%2Cms%2Cmv%2Cmvi%2Cpl%2Cinitcwndbps&lsig=AHylml4wRAIgLpv10Q_cuXs02-QOdNrI9Ek2APf7K_47AzayHl6L4RkCICucBSwf0TDk9KogCzsr0sZWzs5iYKwq5EIrW482Ulgq&alr=yes&cpn=bivl3TrnIcB5b6Qq&cver=2.20191022.06.00&range=49399140-53593443&rn=26&rbuf=45182,94.90782413333336,3924701.4033613447
18,10.267106796116504,,,,,,,,3485770.0,3569103,,57162546.0,53593444.0,30,,,,6,,,,,,,,,,,,,,,,,,,,,,,,,6.3599999999999985,2.781,,,,,,,,98.56,92.2,1572309072.8760002,1572309070.093,https://r1---sn-4g5e6nzs.googlevideo.com/videoplayback?expire=1572330617&ei=GYi3Xe-WOY6F-gb3-arICg&ip=3.122.179.7&id=o-AG0aJWp7gX8MPeK5GezHg-tHiycYGNyitfgbbpTIRGhZ&itag=271&aitags=133%2C134%2C135%2C136%2C137%2C160%2C242%2C243%2C244%2C247%2C248%2C271%2C278%2C313&source=youtube&requiressl=yes&mm=31%2C29&mn=sn-4g5e6nzs%2Csn-4g5ednsy&ms=au%2Crdu&mv=m&mvi=0&pl=19&initcwndbps=367500&mime=video%2Fwebm&gir=yes&clen=196041322&dur=355.520&lmt=1567776973979297&mt=1572308865&fvip=1&keepalive=yes&fexp=23842630&c=WEB&txp=4531432&sparams=expire%2Cei%2Cip%2Cid%2Caitags%2Csource%2Crequiressl%2Cmime%2Cgir%2Cclen%2Cdur%2Clmt&sig=ALgxI2wwRAIgfKpeCGegvMi9o46dHW7C6gy6jCUs85XAPo5cB_Rggn0CIFbbCWyTyf9TV_jLqx77YX560nJXJZMVs9ruVJOBK9wg&lsparams=mm%2Cmn%2Cms%2Cmv%2Cmvi%2Cpl%2Cinitcwndbps&lsig=AHylml4wRAIgLpv10Q_cuXs02-QOdNrI9Ek2APf7K_47AzayHl6L4RkCICucBSwf0TDk9KogCzsr0sZWzs5iYKwq5EIrW482Ulgq&alr=yes&cpn=bivl3TrnIcB5b6Qq&cver=2.20191022.06.00&range=53593444-57162546&rn=27&rbuf=46379,95.83119733333332,3924701.4033613447
19,10.306966131907307,,,,,,,,2546773.0,722776,,11412577.0,10689802.0,15,,,,5,,,,,,,,,,,,,,,,,,,,,,,,,2.160000000000004,0.561,,,,,,,,48.88,46.72,1572309076.428,1572309075.795,https://r1---sn-4g5e6nzs.googlevideo.com/videoplayback?expire=1572330617&ei=GYi3Xe-WOY6F-gb3-arICg&ip=3.122.179.7&id=o-AG0aJWp7gX8MPeK5GezHg-tHiycYGNyitfgbbpTIRGhZ&itag=248&aitags=133%2C134%2C135%2C136%2C137%2C160%2C242%2C243%2C244%2C247%2C248%2C271%2C278%2C313&source=youtube&requiressl=yes&mm=31%2C29&mn=sn-4g5e6nzs%2Csn-4g5ednsy&ms=au%2Crdu&mv=m&mvi=0&pl=19&initcwndbps=367500&mime=video%2Fwebm&gir=yes&clen=86263764&dur=355.520&lmt=1567776880289010&mt=1572308865&fvip=1&keepalive=yes&fexp=23842630&c=WEB&txp=4531432&sparams=expire%2Cei%2Cip%2Cid%2Caitags%2Csource%2Crequiressl%2Cmime%2Cgir%2Cclen%2Cdur%2Clmt&sig=ALgxI2wwRQIgXyDCSX8-ZNzSE7E7NHnDkpUIWq-FnX5XjwoHTno5XvwCIQDVqs2yIpRFSQKMH5y9XT7jJ0g2-7m3CFeWwEWllO0QEQ%3D%3D&lsparams=mm%2Cmn%2Cms%2Cmv%2Cmvi%2Cpl%2Cinitcwndbps&lsig=AHylml4wRAIgLpv10Q_cuXs02-QOdNrI9Ek2APf7K_47AzayHl6L4RkCICucBSwf0TDk9KogCzsr0sZWzs5iYKwq5EIrW482Ulgq&alr=yes&cpn=bivl3TrnIcB5b6Qq&cver=2.20191022.06.00&range=10689802-11412577&rn=30&rbuf=0,90.41015599999996,2525069.7731092437
20,8.895704615384616,,,,,,,,3332362.0,722776,,12135353.0,11412578.0,16,,,,5,,,,,,,,,,,,,,,,,,,,,,,,,2.519999999999996,0.65,,,,,,,,51.4,48.88,1572309077.296,1572309076.6360002,https://r1---sn-4g5e6nzs.googlevideo.com/videoplayback?expire=1572330617&ei=GYi3Xe-WOY6F-gb3-arICg&ip=3.122.179.7&id=o-AG0aJWp7gX8MPeK5GezHg-tHiycYGNyitfgbbpTIRGhZ&itag=248&aitags=133%2C134%2C135%2C136%2C137%2C160%2C242%2C243%2C244%2C247%2C248%2C271%2C278%2C313&source=youtube&requiressl=yes&mm=31%2C29&mn=sn-4g5e6nzs%2Csn-4g5ednsy&ms=au%2Crdu&mv=m&mvi=0&pl=19&initcwndbps=367500&mime=video%2Fwebm&gir=yes&clen=86263764&dur=355.520&lmt=1567776880289010&mt=1572308865&fvip=1&keepalive=yes&fexp=23842630&c=WEB&txp=4531432&sparams=expire%2Cei%2Cip%2Cid%2Caitags%2Csource%2Crequiressl%2Cmime%2Cgir%2Cclen%2Cdur%2Clmt&sig=ALgxI2wwRQIgXyDCSX8-ZNzSE7E7NHnDkpUIWq-FnX5XjwoHTno5XvwCIQDVqs2yIpRFSQKMH5y9XT7jJ0g2-7m3CFeWwEWllO0QEQ%3D%3D&lsparams=mm%2Cmn%2Cms%2Cmv%2Cmvi%2Cpl%2Cinitcwndbps&lsig=AHylml4wRAIgLpv10Q_cuXs02-QOdNrI9Ek2APf7K_47AzayHl6L4RkCICucBSwf0TDk9KogCzsr0sZWzs5iYKwq5EIrW482Ulgq&alr=yes&cpn=bivl3TrnIcB5b6Qq&cver=2.20191022.06.00&range=11412578-12135353&rn=32&rbuf=0,89.29896626666665,2525069.7731092437
21,8.201713475177305,,,,,,,,3591552.0,722776,,12858129.0,12135354.0,17,,,,5,,,,,,,,,,,,,,,,,,,,,,,,,2.3999999999999986,0.705,,,,,,,,53.8,51.4,1572309077.856,1572309077.141,https://r1---sn-4g5e6nzs.googlevideo.com/videoplayback?expire=1572330617&ei=GYi3Xe-WOY6F-gb3-arICg&ip=3.122.179.7&id=o-AG0aJWp7gX8MPeK5GezHg-tHiycYGNyitfgbbpTIRGhZ&itag=248&aitags=133%2C134%2C135%2C136%2C137%2C160%2C242%2C243%2C244%2C247%2C248%2C271%2C278%2C313&source=youtube&requiressl=yes&mm=31%2C29&mn=sn-4g5e6nzs%2Csn-4g5ednsy&ms=au%2Crdu&mv=m&mvi=0&pl=19&initcwndbps=367500&mime=video%2Fwebm&gir=yes&clen=86263764&dur=355.520&lmt=1567776880289010&mt=1572308865&fvip=1&keepalive=yes&fexp=23842630&c=WEB&txp=4531432&sparams=expire%2Cei%2Cip%2Cid%2Caitags%2Csource%2Crequiressl%2Cmime%2Cgir%2Cclen%2Cdur%2Clmt&sig=ALgxI2wwRQIgXyDCSX8-ZNzSE7E7NHnDkpUIWq-FnX5XjwoHTno5XvwCIQDVqs2yIpRFSQKMH5y9XT7jJ0g2-7m3CFeWwEWllO0QEQ%3D%3D&lsparams=mm%2Cmn%2Cms%2Cmv%2Cmvi%2Cpl%2Cinitcwndbps&lsig=AHylml4wRAIgLpv10Q_cuXs02-QOdNrI9Ek2APf7K_47AzayHl6L4RkCICucBSwf0TDk9KogCzsr0sZWzs5iYKwq5EIrW482Ulgq&alr=yes&cpn=bivl3TrnIcB5b6Qq&cver=2.20191022.06.00&range=12135354-12858129&rn=33&rbuf=430,89.64714216216215,2525069.7731092437
22,9.984411764705884,,,,,,,,3591552.0,678940,,13537069.0,12858130.0,17,,,,5,,,,,,,,,,,,,,,,,,,,,,,,,3.160000000000004,0.544,,,,,,,,56.96,53.8,1572309078.425,1572309077.8660002,https://r1---sn-4g5e6nzs.googlevideo.com/videoplayback?expire=1572330617&ei=GYi3Xe-WOY6F-gb3-arICg&ip=3.122.179.7&id=o-AG0aJWp7gX8MPeK5GezHg-tHiycYGNyitfgbbpTIRGhZ&itag=248&aitags=133%2C134%2C135%2C136%2C137%2C160%2C242%2C243%2C244%2C247%2C248%2C271%2C278%2C313&source=youtube&requiressl=yes&mm=31%2C29&mn=sn-4g5e6nzs%2Csn-4g5ednsy&ms=au%2Crdu&mv=m&mvi=0&pl=19&initcwndbps=367500&mime=video%2Fwebm&gir=yes&clen=86263764&dur=355.520&lmt=1567776880289010&mt=1572308865&fvip=1&keepalive=yes&fexp=23842630&c=WEB&txp=4531432&sparams=expire%2Cei%2Cip%2Cid%2Caitags%2Csource%2Crequiressl%2Cmime%2Cgir%2Cclen%2Cdur%2Clmt&sig=ALgxI2wwRQIgXyDCSX8-ZNzSE7E7NHnDkpUIWq-FnX5XjwoHTno5XvwCIQDVqs2yIpRFSQKMH5y9XT7jJ0g2-7m3CFeWwEWllO0QEQ%3D%3D&lsparams=mm%2Cmn%2Cms%2Cmv%2Cmvi%2Cpl%2Cinitcwndbps&lsig=AHylml4wRAIgLpv10Q_cuXs02-QOdNrI9Ek2APf7K_47AzayHl6L4RkCICucBSwf0TDk9KogCzsr0sZWzs5iYKwq5EIrW482Ulgq&alr=yes&cpn=bivl3TrnIcB5b6Qq&cver=2.20191022.06.00&range=12858130-13537069&rn=35&rbuf=3197,89.64714216216215,2525069.7731092437
23,10.083865814696486,,,,,,,,3243626.0,1578125,,15115194.0,13537070.0,18,,,,5,,,,,,,,,,,,,,,,,,,,,,,,,5.119999999999997,1.252,,,,,,,,62.08,56.96,1572309079.6460001,1572309078.3820002,https://r1---sn-4g5e6nzs.googlevideo.com/videoplayback?expire=1572330617&ei=GYi3Xe-WOY6F-gb3-arICg&ip=3.122.179.7&id=o-AG0aJWp7gX8MPeK5GezHg-tHiycYGNyitfgbbpTIRGhZ&itag=248&aitags=133%2C134%2C135%2C136%2C137%2C160%2C242%2C243%2C244%2C247%2C248%2C271%2C278%2C313&source=youtube&requiressl=yes&mm=31%2C29&mn=sn-4g5e6nzs%2Csn-4g5ednsy&ms=au%2Crdu&mv=m&mvi=0&pl=19&initcwndbps=367500&mime=video%2Fwebm&gir=yes&clen=86263764&dur=355.520&lmt=1567776880289010&mt=1572308865&fvip=1&keepalive=yes&fexp=23842630&c=WEB&txp=4531432&sparams=expire%2Cei%2Cip%2Cid%2Caitags%2Csource%2Crequiressl%2Cmime%2Cgir%2Cclen%2Cdur%2Clmt&sig=ALgxI2wwRQIgXyDCSX8-ZNzSE7E7NHnDkpUIWq-FnX5XjwoHTno5XvwCIQDVqs2yIpRFSQKMH5y9XT7jJ0g2-7m3CFeWwEWllO0QEQ%3D%3D&lsparams=mm%2Cmn%2Cms%2Cmv%2Cmvi%2Cpl%2Cinitcwndbps&lsig=AHylml4wRAIgLpv10Q_cuXs02-QOdNrI9Ek2APf7K_47AzayHl6L4RkCICucBSwf0TDk9KogCzsr0sZWzs5iYKwq5EIrW482Ulgq&alr=yes&cpn=bivl3TrnIcB5b6Qq&cver=2.20191022.06.00&range=13537070-15115194&rn=36&rbuf=5789,90.34203133333338,2525069.7731092437
24,10.250857845145433,,,,,,,,2871637.0,3127793,,18242987.0,15115195.0,20,,,,5,,,,,,,,,,,,,,,,,,,,,,,,,10.239999999999997,2.441,,,,,,,,72.32,62.08,1572309082.218,1572309079.72,https://r1---sn-4g5e6nzs.googlevideo.com/videoplayback?expire=1572330617&ei=GYi3Xe-WOY6F-gb3-arICg&ip=3.122.179.7&id=o-AG0aJWp7gX8MPeK5GezHg-tHiycYGNyitfgbbpTIRGhZ&itag=248&aitags=133%2C134%2C135%2C136%2C137%2C160%2C242%2C243%2C244%2C247%2C248%2C271%2C278%2C313&source=youtube&requiressl=yes&mm=31%2C29&mn=sn-4g5e6nzs%2Csn-4g5ednsy&ms=au%2Crdu&mv=m&mvi=0&pl=19&initcwndbps=367500&mime=video%2Fwebm&gir=yes&clen=86263764&dur=355.520&lmt=1567776880289010&mt=1572308865&fvip=1&keepalive=yes&fexp=23842630&c=WEB&txp=4531432&sparams=expire%2Cei%2Cip%2Cid%2Caitags%2Csource%2Crequiressl%2Cmime%2Cgir%2Cclen%2Cdur%2Clmt&sig=ALgxI2wwRQIgXyDCSX8-ZNzSE7E7NHnDkpUIWq-FnX5XjwoHTno5XvwCIQDVqs2yIpRFSQKMH5y9XT7jJ0g2-7m3CFeWwEWllO0QEQ%3D%3D&lsparams=mm%2Cmn%2Cms%2Cmv%2Cmvi%2Cpl%2Cinitcwndbps&lsig=AHylml4wRAIgLpv10Q_cuXs02-QOdNrI9Ek2APf7K_47AzayHl6L4RkCICucBSwf0TDk9KogCzsr0sZWzs5iYKwq5EIrW482Ulgq&alr=yes&cpn=bivl3TrnIcB5b6Qq&cver=2.20191022.06.00&range=15115195-18242987&rn=38&rbuf=9785,89.01905729729727,2525069.7731092437
25,10.255589161940767,,,,,,,,3109770.0,4068905,,22311892.0,18242988.0,24,,,,5,,,,,,,,,,,,,,,,,,,,,,,,,15.960000000000008,3.174,,,,,,,,88.28,72.32,1572309086.169,1572309082.992,https://r1---sn-4g5e6nzs.googlevideo.com/videoplayback?expire=1572330617&ei=GYi3Xe-WOY6F-gb3-arICg&ip=3.122.179.7&id=o-AG0aJWp7gX8MPeK5GezHg-tHiycYGNyitfgbbpTIRGhZ&itag=248&aitags=133%2C134%2C135%2C136%2C137%2C160%2C242%2C243%2C244%2C247%2C248%2C271%2C278%2C313&source=youtube&requiressl=yes&mm=31%2C29&mn=sn-4g5e6nzs%2Csn-4g5ednsy&ms=au%2Crdu&mv=m&mvi=0&pl=19&initcwndbps=367500&mime=video%2Fwebm&gir=yes&clen=86263764&dur=355.520&lmt=1567776880289010&mt=1572308865&fvip=1&keepalive=yes&fexp=23842630&c=WEB&txp=4531432&sparams=expire%2Cei%2Cip%2Cid%2Caitags%2Csource%2Crequiressl%2Cmime%2Cgir%2Cclen%2Cdur%2Clmt&sig=ALgxI2wwRQIgXyDCSX8-ZNzSE7E7NHnDkpUIWq-FnX5XjwoHTno5XvwCIQDVqs2yIpRFSQKMH5y9XT7jJ0g2-7m3CFeWwEWllO0QEQ%3D%3D&lsparams=mm%2Cmn%2Cms%2Cmv%2Cmvi%2Cpl%2Cinitcwndbps&lsig=AHylml4wRAIgLpv10Q_cuXs02-QOdNrI9Ek2APf7K_47AzayHl6L4RkCICucBSwf0TDk9KogCzsr0sZWzs5iYKwq5EIrW482Ulgq&alr=yes&cpn=bivl3TrnIcB5b6Qq&cver=2.20191022.06.00&range=18242988-22311892&rn=41&rbuf=16525,88.26743399999998,2525069.7731092437
26,10.286226361031519,,,,,,,,2188320.0,3589893,,25901785.0,22311893.0,29,,,,5,,,,,,,,,,,,,,,,,,,,,,,,,15.400000000000004,2.7920000000000003,,,,,,,,103.68,88.28,1572309094.289,1572309091.494,https://r1---sn-4g5e6nzs.googlevideo.com/videoplayback?expire=1572330617&ei=GYi3Xe-WOY6F-gb3-arICg&ip=3.122.179.7&id=o-AG0aJWp7gX8MPeK5GezHg-tHiycYGNyitfgbbpTIRGhZ&itag=248&aitags=133%2C134%2C135%2C136%2C137%2C160%2C242%2C243%2C244%2C247%2C248%2C271%2C278%2C313&source=youtube&requiressl=yes&mm=31%2C29&mn=sn-4g5e6nzs%2Csn-4g5ednsy&ms=au%2Crdu&mv=m&mvi=0&pl=19&initcwndbps=367500&mime=video%2Fwebm&gir=yes&clen=86263764&dur=355.520&lmt=1567776880289010&mt=1572308865&fvip=1&keepalive=yes&fexp=23842630&c=WEB&txp=4531432&sparams=expire%2Cei%2Cip%2Cid%2Caitags%2Csource%2Crequiressl%2Cmime%2Cgir%2Cclen%2Cdur%2Clmt&sig=ALgxI2wwRQIgXyDCSX8-ZNzSE7E7NHnDkpUIWq-FnX5XjwoHTno5XvwCIQDVqs2yIpRFSQKMH5y9XT7jJ0g2-7m3CFeWwEWllO0QEQ%3D%3D&lsparams=mm%2Cmn%2Cms%2Cmv%2Cmvi%2Cpl%2Cinitcwndbps&lsig=AHylml4wRAIgLpv10Q_cuXs02-QOdNrI9Ek2APf7K_47AzayHl6L4RkCICucBSwf0TDk9KogCzsr0sZWzs5iYKwq5EIrW482Ulgq&alr=yes&cpn=bivl3TrnIcB5b6Qq&cver=2.20191022.06.00&range=22311893-25901785&rn=43&rbuf=23984,87.9663681081081,2525069.7731092437
27,10.262644763860367,,,,,,,,2238954.0,3748431,,29650216.0,25901786.0,34,,,,5,,,,,,,,,,,,,,,,,,,,,,,,,15.11999999999999,2.9219999999999997,,,,,,,,118.8,103.68,1572309101.917,1572309098.992,https://r1---sn-4g5e6nzs.googlevideo.com/videoplayback?expire=1572330617&ei=GYi3Xe-WOY6F-gb3-arICg&ip=3.122.179.7&id=o-AG0aJWp7gX8MPeK5GezHg-tHiycYGNyitfgbbpTIRGhZ&itag=248&aitags=133%2C134%2C135%2C136%2C137%2C160%2C242%2C243%2C244%2C247%2C248%2C271%2C278%2C313&source=youtube&requiressl=yes&mm=31%2C29&mn=sn-4g5e6nzs%2Csn-4g5ednsy&ms=au%2Crdu&mv=m&mvi=0&pl=19&initcwndbps=367500&mime=video%2Fwebm&gir=yes&clen=86263764&dur=355.520&lmt=1567776880289010&mt=1572308865&fvip=1&keepalive=yes&fexp=23842630&c=WEB&txp=4531432&sparams=expire%2Cei%2Cip%2Cid%2Caitags%2Csource%2Crequiressl%2Cmime%2Cgir%2Cclen%2Cdur%2Clmt&sig=ALgxI2wwRQIgXyDCSX8-ZNzSE7E7NHnDkpUIWq-FnX5XjwoHTno5XvwCIQDVqs2yIpRFSQKMH5y9XT7jJ0g2-7m3CFeWwEWllO0QEQ%3D%3D&lsparams=mm%2Cmn%2Cms%2Cmv%2Cmvi%2Cpl%2Cinitcwndbps&lsig=AHylml4wRAIgLpv10Q_cuXs02-QOdNrI9Ek2APf7K_47AzayHl6L4RkCICucBSwf0TDk9KogCzsr0sZWzs5iYKwq5EIrW482Ulgq&alr=yes&cpn=bivl3TrnIcB5b6Qq&cver=2.20191022.06.00&range=25901786-29650216&rn=45&rbuf=31885,86.28491613333333,2525069.7731092437
28,10.245704374057317,,,,,,,,3111274.0,3396451,,33046667.0,29650217.0,39,,,,5,,,,,,,,,,,,,,,,,,,,,,,,,10.480000000000004,2.6519999999999997,,,,,,,,129.28,118.8,1572309109.03,1572309106.3739998,https://r1---sn-4g5e6nzs.googlevideo.com/videoplayback?expire=1572330617&ei=GYi3Xe-WOY6F-gb3-arICg&ip=3.122.179.7&id=o-AG0aJWp7gX8MPeK5GezHg-tHiycYGNyitfgbbpTIRGhZ&itag=248&aitags=133%2C134%2C135%2C136%2C137%2C160%2C242%2C243%2C244%2C247%2C248%2C271%2C278%2C313&source=youtube&requiressl=yes&mm=31%2C29&mn=sn-4g5e6nzs%2Csn-4g5ednsy&ms=au%2Crdu&mv=m&mvi=0&pl=19&initcwndbps=367500&mime=video%2Fwebm&gir=yes&clen=86263764&dur=355.520&lmt=1567776880289010&mt=1572308865&fvip=1&keepalive=yes&fexp=23842630&c=WEB&txp=4531432&sparams=expire%2Cei%2Cip%2Cid%2Caitags%2Csource%2Crequiressl%2Cmime%2Cgir%2Cclen%2Cdur%2Clmt&sig=ALgxI2wwRQIgXyDCSX8-ZNzSE7E7NHnDkpUIWq-FnX5XjwoHTno5XvwCIQDVqs2yIpRFSQKMH5y9XT7jJ0g2-7m3CFeWwEWllO0QEQ%3D%3D&lsparams=mm%2Cmn%2Cms%2Cmv%2Cmvi%2Cpl%2Cinitcwndbps&lsig=AHylml4wRAIgLpv10Q_cuXs02-QOdNrI9Ek2APf7K_47AzayHl6L4RkCICucBSwf0TDk9KogCzsr0sZWzs5iYKwq5EIrW482Ulgq&alr=yes&cpn=bivl3TrnIcB5b6Qq&cver=2.20191022.06.00&range=29650217-33046667&rn=46&rbuf=39754,91.94839266666668,2525069.7731092437
29,10.278807760141092,,,,,,,,2615957.0,2914042,,35960709.0,33046668.0,43,,,,5,,,,,,,,,,,,,,,,,,,,,,,,,10.240000000000009,2.268,,,,,,,,139.52,129.28,1572309113.5119998,1572309111.2410002,https://r1---sn-4g5e6nzs.googlevideo.com/videoplayback?expire=1572330617&ei=GYi3Xe-WOY6F-gb3-arICg&ip=3.122.179.7&id=o-AG0aJWp7gX8MPeK5GezHg-tHiycYGNyitfgbbpTIRGhZ&itag=248&aitags=133%2C134%2C135%2C136%2C137%2C160%2C242%2C243%2C244%2C247%2C248%2C271%2C278%2C313&source=youtube&requiressl=yes&mm=31%2C29&mn=sn-4g5e6nzs%2Csn-4g5ednsy&ms=au%2Crdu&mv=m&mvi=0&pl=19&initcwndbps=367500&mime=video%2Fwebm&gir=yes&clen=86263764&dur=355.520&lmt=1567776880289010&mt=1572308865&fvip=1&keepalive=yes&fexp=23842630&c=WEB&txp=4531432&sparams=expire%2Cei%2Cip%2Cid%2Caitags%2Csource%2Crequiressl%2Cmime%2Cgir%2Cclen%2Cdur%2Clmt&sig=ALgxI2wwRQIgXyDCSX8-ZNzSE7E7NHnDkpUIWq-FnX5XjwoHTno5XvwCIQDVqs2yIpRFSQKMH5y9XT7jJ0g2-7m3CFeWwEWllO0QEQ%3D%3D&lsparams=mm%2Cmn%2Cms%2Cmv%2Cmvi%2Cpl%2Cinitcwndbps&lsig=AHylml4wRAIgLpv10Q_cuXs02-QOdNrI9Ek2APf7K_47AzayHl6L4RkCICucBSwf0TDk9KogCzsr0sZWzs5iYKwq5EIrW482Ulgq&alr=yes&cpn=bivl3TrnIcB5b6Qq&cver=2.20191022.06.00&range=33046668-35960709&rn=47&rbuf=45235,87.27099986666668,2525069.7731092437
30,10.293525383707202,,,,,,,,3592053.0,3269481,,39230190.0,35960710.0,46,,,,5,,,,,,,,,,,,,,,,,,,,,,,,,10.23999999999998,2.541,,,,,,,,149.76,139.52,1572309122.2879999,1572309119.7429998,https://r1---sn-4g5e6nzs.googlevideo.com/videoplayback?expire=1572330617&ei=GYi3Xe-WOY6F-gb3-arICg&ip=3.122.179.7&id=o-AG0aJWp7gX8MPeK5GezHg-tHiycYGNyitfgbbpTIRGhZ&itag=248&aitags=133%2C134%2C135%2C136%2C137%2C160%2C242%2C243%2C244%2C247%2C248%2C271%2C278%2C313&source=youtube&requiressl=yes&mm=31%2C29&mn=sn-4g5e6nzs%2Csn-4g5ednsy&ms=au%2Crdu&mv=m&mvi=0&pl=19&initcwndbps=367500&mime=video%2Fwebm&gir=yes&clen=86263764&dur=355.520&lmt=1567776880289010&mt=1572308865&fvip=1&keepalive=yes&fexp=23842630&c=WEB&txp=4531432&sparams=expire%2Cei%2Cip%2Cid%2Caitags%2Csource%2Crequiressl%2Cmime%2Cgir%2Cclen%2Cdur%2Clmt&sig=ALgxI2wwRQIgXyDCSX8-ZNzSE7E7NHnDkpUIWq-FnX5XjwoHTno5XvwCIQDVqs2yIpRFSQKMH5y9XT7jJ0g2-7m3CFeWwEWllO0QEQ%3D%3D&lsparams=mm%2Cmn%2Cms%2Cmv%2Cmvi%2Cpl%2Cinitcwndbps&lsig=AHylml4wRAIgLpv10Q_cuXs02-QOdNrI9Ek2APf7K_47AzayHl6L4RkCICucBSwf0TDk9KogCzsr0sZWzs5iYKwq5EIrW482Ulgq&alr=yes&cpn=bivl3TrnIcB5b6Qq&cver=2.20191022.06.00&range=35960710-39230190&rn=49&rbuf=46975,81.14988173333334,2525069.7731092437
31,10.261283075763288,,,,,,,,2580362.0,3402898,,42633088.0,39230191.0,49,,,,5,,,,,,,,,,,,,,,,,,,,,,,,,15.360000000000017,2.653,,,,,,,,165.12,149.76,1572309133.399,1572309130.7429998,https://r1---sn-4g5e6nzs.googlevideo.com/videoplayback?expire=1572330617&ei=GYi3Xe-WOY6F-gb3-arICg&ip=3.122.179.7&id=o-AG0aJWp7gX8MPeK5GezHg-tHiycYGNyitfgbbpTIRGhZ&itag=248&aitags=133%2C134%2C135%2C136%2C137%2C160%2C242%2C243%2C244%2C247%2C248%2C271%2C278%2C313&source=youtube&requiressl=yes&mm=31%2C29&mn=sn-4g5e6nzs%2Csn-4g5ednsy&ms=au%2Crdu&mv=m&mvi=0&pl=19&initcwndbps=367500&mime=video%2Fwebm&gir=yes&clen=86263764&dur=355.520&lmt=1567776880289010&mt=1572308865&fvip=1&keepalive=yes&fexp=23842630&c=WEB&txp=4531432&sparams=expire%2Cei%2Cip%2Cid%2Caitags%2Csource%2Crequiressl%2Cmime%2Cgir%2Cclen%2Cdur%2Clmt&sig=ALgxI2wwRQIgXyDCSX8-ZNzSE7E7NHnDkpUIWq-FnX5XjwoHTno5XvwCIQDVqs2yIpRFSQKMH5y9XT7jJ0g2-7m3CFeWwEWllO0QEQ%3D%3D&lsparams=mm%2Cmn%2Cms%2Cmv%2Cmvi%2Cpl%2Cinitcwndbps&lsig=AHylml4wRAIgLpv10Q_cuXs02-QOdNrI9Ek2APf7K_47AzayHl6L4RkCICucBSwf0TDk9KogCzsr0sZWzs5iYKwq5EIrW482Ulgq&alr=yes&cpn=bivl3TrnIcB5b6Qq&cver=2.20191022.06.00&range=39230191-42633088&rn=50&rbuf=46215,87.36671199999998,2525069.7731092437
32,10.27740855548667,,,,,,,,2530229.0,4144365,,46777453.0,42633089.0,55,,,,5,,,,,,,,,,,,,,,,,,,,,,,,,15.359999999999983,3.2260000000000004,,,,,,,,180.48,165.12,1572309148.4729998,1572309145.2429998,https://r1---sn-4g5e6nzs.googlevideo.com/videoplayback?expire=1572330617&ei=GYi3Xe-WOY6F-gb3-arICg&ip=3.122.179.7&id=o-AG0aJWp7gX8MPeK5GezHg-tHiycYGNyitfgbbpTIRGhZ&itag=248&aitags=133%2C134%2C135%2C136%2C137%2C160%2C242%2C243%2C244%2C247%2C248%2C271%2C278%2C313&source=youtube&requiressl=yes&mm=31%2C29&mn=sn-4g5e6nzs%2Csn-4g5ednsy&ms=au%2Crdu&mv=m&mvi=0&pl=19&initcwndbps=367500&mime=video%2Fwebm&gir=yes&clen=86263764&dur=355.520&lmt=1567776880289010&mt=1572308865&fvip=1&keepalive=yes&fexp=23842630&c=WEB&txp=4531432&sparams=expire%2Cei%2Cip%2Cid%2Caitags%2Csource%2Crequiressl%2Cmime%2Cgir%2Cclen%2Cdur%2Clmt&sig=ALgxI2wwRQIgXyDCSX8-ZNzSE7E7NHnDkpUIWq-FnX5XjwoHTno5XvwCIQDVqs2yIpRFSQKMH5y9XT7jJ0g2-7m3CFeWwEWllO0QEQ%3D%3D&lsparams=mm%2Cmn%2Cms%2Cmv%2Cmvi%2Cpl%2Cinitcwndbps&lsig=AHylml4wRAIgLpv10Q_cuXs02-QOdNrI9Ek2APf7K_47AzayHl6L4RkCICucBSwf0TDk9KogCzsr0sZWzs5iYKwq5EIrW482Ulgq&alr=yes&cpn=bivl3TrnIcB5b6Qq&cver=2.20191022.06.00&range=42633089-46777453&rn=52&rbuf=47074,87.74857426666668,2525069.7731092437
33,10.278477712880417,,,,,,,,3019029.0,4179486,,50956939.0,46777454.0,60,,,,5,,,,,,,,,,,,,,,,,,,,,,,,,20.480000000000018,3.253,,,,,,,,200.96,180.48,1572309163.9989998,1572309160.7429998,https://r1---sn-4g5e6nzs.googlevideo.com/videoplayback?expire=1572330617&ei=GYi3Xe-WOY6F-gb3-arICg&ip=3.122.179.7&id=o-AG0aJWp7gX8MPeK5GezHg-tHiycYGNyitfgbbpTIRGhZ&itag=248&aitags=133%2C134%2C135%2C136%2C137%2C160%2C242%2C243%2C244%2C247%2C248%2C271%2C278%2C313&source=youtube&requiressl=yes&mm=31%2C29&mn=sn-4g5e6nzs%2Csn-4g5ednsy&ms=au%2Crdu&mv=m&mvi=0&pl=19&initcwndbps=367500&mime=video%2Fwebm&gir=yes&clen=86263764&dur=355.520&lmt=1567776880289010&mt=1572308865&fvip=1&keepalive=yes&fexp=23842630&c=WEB&txp=4531432&sparams=expire%2Cei%2Cip%2Cid%2Caitags%2Csource%2Crequiressl%2Cmime%2Cgir%2Cclen%2Cdur%2Clmt&sig=ALgxI2wwRQIgXyDCSX8-ZNzSE7E7NHnDkpUIWq-FnX5XjwoHTno5XvwCIQDVqs2yIpRFSQKMH5y9XT7jJ0g2-7m3CFeWwEWllO0QEQ%3D%3D&lsparams=mm%2Cmn%2Cms%2Cmv%2Cmvi%2Cpl%2Cinitcwndbps&lsig=AHylml4wRAIgLpv10Q_cuXs02-QOdNrI9Ek2APf7K_47AzayHl6L4RkCICucBSwf0TDk9KogCzsr0sZWzs5iYKwq5EIrW482Ulgq&alr=yes&cpn=bivl3TrnIcB5b6Qq&cver=2.20191022.06.00&range=46777454-50956939&rn=53&rbuf=46935,86.00826405405405,2525069.7731092437
34,9.793620253164557,,,,,,,,2095072.0,4158616,,55115555.0,50956940.0,66,,,,5,,,,,,,,,,,,,,,,,,,,,,,,,19.56,3.397,,,,,,,,220.52,200.96,1572309184.395,1572309180.995,https://r1---sn-4g5e6nzs.googlevideo.com/videoplayback?expire=1572330617&ei=GYi3Xe-WOY6F-gb3-arICg&ip=3.122.179.7&id=o-AG0aJWp7gX8MPeK5GezHg-tHiycYGNyitfgbbpTIRGhZ&itag=248&aitags=133%2C134%2C135%2C136%2C137%2C160%2C242%2C243%2C244%2C247%2C248%2C271%2C278%2C313&source=youtube&requiressl=yes&mm=31%2C29&mn=sn-4g5e6nzs%2Csn-4g5ednsy&ms=au%2Crdu&mv=m&mvi=0&pl=19&initcwndbps=367500&mime=video%2Fwebm&gir=yes&clen=86263764&dur=355.520&lmt=1567776880289010&mt=1572308865&fvip=1&keepalive=yes&fexp=23842630&c=WEB&txp=4531432&sparams=expire%2Cei%2Cip%2Cid%2Caitags%2Csource%2Crequiressl%2Cmime%2Cgir%2Cclen%2Cdur%2Clmt&sig=ALgxI2wwRQIgXyDCSX8-ZNzSE7E7NHnDkpUIWq-FnX5XjwoHTno5XvwCIQDVqs2yIpRFSQKMH5y9XT7jJ0g2-7m3CFeWwEWllO0QEQ%3D%3D&lsparams=mm%2Cmn%2Cms%2Cmv%2Cmvi%2Cpl%2Cinitcwndbps&lsig=AHylml4wRAIgLpv10Q_cuXs02-QOdNrI9Ek2APf7K_47AzayHl6L4RkCICucBSwf0TDk9KogCzsr0sZWzs5iYKwq5EIrW482Ulgq&alr=yes&cpn=bivl3TrnIcB5b6Qq&cver=2.20191022.06.00&range=50956940-55115555&rn=55&rbuf=47165,88.62014337837839,2525069.7731092437
35,10.281462043111526,,,,,,,,2044938.0,4113870,,59229425.0,55115556.0,73,,,,5,,,,,,,,,,,,,,,,,,,,,,,,,21.399999999999977,3.201,,,,,,,,241.92,220.52,1572309203.694,1572309200.4910002,https://r1---sn-4g5e6nzs.googlevideo.com/videoplayback?expire=1572330617&ei=GYi3Xe-WOY6F-gb3-arICg&ip=3.122.179.7&id=o-AG0aJWp7gX8MPeK5GezHg-tHiycYGNyitfgbbpTIRGhZ&itag=248&aitags=133%2C134%2C135%2C136%2C137%2C160%2C242%2C243%2C244%2C247%2C248%2C271%2C278%2C313&source=youtube&requiressl=yes&mm=31%2C29&mn=sn-4g5e6nzs%2Csn-4g5ednsy&ms=au%2Crdu&mv=m&mvi=0&pl=19&initcwndbps=367500&mime=video%2Fwebm&gir=yes&clen=86263764&dur=355.520&lmt=1567776880289010&mt=1572308865&fvip=1&keepalive=yes&fexp=23842630&c=WEB&txp=4531432&sparams=expire%2Cei%2Cip%2Cid%2Caitags%2Csource%2Crequiressl%2Cmime%2Cgir%2Cclen%2Cdur%2Clmt&sig=ALgxI2wwRQIgXyDCSX8-ZNzSE7E7NHnDkpUIWq-FnX5XjwoHTno5XvwCIQDVqs2yIpRFSQKMH5y9XT7jJ0g2-7m3CFeWwEWllO0QEQ%3D%3D&lsparams=mm%2Cmn%2Cms%2Cmv%2Cmvi%2Cpl%2Cinitcwndbps&lsig=AHylml4wRAIgLpv10Q_cuXs02-QOdNrI9Ek2APf7K_47AzayHl6L4RkCICucBSwf0TDk9KogCzsr0sZWzs5iYKwq5EIrW482Ulgq&alr=yes&cpn=bivl3TrnIcB5b6Qq&cver=2.20191022.06.00&range=55115556-59229425&rn=57&rbuf=47225,84.83287346666665,2525069.7731092437
36,10.054552978951122,,,,,,,,2277056.0,3522864,,62752289.0,59229426.0,80,,,,5,,,,,,,,,,,,,,,,,,,,,,,,,15.359999999999983,2.803,,,,,,,,257.28,241.92,1572309225.735,1572309222.93,https://r1---sn-4g5e6nzs.googlevideo.com/videoplayback?expire=1572330617&ei=GYi3Xe-WOY6F-gb3-arICg&ip=3.122.179.7&id=o-AG0aJWp7gX8MPeK5GezHg-tHiycYGNyitfgbbpTIRGhZ&itag=248&aitags=133%2C134%2C135%2C136%2C137%2C160%2C242%2C243%2C244%2C247%2C248%2C271%2C278%2C313&source=youtube&requiressl=yes&mm=31%2C29&mn=sn-4g5e6nzs%2Csn-4g5ednsy&ms=au%2Crdu&mv=m&mvi=0&pl=19&initcwndbps=367500&mime=video%2Fwebm&gir=yes&clen=86263764&dur=355.520&lmt=1567776880289010&mt=1572308865&fvip=1&keepalive=yes&fexp=23842630&c=WEB&txp=4531432&sparams=expire%2Cei%2Cip%2Cid%2Caitags%2Csource%2Crequiressl%2Cmime%2Cgir%2Cclen%2Cdur%2Clmt&sig=ALgxI2wwRQIgXyDCSX8-ZNzSE7E7NHnDkpUIWq-FnX5XjwoHTno5XvwCIQDVqs2yIpRFSQKMH5y9XT7jJ0g2-7m3CFeWwEWllO0QEQ%3D%3D&lsparams=mm%2Cmn%2Cms%2Cmv%2Cmvi%2Cpl%2Cinitcwndbps&lsig=AHylml4wRAIgLpv10Q_cuXs02-QOdNrI9Ek2APf7K_47AzayHl6L4RkCICucBSwf0TDk9KogCzsr0sZWzs5iYKwq5EIrW482Ulgq&alr=yes&cpn=bivl3TrnIcB5b6Qq&cver=2.20191022.06.00&range=59229426-62752289&rn=58&rbuf=46375,88.2312052,2525069.7731092437
37,10.264606299212598,,,,,,,,2266528.0,3910815,,66663104.0,62752290.0,85,,,,5,,,,,,,,,,,,,,,,,,,,,,,,,20.960000000000036,3.048,,,,,,,,278.24,257.28,1572309241.296,1572309238.246,https://r1---sn-4g5e6nzs.googlevideo.com/videoplayback?expire=1572330617&ei=GYi3Xe-WOY6F-gb3-arICg&ip=3.122.179.7&id=o-AG0aJWp7gX8MPeK5GezHg-tHiycYGNyitfgbbpTIRGhZ&itag=248&aitags=133%2C134%2C135%2C136%2C137%2C160%2C242%2C243%2C244%2C247%2C248%2C271%2C278%2C313&source=youtube&requiressl=yes&mm=31%2C29&mn=sn-4g5e6nzs%2Csn-4g5ednsy&ms=au%2Crdu&mv=m&mvi=0&pl=19&initcwndbps=367500&mime=video%2Fwebm&gir=yes&clen=86263764&dur=355.520&lmt=1567776880289010&mt=1572308865&fvip=1&keepalive=yes&fexp=23842630&c=WEB&txp=4531432&sparams=expire%2Cei%2Cip%2Cid%2Caitags%2Csource%2Crequiressl%2Cmime%2Cgir%2Cclen%2Cdur%2Clmt&sig=ALgxI2wwRQIgXyDCSX8-ZNzSE7E7NHnDkpUIWq-FnX5XjwoHTno5XvwCIQDVqs2yIpRFSQKMH5y9XT7jJ0g2-7m3CFeWwEWllO0QEQ%3D%3D&lsparams=mm%2Cmn%2Cms%2Cmv%2Cmvi%2Cpl%2Cinitcwndbps&lsig=AHylml4wRAIgLpv10Q_cuXs02-QOdNrI9Ek2APf7K_47AzayHl6L4RkCICucBSwf0TDk9KogCzsr0sZWzs5iYKwq5EIrW482Ulgq&alr=yes&cpn=bivl3TrnIcB5b6Qq&cver=2.20191022.06.00&range=62752290-66663104&rn=60&rbuf=46235,86.50327851351355,2525069.7731092437
38,10.281673202614376,,,,,,,,2420437.0,3539466,,70202570.0,66663105.0,92,,,,5,,,,,,,,,,,,,,,,,,,,,,,,,15.519999999999984,2.7539999999999996,,,,,,,,293.76,278.24,1572309261.2489998,1572309258.4929998,https://r1---sn-4g5e6nzs.googlevideo.com/videoplayback?expire=1572330617&ei=GYi3Xe-WOY6F-gb3-arICg&ip=3.122.179.7&id=o-AG0aJWp7gX8MPeK5GezHg-tHiycYGNyitfgbbpTIRGhZ&itag=248&aitags=133%2C134%2C135%2C136%2C137%2C160%2C242%2C243%2C244%2C247%2C248%2C271%2C278%2C313&source=youtube&requiressl=yes&mm=31%2C29&mn=sn-4g5e6nzs%2Csn-4g5ednsy&ms=au%2Crdu&mv=m&mvi=0&pl=19&initcwndbps=367500&mime=video%2Fwebm&gir=yes&clen=86263764&dur=355.520&lmt=1567776880289010&mt=1572308865&fvip=1&keepalive=yes&fexp=23842630&c=WEB&txp=4531432&sparams=expire%2Cei%2Cip%2Cid%2Caitags%2Csource%2Crequiressl%2Cmime%2Cgir%2Cclen%2Cdur%2Clmt&sig=ALgxI2wwRQIgXyDCSX8-ZNzSE7E7NHnDkpUIWq-FnX5XjwoHTno5XvwCIQDVqs2yIpRFSQKMH5y9XT7jJ0g2-7m3CFeWwEWllO0QEQ%3D%3D&lsparams=mm%2Cmn%2Cms%2Cmv%2Cmvi%2Cpl%2Cinitcwndbps&lsig=AHylml4wRAIgLpv10Q_cuXs02-QOdNrI9Ek2APf7K_47AzayHl6L4RkCICucBSwf0TDk9KogCzsr0sZWzs5iYKwq5EIrW482Ulgq&alr=yes&cpn=bivl3TrnIcB5b6Qq&cver=2.20191022.06.00&range=66663105-70202570&rn=61&rbuf=46944,88.23585999999996,2525069.7731092437
39,10.288494208494207,,,,,,,,2692160.0,3330900,,73533470.0,70202571.0,97,,,,5,,,,,,,,,,,,,,,,,,,,,,,,,15.360000000000017,2.59,,,,,,,,309.12,293.76,1572309277.0830002,1572309274.492,https://r1---sn-4g5e6nzs.googlevideo.com/videoplayback?expire=1572330617&ei=GYi3Xe-WOY6F-gb3-arICg&ip=3.122.179.7&id=o-AG0aJWp7gX8MPeK5GezHg-tHiycYGNyitfgbbpTIRGhZ&itag=248&aitags=133%2C134%2C135%2C136%2C137%2C160%2C242%2C243%2C244%2C247%2C248%2C271%2C278%2C313&source=youtube&requiressl=yes&mm=31%2C29&mn=sn-4g5e6nzs%2Csn-4g5ednsy&ms=au%2Crdu&mv=m&mvi=0&pl=19&initcwndbps=367500&mime=video%2Fwebm&gir=yes&clen=86263764&dur=355.520&lmt=1567776880289010&mt=1572308865&fvip=1&keepalive=yes&fexp=23842630&c=WEB&txp=4531432&sparams=expire%2Cei%2Cip%2Cid%2Caitags%2Csource%2Crequiressl%2Cmime%2Cgir%2Cclen%2Cdur%2Clmt&sig=ALgxI2wwRQIgXyDCSX8-ZNzSE7E7NHnDkpUIWq-FnX5XjwoHTno5XvwCIQDVqs2yIpRFSQKMH5y9XT7jJ0g2-7m3CFeWwEWllO0QEQ%3D%3D&lsparams=mm%2Cmn%2Cms%2Cmv%2Cmvi%2Cpl%2Cinitcwndbps&lsig=AHylml4wRAIgLpv10Q_cuXs02-QOdNrI9Ek2APf7K_47AzayHl6L4RkCICucBSwf0TDk9KogCzsr0sZWzs5iYKwq5EIrW482Ulgq&alr=yes&cpn=bivl3TrnIcB5b6Qq&cver=2.20191022.06.00&range=70202571-73533470&rn=63&rbuf=46465,86.80120027027029,2525069.7731092437
40,10.098922456297624,,,,,,,,2219402.0,2816337,,76349807.0,73533471.0,103,,,,5,,,,,,,,,,,,,,,,,,,,,,,,,10.0,2.231,,,,,,,,319.12,309.12,1572309292.225,1572309289.992,https://r1---sn-4g5e6nzs.googlevideo.com/videoplayback?expire=1572330617&ei=GYi3Xe-WOY6F-gb3-arICg&ip=3.122.179.7&id=o-AG0aJWp7gX8MPeK5GezHg-tHiycYGNyitfgbbpTIRGhZ&itag=248&aitags=133%2C134%2C135%2C136%2C137%2C160%2C242%2C243%2C244%2C247%2C248%2C271%2C278%2C313&source=youtube&requiressl=yes&mm=31%2C29&mn=sn-4g5e6nzs%2Csn-4g5ednsy&ms=au%2Crdu&mv=m&mvi=0&pl=19&initcwndbps=367500&mime=video%2Fwebm&gir=yes&clen=86263764&dur=355.520&lmt=1567776880289010&mt=1572308865&fvip=1&keepalive=yes&fexp=23842630&c=WEB&txp=4531432&sparams=expire%2Cei%2Cip%2Cid%2Caitags%2Csource%2Crequiressl%2Cmime%2Cgir%2Cclen%2Cdur%2Clmt&sig=ALgxI2wwRQIgXyDCSX8-ZNzSE7E7NHnDkpUIWq-FnX5XjwoHTno5XvwCIQDVqs2yIpRFSQKMH5y9XT7jJ0g2-7m3CFeWwEWllO0QEQ%3D%3D&lsparams=mm%2Cmn%2Cms%2Cmv%2Cmvi%2Cpl%2Cinitcwndbps&lsig=AHylml4wRAIgLpv10Q_cuXs02-QOdNrI9Ek2APf7K_47AzayHl6L4RkCICucBSwf0TDk9KogCzsr0sZWzs5iYKwq5EIrW482Ulgq&alr=yes&cpn=bivl3TrnIcB5b6Qq&cver=2.20191022.06.00&range=73533471-76349807&rn=64&rbuf=46325,86.96962040540542,2525069.7731092437
41,10.276852459016393,,,,,,,,3082698.0,4074772,,80424579.0,76349808.0,106,,,,5,,,,,,,,,,,,,,,,,,,,,,,,,15.600000000000026,3.1719999999999997,,,,,,,,334.72,319.12,1572309302.918,1572309299.7429998,https://r1---sn-4g5e6nzs.googlevideo.com/videoplayback?expire=1572330617&ei=GYi3Xe-WOY6F-gb3-arICg&ip=3.122.179.7&id=o-AG0aJWp7gX8MPeK5GezHg-tHiycYGNyitfgbbpTIRGhZ&itag=248&aitags=133%2C134%2C135%2C136%2C137%2C160%2C242%2C243%2C244%2C247%2C248%2C271%2C278%2C313&source=youtube&requiressl=yes&mm=31%2C29&mn=sn-4g5e6nzs%2Csn-4g5ednsy&ms=au%2Crdu&mv=m&mvi=0&pl=19&initcwndbps=367500&mime=video%2Fwebm&gir=yes&clen=86263764&dur=355.520&lmt=1567776880289010&mt=1572308865&fvip=1&keepalive=yes&fexp=23842630&c=WEB&txp=4531432&sparams=expire%2Cei%2Cip%2Cid%2Caitags%2Csource%2Crequiressl%2Cmime%2Cgir%2Cclen%2Cdur%2Clmt&sig=ALgxI2wwRQIgXyDCSX8-ZNzSE7E7NHnDkpUIWq-FnX5XjwoHTno5XvwCIQDVqs2yIpRFSQKMH5y9XT7jJ0g2-7m3CFeWwEWllO0QEQ%3D%3D&lsparams=mm%2Cmn%2Cms%2Cmv%2Cmvi%2Cpl%2Cinitcwndbps&lsig=AHylml4wRAIgLpv10Q_cuXs02-QOdNrI9Ek2APf7K_47AzayHl6L4RkCICucBSwf0TDk9KogCzsr0sZWzs5iYKwq5EIrW482Ulgq&alr=yes&cpn=bivl3TrnIcB5b6Qq&cver=2.20191022.06.00&range=76349808-80424579&rn=66&rbuf=46575,85.80304175675674,2525069.7731092437
42,10.284221635883904,,,,,,,,2397376.0,2923290,,83347869.0,80424580.0,111,,,,5,,,,,,,,,,,,,,,,,,,,,,,,,10.239999999999954,2.274,,,,,,,,344.96,334.72,1572309317.275,1572309314.994,https://r1---sn-4g5e6nzs.googlevideo.com/videoplayback?expire=1572330617&ei=GYi3Xe-WOY6F-gb3-arICg&ip=3.122.179.7&id=o-AG0aJWp7gX8MPeK5GezHg-tHiycYGNyitfgbbpTIRGhZ&itag=248&aitags=133%2C134%2C135%2C136%2C137%2C160%2C242%2C243%2C244%2C247%2C248%2C271%2C278%2C313&source=youtube&requiressl=yes&mm=31%2C29&mn=sn-4g5e6nzs%2Csn-4g5ednsy&ms=au%2Crdu&mv=m&mvi=0&pl=19&initcwndbps=367500&mime=video%2Fwebm&gir=yes&clen=86263764&dur=355.520&lmt=1567776880289010&mt=1572308865&fvip=1&keepalive=yes&fexp=23842630&c=WEB&txp=4531432&sparams=expire%2Cei%2Cip%2Cid%2Caitags%2Csource%2Crequiressl%2Cmime%2Cgir%2Cclen%2Cdur%2Clmt&sig=ALgxI2wwRQIgXyDCSX8-ZNzSE7E7NHnDkpUIWq-FnX5XjwoHTno5XvwCIQDVqs2yIpRFSQKMH5y9XT7jJ0g2-7m3CFeWwEWllO0QEQ%3D%3D&lsparams=mm%2Cmn%2Cms%2Cmv%2Cmvi%2Cpl%2Cinitcwndbps&lsig=AHylml4wRAIgLpv10Q_cuXs02-QOdNrI9Ek2APf7K_47AzayHl6L4RkCICucBSwf0TDk9KogCzsr0sZWzs5iYKwq5EIrW482Ulgq&alr=yes&cpn=bivl3TrnIcB5b6Qq&cver=2.20191022.06.00&range=80424580-83347869&rn=67&rbuf=46924,84.78784866666669,2525069.7731092437
