,bandwidth_mbit,bandwidth_mbit_-1,bandwidth_mbit_-2,bandwidth_mbit_-3,bandwidth_mbit_-4,bandwidth_mbit_-5,bandwidth_mbit_-6,bitrate_level,body_size_byte,buffer_estimate_0,byte_end,byte_start,n_segment,previous_bitrate,previous_quality,previous_vmaf,quality_level_chosen,quality_level_chosen_-1,quality_level_chosen_-2,quality_level_chosen_-3,quality_level_chosen_-4,quality_level_chosen_-5,quality_level_chosen_-6,quality_shift,quality_shift_bitrate_-1,quality_shift_bitrate_-2,quality_shift_bitrate_0,quality_shift_bitrate_1,quality_shift_bitrate_2,quality_shift_byte_-1,quality_shift_byte_-2,quality_shift_byte_0,quality_shift_byte_1,quality_shift_byte_2,quality_shift_vmaf_-1,quality_shift_vmaf_-2,quality_shift_vmaf_0,quality_shift_vmaf_1,quality_shift_vmaf_2,rebuffer_estimate_0,seg_len_s,t_download_s,t_download_s_-1,t_download_s_-2,t_download_s_-3,t_download_s_-4,t_download_s_-5,t_download_s_-6,t_end,t_start,timestamp_finish,timestamp_start,url,vmaf_level,bitrate_level_encoded
0,0.5819320629660315,,,,,,,545406.0,87799,0.0,87798.0,0.0,0,0.0,0.0,0.0,2,,,,,,,-2.0,399163.0,399163.0,399163.0,455256.0,545406.0,149836.0,149836.0,149836.0,170892.0,204732.0,25.95895833333334,25.95895833333334,25.95895833333334,41.9799871111111,53.231883777777796,0.0,4.1,1.207,,,,,,,4.1,0.0,1572326640.104,1572326638.745,https://r3---sn-4g5e6ne6.googlevideo.com/videoplayback?expire=1572348232&ei=6My3XYObBIix8gOuu5OoCg&ip=3.122.179.7&id=o-AIZPuQXREiWXy4YTaQGM3BXU0X1mABkAf_lW6kN1u25Q&itag=396&aitags=133%2C134%2C135%2C136%2C137%2C160%2C242%2C243%2C244%2C247%2C248%2C278%2C394%2C395%2C396%2C397%2C398&source=youtube&requiressl=yes&mm=31%2C29&mn=sn-4g5e6ne6%2Csn-4g5edns6&ms=au%2Crdu&mv=m&mvi=2&pl=19&gcr=de&initcwndbps=357500&mime=video%2Fmp4&gir=yes&clen=14388133&dur=597.430&lmt=1570345141064770&mt=1572326557&fvip=3&keepalive=yes&fexp=23842630&c=WEB&txp=5531432&sparams=expire%2Cei%2Cip%2Cid%2Caitags%2Csource%2Crequiressl%2Cgcr%2Cmime%2Cgir%2Cclen%2Cdur%2Clmt&lsparams=mm%2Cmn%2Cms%2Cmv%2Cmvi%2Cpl%2Cinitcwndbps&lsig=AHylml4wRAIgBRm61YleIEqymNiMdwTxxnpGIs0P4ayt-mJWmPnyi2kCIBtF4_tkaxwQqI30kkAzbTSpL7KONXq5fW2oi1x8fKsX&alr=yes&sig=ALgxI2wwRgIhAJH93MoCZSe-iMMTGXaCpATO3Tnuh7NBBcvtEk1YNeafAiEAscZwSTtMfjXLgH_R51ZedL_XROzD7ezbCmw2K5WTMn0%3D&cpn=OQpnZ50p41nMTUVX&cver=2.20191022.06.00&range=0-87798&rn=1&rbuf=0,53.231883777777796,569831.585
1,1.3431686274509802,,,,,,,550915.0,85627,0.0,173425.0,87799.0,1,0.0,0.0,0.0,2,,,,,,,-2.0,384138.0,384138.0,384138.0,460765.0,550915.0,144196.0,144196.0,144196.0,172960.0,206800.0,15.488356404494386,15.488356404494386,15.488356404494386,26.288503595505627,34.00882235955056,1.3700001239776611,3.4700000000000006,0.51,,,,,,,7.57,4.1,1572326640.68,1572326640.115,https://r3---sn-4g5e6ne6.googlevideo.com/videoplayback?expire=1572348232&ei=6My3XYObBIix8gOuu5OoCg&ip=3.122.179.7&id=o-AIZPuQXREiWXy4YTaQGM3BXU0X1mABkAf_lW6kN1u25Q&itag=396&aitags=133%2C134%2C135%2C136%2C137%2C160%2C242%2C243%2C244%2C247%2C248%2C278%2C394%2C395%2C396%2C397%2C398&source=youtube&requiressl=yes&mm=31%2C29&mn=sn-4g5e6ne6%2Csn-4g5edns6&ms=au%2Crdu&mv=m&mvi=2&pl=19&gcr=de&initcwndbps=357500&mime=video%2Fmp4&gir=yes&clen=14388133&dur=597.430&lmt=1570345141064770&mt=1572326557&fvip=3&keepalive=yes&fexp=23842630&c=WEB&txp=5531432&sparams=expire%2Cei%2Cip%2Cid%2Caitags%2Csource%2Crequiressl%2Cgcr%2Cmime%2Cgir%2Cclen%2Cdur%2Clmt&lsparams=mm%2Cmn%2Cms%2Cmv%2Cmvi%2Cpl%2Cinitcwndbps&lsig=AHylml4wRAIgBRm61YleIEqymNiMdwTxxnpGIs0P4ayt-mJWmPnyi2kCIBtF4_tkaxwQqI30kkAzbTSpL7KONXq5fW2oi1x8fKsX&alr=yes&sig=ALgxI2wwRgIhAJH93MoCZSe-iMMTGXaCpATO3Tnuh7NBBcvtEk1YNeafAiEAscZwSTtMfjXLgH_R51ZedL_XROzD7ezbCmw2K5WTMn0%3D&cpn=OQpnZ50p41nMTUVX&cver=2.20191022.06.00&range=87799-173425&rn=3&rbuf=3625,34.00882235955056,569831.585
2,1.6544531722054383,,,,,,,581466.0,136906,3.246000022888184,310331.0,173426.0,2,0.0,0.0,0.0,2,,,,,,,-2.0,389647.0,389647.0,389647.0,475290.0,581466.0,146264.0,146264.0,146264.0,178412.0,218268.0,19.158847777777787,19.158847777777787,19.158847777777787,32.653960666666684,43.64350322222222,0.565000057220459,5.51,0.662,,,,,,,13.08,7.57,1572326641.606,1572326640.904,https://r3---sn-4g5e6ne6.googlevideo.com/videoplayback?expire=1572348232&ei=6My3XYObBIix8gOuu5OoCg&ip=3.122.179.7&id=o-AIZPuQXREiWXy4YTaQGM3BXU0X1mABkAf_lW6kN1u25Q&itag=396&aitags=133%2C134%2C135%2C136%2C137%2C160%2C242%2C243%2C244%2C247%2C248%2C278%2C394%2C395%2C396%2C397%2C398&source=youtube&requiressl=yes&mm=31%2C29&mn=sn-4g5e6ne6%2Csn-4g5edns6&ms=au%2Crdu&mv=m&mvi=2&pl=19&gcr=de&initcwndbps=357500&mime=video%2Fmp4&gir=yes&clen=14388133&dur=597.430&lmt=1570345141064770&mt=1572326557&fvip=3&keepalive=yes&fexp=23842630&c=WEB&txp=5531432&sparams=expire%2Cei%2Cip%2Cid%2Caitags%2Csource%2Crequiressl%2Cgcr%2Cmime%2Cgir%2Cclen%2Cdur%2Clmt&lsparams=mm%2Cmn%2Cms%2Cmv%2Cmvi%2Cpl%2Cinitcwndbps&lsig=AHylml4wRAIgBRm61YleIEqymNiMdwTxxnpGIs0P4ayt-mJWmPnyi2kCIBtF4_tkaxwQqI30kkAzbTSpL7KONXq5fW2oi1x8fKsX&alr=yes&sig=ALgxI2wwRgIhAJH93MoCZSe-iMMTGXaCpATO3Tnuh7NBBcvtEk1YNeafAiEAscZwSTtMfjXLgH_R51ZedL_XROzD7ezbCmw2K5WTMn0%3D&cpn=OQpnZ50p41nMTUVX&cver=2.20191022.06.00&range=173426-310331&rn=5&rbuf=5959,43.64350322222222,569831.585
3,2.093089722675367,,,,,,,521867.0,320766,7.351999979019165,631097.0,310332.0,4,0.0,0.0,0.0,2,,,,,,,-2.0,377627.0,377627.0,377627.0,442735.0,521867.0,141752.0,141752.0,141752.0,166192.0,195896.0,42.5120513333333,42.5120513333333,42.5120513333333,59.42686788888886,73.26929544444444,0.0,17.92,1.226,,,,,,,31.0,13.08,1572326643.7540002,1572326642.3079998,https://r3---sn-4g5e6ne6.googlevideo.com/videoplayback?expire=1572348232&ei=6My3XYObBIix8gOuu5OoCg&ip=3.122.179.7&id=o-AIZPuQXREiWXy4YTaQGM3BXU0X1mABkAf_lW6kN1u25Q&itag=396&aitags=133%2C134%2C135%2C136%2C137%2C160%2C242%2C243%2C244%2C247%2C248%2C278%2C394%2C395%2C396%2C397%2C398&source=youtube&requiressl=yes&mm=31%2C29&mn=sn-4g5e6ne6%2Csn-4g5edns6&ms=au%2Crdu&mv=m&mvi=2&pl=19&gcr=de&initcwndbps=357500&mime=video%2Fmp4&gir=yes&clen=14388133&dur=597.430&lmt=1570345141064770&mt=1572326557&fvip=3&keepalive=yes&fexp=23842630&c=WEB&txp=5531432&sparams=expire%2Cei%2Cip%2Cid%2Caitags%2Csource%2Crequiressl%2Cgcr%2Cmime%2Cgir%2Cclen%2Cdur%2Clmt&lsparams=mm%2Cmn%2Cms%2Cmv%2Cmvi%2Cpl%2Cinitcwndbps&lsig=AHylml4wRAIgBRm61YleIEqymNiMdwTxxnpGIs0P4ayt-mJWmPnyi2kCIBtF4_tkaxwQqI30kkAzbTSpL7KONXq5fW2oi1x8fKsX&alr=yes&sig=ALgxI2wwRgIhAJH93MoCZSe-iMMTGXaCpATO3Tnuh7NBBcvtEk1YNeafAiEAscZwSTtMfjXLgH_R51ZedL_XROzD7ezbCmw2K5WTMn0%3D&cpn=OQpnZ50p41nMTUVX&cver=2.20191022.06.00&range=310332-631097&rn=7&rbuf=9502,73.26929544444444,569831.585
4,1.1584,,,,,,,1130378.0,2172,23.79300012588501,2171.0,0.0,0,0.0,0.0,0.0,4,,,,,,,-4.0,399163.0,399163.0,399163.0,455256.0,545406.0,149836.0,149836.0,149836.0,170892.0,204732.0,25.95895833333334,25.95895833333334,25.95895833333334,41.9799871111111,53.231883777777796,0.0,0.0,0.015,,,,,,,0.0,0.0,1572326643.8470001,1572326643.7870002,https://r3---sn-4g5e6ne6.googlevideo.com/videoplayback?expire=1572348232&ei=6My3XYObBIix8gOuu5OoCg&ip=3.122.179.7&id=o-AIZPuQXREiWXy4YTaQGM3BXU0X1mABkAf_lW6kN1u25Q&itag=398&aitags=133%2C134%2C135%2C136%2C137%2C160%2C242%2C243%2C244%2C247%2C248%2C278%2C394%2C395%2C396%2C397%2C398&source=youtube&requiressl=yes&mm=31%2C29&mn=sn-4g5e6ne6%2Csn-4g5edns6&ms=au%2Crdu&mv=m&mvi=2&pl=19&gcr=de&initcwndbps=357500&mime=video%2Fmp4&gir=yes&clen=47238152&dur=597.430&lmt=1570347063306946&mt=1572326557&fvip=3&keepalive=yes&fexp=23842630&c=WEB&txp=5531432&sparams=expire%2Cei%2Cip%2Cid%2Caitags%2Csource%2Crequiressl%2Cgcr%2Cmime%2Cgir%2Cclen%2Cdur%2Clmt&lsparams=mm%2Cmn%2Cms%2Cmv%2Cmvi%2Cpl%2Cinitcwndbps&lsig=AHylml4wRAIgBRm61YleIEqymNiMdwTxxnpGIs0P4ayt-mJWmPnyi2kCIBtF4_tkaxwQqI30kkAzbTSpL7KONXq5fW2oi1x8fKsX&alr=yes&sig=ALgxI2wwRQIgKBhzQ9imlwV58NkIXY--Zim5IrifVnSbTk43MbBa7NcCIQDmPIaw3G87UK4mgyR_AqvhYuvZLH5DBUi2wNiP6Y1V9Q%3D%3D&cpn=OQpnZ50p41nMTUVX&cver=2.20191022.06.00&range=0-2171&rn=9&rbuf=0,57.65438077777773,1247010.965
5,4.3439999999999985,,,,,,,681132.0,2172,23.79300012588501,2171.0,0.0,0,0.0,0.0,0.0,3,,,,,,,-3.0,399163.0,399163.0,399163.0,455256.0,545406.0,149836.0,149836.0,149836.0,170892.0,204732.0,25.95895833333334,25.95895833333334,25.95895833333334,41.9799871111111,53.231883777777796,0.0,0.0,0.004,,,,,,,0.0,0.0,1572326643.909,1572326643.7870002,https://r3---sn-4g5e6ne6.googlevideo.com/videoplayback?expire=1572348232&ei=6My3XYObBIix8gOuu5OoCg&ip=3.122.179.7&id=o-AIZPuQXREiWXy4YTaQGM3BXU0X1mABkAf_lW6kN1u25Q&itag=397&aitags=133%2C134%2C135%2C136%2C137%2C160%2C242%2C243%2C244%2C247%2C248%2C278%2C394%2C395%2C396%2C397%2C398&source=youtube&requiressl=yes&mm=31%2C29&mn=sn-4g5e6ne6%2Csn-4g5edns6&ms=au%2Crdu&mv=m&mvi=2&pl=19&gcr=de&initcwndbps=357500&mime=video%2Fmp4&gir=yes&clen=23561414&dur=597.430&lmt=1570346011927405&mt=1572326557&fvip=3&keepalive=yes&fexp=23842630&c=WEB&txp=5531432&sparams=expire%2Cei%2Cip%2Cid%2Caitags%2Csource%2Crequiressl%2Cgcr%2Cmime%2Cgir%2Cclen%2Cdur%2Clmt&lsparams=mm%2Cmn%2Cms%2Cmv%2Cmvi%2Cpl%2Cinitcwndbps&lsig=AHylml4wRAIgBRm61YleIEqymNiMdwTxxnpGIs0P4ayt-mJWmPnyi2kCIBtF4_tkaxwQqI30kkAzbTSpL7KONXq5fW2oi1x8fKsX&alr=yes&sig=ALgxI2wwRQIgfGfLqAPGcOJnv5dCdWx627PPP00JdCZfC6ozGM2aI9ACIQCLQWX2sTY-RXShFbRmnYjHPC5egeabdVXrFgHtI6tGbQ%3D%3D&cpn=OQpnZ50p41nMTUVX&cver=2.20191022.06.00&range=0-2171&rn=8&rbuf=0,55.125142444444435,720397.075
6,2.9633929214157164,,,,,,,1015187.0,617497,,2177444.0,1559948.0,11,,,,4,,,,,,,,,,,,,,,,,,,,,,,,14.979999999999995,1.6669999999999998,,,,,,,49.65,34.67,1572326645.73,1572326643.915,https://r3---sn-4g5e6ne6.googlevideo.com/videoplayback?expire=1572348232&ei=6My3XYObBIix8gOuu5OoCg&ip=3.122.179.7&id=o-AIZPuQXREiWXy4YTaQGM3BXU0X1mABkAf_lW6kN1u25Q&itag=398&aitags=133%2C134%2C135%2C136%2C137%2C160%2C242%2C243%2C244%2C247%2C248%2C278%2C394%2C395%2C396%2C397%2C398&source=youtube&requiressl=yes&mm=31%2C29&mn=sn-4g5e6ne6%2Csn-4g5edns6&ms=au%2Crdu&mv=m&mvi=2&pl=19&gcr=de&initcwndbps=357500&mime=video%2Fmp4&gir=yes&clen=47238152&dur=597.430&lmt=1570347063306946&mt=1572326557&fvip=3&keepalive=yes&fexp=23842630&c=WEB&txp=5531432&sparams=expire%2Cei%2Cip%2Cid%2Caitags%2Csource%2Crequiressl%2Cgcr%2Cmime%2Cgir%2Cclen%2Cdur%2Clmt&lsparams=mm%2Cmn%2Cms%2Cmv%2Cmvi%2Cpl%2Cinitcwndbps&lsig=AHylml4wRAIgBRm61YleIEqymNiMdwTxxnpGIs0P4ayt-mJWmPnyi2kCIBtF4_tkaxwQqI30kkAzbTSpL7KONXq5fW2oi1x8fKsX&alr=yes&sig=ALgxI2wwRQIgKBhzQ9imlwV58NkIXY--Zim5IrifVnSbTk43MbBa7NcCIQDmPIaw3G87UK4mgyR_AqvhYuvZLH5DBUi2wNiP6Y1V9Q%3D%3D&cpn=OQpnZ50p41nMTUVX&cver=2.20191022.06.00&range=1559948-2177444&rn=10&rbuf=15560,80.43900797752809,1247010.965
7,3.7504,2.9633929214157164,4.3439999999999985,1.1584,2.093089722675367,1.6544531722054383,1.3431686274509802,2224697.0,2344,18.712999963760375,2343.0,0.0,0,1130378.0,4.0,57.65438077777773,5,4.0,3.0,4.0,2.0,2.0,2.0,-1.0,681132.0,545406.0,1130378.0,2224697.0,2224697.0,255680.0,204732.0,424316.0,835096.0,835096.0,55.125142444444435,53.231883777777796,57.65438077777773,100.0,100.0,0.0,0.0,0.005,1.6669999999999998,0.004,0.015,1.226,0.662,0.51,0.0,0.0,1572326649.0370002,1572326648.867,https://r3---sn-4g5e6ne6.googlevideo.com/videoplayback?expire=1572348232&ei=6My3XYObBIix8gOuu5OoCg&ip=3.122.179.7&id=o-AIZPuQXREiWXy4YTaQGM3BXU0X1mABkAf_lW6kN1u25Q&itag=248&aitags=133%2C134%2C135%2C136%2C137%2C160%2C242%2C243%2C244%2C247%2C248%2C278%2C394%2C395%2C396%2C397%2C398&source=youtube&requiressl=yes&mm=31%2C29&mn=sn-4g5e6ne6%2Csn-4g5edns6&ms=au%2Crdu&mv=m&mvi=2&pl=19&gcr=de&initcwndbps=357500&mime=video%2Fwebm&gir=yes&clen=81816706&dur=597.430&lmt=1570334773917578&mt=1572326557&fvip=3&keepalive=yes&fexp=23842630&c=WEB&txp=5535432&sparams=expire%2Cei%2Cip%2Cid%2Caitags%2Csource%2Crequiressl%2Cgcr%2Cmime%2Cgir%2Cclen%2Cdur%2Clmt&lsparams=mm%2Cmn%2Cms%2Cmv%2Cmvi%2Cpl%2Cinitcwndbps&lsig=AHylml4wRAIgBRm61YleIEqymNiMdwTxxnpGIs0P4ayt-mJWmPnyi2kCIBtF4_tkaxwQqI30kkAzbTSpL7KONXq5fW2oi1x8fKsX&alr=yes&sig=ALgxI2wwRQIgFLIc7CGQ29Kr_2f3ke0NpFOJI_mv_nIUBYxRRQskYj4CIQCoQa9IpLLwlSQMr5RUgU0HwVAsQG_fjJvriXpJ8SIzmQ%3D%3D&cpn=OQpnZ50p41nMTUVX&cver=2.20191022.06.00&range=0-2343&rn=13&rbuf=0,100.0,2496340.53
8,2.9493686458778297,,,,,,,1559389.0,1726118,,5736807.0,4010690.0,9,,,,5,,,,,,,,,,,,,,,,,,,,,,,,15.040000000000004,4.6819999999999995,,,,,,,44.34,29.3,1572326653.8760002,1572326649.0470002,https://r3---sn-4g5e6ne6.googlevideo.com/videoplayback?expire=1572348232&ei=6My3XYObBIix8gOuu5OoCg&ip=3.122.179.7&id=o-AIZPuQXREiWXy4YTaQGM3BXU0X1mABkAf_lW6kN1u25Q&itag=248&aitags=133%2C134%2C135%2C136%2C137%2C160%2C242%2C243%2C244%2C247%2C248%2C278%2C394%2C395%2C396%2C397%2C398&source=youtube&requiressl=yes&mm=31%2C29&mn=sn-4g5e6ne6%2Csn-4g5edns6&ms=au%2Crdu&mv=m&mvi=2&pl=19&gcr=de&initcwndbps=357500&mime=video%2Fwebm&gir=yes&clen=81816706&dur=597.430&lmt=1570334773917578&mt=1572326557&fvip=3&keepalive=yes&fexp=23842630&c=WEB&txp=5535432&sparams=expire%2Cei%2Cip%2Cid%2Caitags%2Csource%2Crequiressl%2Cgcr%2Cmime%2Cgir%2Cclen%2Cdur%2Clmt&lsparams=mm%2Cmn%2Cms%2Cmv%2Cmvi%2Cpl%2Cinitcwndbps&lsig=AHylml4wRAIgBRm61YleIEqymNiMdwTxxnpGIs0P4ayt-mJWmPnyi2kCIBtF4_tkaxwQqI30kkAzbTSpL7KONXq5fW2oi1x8fKsX&alr=yes&sig=ALgxI2wwRQIgFLIc7CGQ29Kr_2f3ke0NpFOJI_mv_nIUBYxRRQskYj4CIQCoQa9IpLLwlSQMr5RUgU0HwVAsQG_fjJvriXpJ8SIzmQ%3D%3D&cpn=OQpnZ50p41nMTUVX&cver=2.20191022.06.00&range=4010690-5736807&rn=14&rbuf=20520,100.0,2496340.53
9,2.913415472779369,,,,,,,2116518.0,1525173,,7261980.0,5736808.0,14,,,,5,,,,,,,,,,,,,,,,,,,,,,,,9.549999999999997,4.188,,,,,,,53.89,44.34,1572326661.418,1572326657.115,https://r3---sn-4g5e6ne6.googlevideo.com/videoplayback?expire=1572348232&ei=6My3XYObBIix8gOuu5OoCg&ip=3.122.179.7&id=o-AIZPuQXREiWXy4YTaQGM3BXU0X1mABkAf_lW6kN1u25Q&itag=248&aitags=133%2C134%2C135%2C136%2C137%2C160%2C242%2C243%2C244%2C247%2C248%2C278%2C394%2C395%2C396%2C397%2C398&source=youtube&requiressl=yes&mm=31%2C29&mn=sn-4g5e6ne6%2Csn-4g5edns6&ms=au%2Crdu&mv=m&mvi=2&pl=19&gcr=de&initcwndbps=357500&mime=video%2Fwebm&gir=yes&clen=81816706&dur=597.430&lmt=1570334773917578&mt=1572326557&fvip=3&keepalive=yes&fexp=23842630&c=WEB&txp=5535432&sparams=expire%2Cei%2Cip%2Cid%2Caitags%2Csource%2Crequiressl%2Cgcr%2Cmime%2Cgir%2Cclen%2Cdur%2Clmt&lsparams=mm%2Cmn%2Cms%2Cmv%2Cmvi%2Cpl%2Cinitcwndbps&lsig=AHylml4wRAIgBRm61YleIEqymNiMdwTxxnpGIs0P4ayt-mJWmPnyi2kCIBtF4_tkaxwQqI30kkAzbTSpL7KONXq5fW2oi1x8fKsX&alr=yes&sig=ALgxI2wwRQIgFLIc7CGQ29Kr_2f3ke0NpFOJI_mv_nIUBYxRRQskYj4CIQCoQa9IpLLwlSQMr5RUgU0HwVAsQG_fjJvriXpJ8SIzmQ%3D%3D&cpn=OQpnZ50p41nMTUVX&cver=2.20191022.06.00&range=5736808-7261980&rn=16&rbuf=27429,100.0,2496340.53
10,2.782302240325865,,,,,,,2600165.0,1707638,,8969618.0,7261981.0,18,,,,5,,,,,,,,,,,,,,,,,,,,,,,,10.670000000000002,4.91,,,,,,,64.56,53.89,1572326667.038,1572326662.1160002,https://r3---sn-4g5e6ne6.googlevideo.com/videoplayback?expire=1572348232&ei=6My3XYObBIix8gOuu5OoCg&ip=3.122.179.7&id=o-AIZPuQXREiWXy4YTaQGM3BXU0X1mABkAf_lW6kN1u25Q&itag=248&aitags=133%2C134%2C135%2C136%2C137%2C160%2C242%2C243%2C244%2C247%2C248%2C278%2C394%2C395%2C396%2C397%2C398&source=youtube&requiressl=yes&mm=31%2C29&mn=sn-4g5e6ne6%2Csn-4g5edns6&ms=au%2Crdu&mv=m&mvi=2&pl=19&gcr=de&initcwndbps=357500&mime=video%2Fwebm&gir=yes&clen=81816706&dur=597.430&lmt=1570334773917578&mt=1572326557&fvip=3&keepalive=yes&fexp=23842630&c=WEB&txp=5535432&sparams=expire%2Cei%2Cip%2Cid%2Caitags%2Csource%2Crequiressl%2Cgcr%2Cmime%2Cgir%2Cclen%2Cdur%2Clmt&lsparams=mm%2Cmn%2Cms%2Cmv%2Cmvi%2Cpl%2Cinitcwndbps&lsig=AHylml4wRAIgBRm61YleIEqymNiMdwTxxnpGIs0P4ayt-mJWmPnyi2kCIBtF4_tkaxwQqI30kkAzbTSpL7KONXq5fW2oi1x8fKsX&alr=yes&sig=ALgxI2wwRQIgFLIc7CGQ29Kr_2f3ke0NpFOJI_mv_nIUBYxRRQskYj4CIQCoQa9IpLLwlSQMr5RUgU0HwVAsQG_fjJvriXpJ8SIzmQ%3D%3D&cpn=OQpnZ50p41nMTUVX&cver=2.20191022.06.00&range=7261981-8969618&rn=17&rbuf=32039,100.0,2496340.53
11,2.2434839769926045,,,,,,,1340227.0,341290,,2518734.0,2177445.0,16,,,,4,,,,,,,,,,,,,,,,,,,,,,,,5.009999999999998,1.217,,,,,,,54.66,49.65,1572326673.2310002,1572326671.8339999,https://r3---sn-4g5e6ne6.googlevideo.com/videoplayback?expire=1572348232&ei=6My3XYObBIix8gOuu5OoCg&ip=3.122.179.7&id=o-AIZPuQXREiWXy4YTaQGM3BXU0X1mABkAf_lW6kN1u25Q&itag=398&aitags=133%2C134%2C135%2C136%2C137%2C160%2C242%2C243%2C244%2C247%2C248%2C278%2C394%2C395%2C396%2C397%2C398&source=youtube&requiressl=yes&mm=31%2C29&mn=sn-4g5e6ne6%2Csn-4g5edns6&ms=au%2Crdu&mv=m&mvi=2&pl=19&gcr=de&initcwndbps=357500&mime=video%2Fmp4&gir=yes&clen=47238152&dur=597.430&lmt=1570347063306946&mt=1572326557&fvip=3&keepalive=yes&fexp=23842630&c=WEB&txp=5531432&sparams=expire%2Cei%2Cip%2Cid%2Caitags%2Csource%2Crequiressl%2Cgcr%2Cmime%2Cgir%2Cclen%2Cdur%2Clmt&lsparams=mm%2Cmn%2Cms%2Cmv%2Cmvi%2Cpl%2Cinitcwndbps&lsig=AHylml4wRAIgBRm61YleIEqymNiMdwTxxnpGIs0P4ayt-mJWmPnyi2kCIBtF4_tkaxwQqI30kkAzbTSpL7KONXq5fW2oi1x8fKsX&alr=yes&sig=ALgxI2wwRQIgKBhzQ9imlwV58NkIXY--Zim5IrifVnSbTk43MbBa7NcCIQDmPIaw3G87UK4mgyR_AqvhYuvZLH5DBUi2wNiP6Y1V9Q%3D%3D&cpn=OQpnZ50p41nMTUVX&cver=2.20191022.06.00&range=2177445-2518734&rn=22&rbuf=0,70.94530741573037,1247010.965
12,2.4377857142857136,,,,,,,1404919.0,341290,,2860024.0,2518735.0,18,,,,4,,,,,,,,,,,,,,,,,,,,,,,,6.300000000000003,1.12,,,,,,,60.96,54.66,1572326674.219,1572326673.073,https://r3---sn-4g5e6ne6.googlevideo.com/videoplayback?expire=1572348232&ei=6My3XYObBIix8gOuu5OoCg&ip=3.122.179.7&id=o-AIZPuQXREiWXy4YTaQGM3BXU0X1mABkAf_lW6kN1u25Q&itag=398&aitags=133%2C134%2C135%2C136%2C137%2C160%2C242%2C243%2C244%2C247%2C248%2C278%2C394%2C395%2C396%2C397%2C398&source=youtube&requiressl=yes&mm=31%2C29&mn=sn-4g5e6ne6%2Csn-4g5edns6&ms=au%2Crdu&mv=m&mvi=2&pl=19&gcr=de&initcwndbps=357500&mime=video%2Fmp4&gir=yes&clen=47238152&dur=597.430&lmt=1570347063306946&mt=1572326557&fvip=3&keepalive=yes&fexp=23842630&c=WEB&txp=5531432&sparams=expire%2Cei%2Cip%2Cid%2Caitags%2Csource%2Crequiressl%2Cgcr%2Cmime%2Cgir%2Cclen%2Cdur%2Clmt&lsparams=mm%2Cmn%2Cms%2Cmv%2Cmvi%2Cpl%2Cinitcwndbps&lsig=AHylml4wRAIgBRm61YleIEqymNiMdwTxxnpGIs0P4ayt-mJWmPnyi2kCIBtF4_tkaxwQqI30kkAzbTSpL7KONXq5fW2oi1x8fKsX&alr=yes&sig=ALgxI2wwRQIgKBhzQ9imlwV58NkIXY--Zim5IrifVnSbTk43MbBa7NcCIQDmPIaw3G87UK4mgyR_AqvhYuvZLH5DBUi2wNiP6Y1V9Q%3D%3D&cpn=OQpnZ50p41nMTUVX&cver=2.20191022.06.00&range=2518735-2860024&rn=24&rbuf=2096,80.49332179775281,1247010.965
13,2.812064,,,,,,,1387193.0,263631,,3123655.0,2860025.0,20,,,,4,,,,,,,,,,,,,,,,,,,,,,,,7.68,0.75,,,,,,,68.64,60.96,1572326675.0070002,1572326674.2229998,https://r3---sn-4g5e6ne6.googlevideo.com/videoplayback?expire=1572348232&ei=6My3XYObBIix8gOuu5OoCg&ip=3.122.179.7&id=o-AIZPuQXREiWXy4YTaQGM3BXU0X1mABkAf_lW6kN1u25Q&itag=398&aitags=133%2C134%2C135%2C136%2C137%2C160%2C242%2C243%2C244%2C247%2C248%2C278%2C394%2C395%2C396%2C397%2C398&source=youtube&requiressl=yes&mm=31%2C29&mn=sn-4g5e6ne6%2Csn-4g5edns6&ms=au%2Crdu&mv=m&mvi=2&pl=19&gcr=de&initcwndbps=357500&mime=video%2Fmp4&gir=yes&clen=47238152&dur=597.430&lmt=1570347063306946&mt=1572326557&fvip=3&keepalive=yes&fexp=23842630&c=WEB&txp=5531432&sparams=expire%2Cei%2Cip%2Cid%2Caitags%2Csource%2Crequiressl%2Cgcr%2Cmime%2Cgir%2Cclen%2Cdur%2Clmt&lsparams=mm%2Cmn%2Cms%2Cmv%2Cmvi%2Cpl%2Cinitcwndbps&lsig=AHylml4wRAIgBRm61YleIEqymNiMdwTxxnpGIs0P4ayt-mJWmPnyi2kCIBtF4_tkaxwQqI30kkAzbTSpL7KONXq5fW2oi1x8fKsX&alr=yes&sig=ALgxI2wwRQIgKBhzQ9imlwV58NkIXY--Zim5IrifVnSbTk43MbBa7NcCIQDmPIaw3G87UK4mgyR_AqvhYuvZLH5DBUi2wNiP6Y1V9Q%3D%3D&cpn=OQpnZ50p41nMTUVX&cver=2.20191022.06.00&range=2860025-3123655&rn=26&rbuf=4766,92.17946797752808,1247010.965
14,2.7802056074766357,,,,,,,1140547.0,594964,,3718619.0,3123656.0,22,,,,4,,,,,,,,,,,,,,,,,,,,,,,,8.799999999999997,1.712,,,,,,,77.44,68.64,1572326676.673,1572326674.9220002,https://r3---sn-4g5e6ne6.googlevideo.com/videoplayback?expire=1572348232&ei=6My3XYObBIix8gOuu5OoCg&ip=3.122.179.7&id=o-AIZPuQXREiWXy4YTaQGM3BXU0X1mABkAf_lW6kN1u25Q&itag=398&aitags=133%2C134%2C135%2C136%2C137%2C160%2C242%2C243%2C244%2C247%2C248%2C278%2C394%2C395%2C396%2C397%2C398&source=youtube&requiressl=yes&mm=31%2C29&mn=sn-4g5e6ne6%2Csn-4g5edns6&ms=au%2Crdu&mv=m&mvi=2&pl=19&gcr=de&initcwndbps=357500&mime=video%2Fmp4&gir=yes&clen=47238152&dur=597.430&lmt=1570347063306946&mt=1572326557&fvip=3&keepalive=yes&fexp=23842630&c=WEB&txp=5531432&sparams=expire%2Cei%2Cip%2Cid%2Caitags%2Csource%2Crequiressl%2Cgcr%2Cmime%2Cgir%2Cclen%2Cdur%2Clmt&lsparams=mm%2Cmn%2Cms%2Cmv%2Cmvi%2Cpl%2Cinitcwndbps&lsig=AHylml4wRAIgBRm61YleIEqymNiMdwTxxnpGIs0P4ayt-mJWmPnyi2kCIBtF4_tkaxwQqI30kkAzbTSpL7KONXq5fW2oi1x8fKsX&alr=yes&sig=ALgxI2wwRQIgKBhzQ9imlwV58NkIXY--Zim5IrifVnSbTk43MbBa7NcCIQDmPIaw3G87UK4mgyR_AqvhYuvZLH5DBUi2wNiP6Y1V9Q%3D%3D&cpn=OQpnZ50p41nMTUVX&cver=2.20191022.06.00&range=3123656-3718619&rn=27&rbuf=6541,46.31498166666666,1247010.965
15,2.79557722366952,,,,,,,1239560.0,1877929,,5596548.0,3718620.0,25,,,,4,,,,,,,,,,,,,,,,,,,,,,,,47.28,5.3740000000000006,,,,,,,124.72,77.44,1572326682.6369998,1572326677.225,https://r3---sn-4g5e6ne6.googlevideo.com/videoplayback?expire=1572348232&ei=6My3XYObBIix8gOuu5OoCg&ip=3.122.179.7&id=o-AIZPuQXREiWXy4YTaQGM3BXU0X1mABkAf_lW6kN1u25Q&itag=398&aitags=133%2C134%2C135%2C136%2C137%2C160%2C242%2C243%2C244%2C247%2C248%2C278%2C394%2C395%2C396%2C397%2C398&source=youtube&requiressl=yes&mm=31%2C29&mn=sn-4g5e6ne6%2Csn-4g5edns6&ms=au%2Crdu&mv=m&mvi=2&pl=19&gcr=de&initcwndbps=357500&mime=video%2Fmp4&gir=yes&clen=47238152&dur=597.430&lmt=1570347063306946&mt=1572326557&fvip=3&keepalive=yes&fexp=23842630&c=WEB&txp=5531432&sparams=expire%2Cei%2Cip%2Cid%2Caitags%2Csource%2Crequiressl%2Cgcr%2Cmime%2Cgir%2Cclen%2Cdur%2Clmt&lsparams=mm%2Cmn%2Cms%2Cmv%2Cmvi%2Cpl%2Cinitcwndbps&lsig=AHylml4wRAIgBRm61YleIEqymNiMdwTxxnpGIs0P4ayt-mJWmPnyi2kCIBtF4_tkaxwQqI30kkAzbTSpL7KONXq5fW2oi1x8fKsX&alr=yes&sig=ALgxI2wwRQIgKBhzQ9imlwV58NkIXY--Zim5IrifVnSbTk43MbBa7NcCIQDmPIaw3G87UK4mgyR_AqvhYuvZLH5DBUi2wNiP6Y1V9Q%3D%3D&cpn=OQpnZ50p41nMTUVX&cver=2.20191022.06.00&range=3718620-5596548&rn=30&rbuf=13867,67.27918775280902,1247010.965
16,2.0708172757475083,,,,,,,601674.0,155829,,1993084.0,1837256.0,21,,,,3,,,,,,,,,,,,,,,,,,,,,,,,5.040000000000006,0.602,,,,,,,70.54,65.5,1572326692.95,1572326692.2979999,https://r3---sn-4g5e6ne6.googlevideo.com/videoplayback?expire=1572348232&ei=6My3XYObBIix8gOuu5OoCg&ip=3.122.179.7&id=o-AIZPuQXREiWXy4YTaQGM3BXU0X1mABkAf_lW6kN1u25Q&itag=397&aitags=133%2C134%2C135%2C136%2C137%2C160%2C242%2C243%2C244%2C247%2C248%2C278%2C394%2C395%2C396%2C397%2C398&source=youtube&requiressl=yes&mm=31%2C29&mn=sn-4g5e6ne6%2Csn-4g5edns6&ms=au%2Crdu&mv=m&mvi=2&pl=19&gcr=de&initcwndbps=357500&mime=video%2Fmp4&gir=yes&clen=23561414&dur=597.430&lmt=1570346011927405&mt=1572326557&fvip=3&keepalive=yes&fexp=23842630&c=WEB&txp=5531432&sparams=expire%2Cei%2Cip%2Cid%2Caitags%2Csource%2Crequiressl%2Cgcr%2Cmime%2Cgir%2Cclen%2Cdur%2Clmt&lsparams=mm%2Cmn%2Cms%2Cmv%2Cmvi%2Cpl%2Cinitcwndbps&lsig=AHylml4wRAIgBRm61YleIEqymNiMdwTxxnpGIs0P4ayt-mJWmPnyi2kCIBtF4_tkaxwQqI30kkAzbTSpL7KONXq5fW2oi1x8fKsX&alr=yes&sig=ALgxI2wwRQIgfGfLqAPGcOJnv5dCdWx627PPP00JdCZfC6ozGM2aI9ACIQCLQWX2sTY-RXShFbRmnYjHPC5egeabdVXrFgHtI6tGbQ%3D%3D&cpn=OQpnZ50p41nMTUVX&cver=2.20191022.06.00&range=1837256-1993084&rn=36&rbuf=0,67.87977866666667,720397.075
17,2.624564705882353,,,,,,,882967.0,139430,,2132514.0,1993085.0,23,,,,3,,,,,,,,,,,,,,,,,,,,,,,,3.0699999999999936,0.425,,,,,,,73.61,70.54,1572326693.3779998,1572326692.803,https://r3---sn-4g5e6ne6.googlevideo.com/videoplayback?expire=1572348232&ei=6My3XYObBIix8gOuu5OoCg&ip=3.122.179.7&id=o-AIZPuQXREiWXy4YTaQGM3BXU0X1mABkAf_lW6kN1u25Q&itag=397&aitags=133%2C134%2C135%2C136%2C137%2C160%2C242%2C243%2C244%2C247%2C248%2C278%2C394%2C395%2C396%2C397%2C398&source=youtube&requiressl=yes&mm=31%2C29&mn=sn-4g5e6ne6%2Csn-4g5edns6&ms=au%2Crdu&mv=m&mvi=2&pl=19&gcr=de&initcwndbps=357500&mime=video%2Fmp4&gir=yes&clen=23561414&dur=597.430&lmt=1570346011927405&mt=1572326557&fvip=3&keepalive=yes&fexp=23842630&c=WEB&txp=5531432&sparams=expire%2Cei%2Cip%2Cid%2Caitags%2Csource%2Crequiressl%2Cgcr%2Cmime%2Cgir%2Cclen%2Cdur%2Clmt&lsparams=mm%2Cmn%2Cms%2Cmv%2Cmvi%2Cpl%2Cinitcwndbps&lsig=AHylml4wRAIgBRm61YleIEqymNiMdwTxxnpGIs0P4ayt-mJWmPnyi2kCIBtF4_tkaxwQqI30kkAzbTSpL7KONXq5fW2oi1x8fKsX&alr=yes&sig=ALgxI2wwRQIgfGfLqAPGcOJnv5dCdWx627PPP00JdCZfC6ozGM2aI9ACIQCLQWX2sTY-RXShFbRmnYjHPC5egeabdVXrFgHtI6tGbQ%3D%3D&cpn=OQpnZ50p41nMTUVX&cver=2.20191022.06.00&range=1993085-2132514&rn=38&rbuf=1882,47.95496449438204,720397.075
18,2.171022443890274,,,,,,,904002.0,217645,,2350159.0,2132515.0,24,,,,3,,,,,,,,,,,,,,,,,,,,,,,,6.739999999999995,0.802,,,,,,,80.35,73.61,1572326694.101,1572326693.255,https://r3---sn-4g5e6ne6.googlevideo.com/videoplayback?expire=1572348232&ei=6My3XYObBIix8gOuu5OoCg&ip=3.122.179.7&id=o-AIZPuQXREiWXy4YTaQGM3BXU0X1mABkAf_lW6kN1u25Q&itag=397&aitags=133%2C134%2C135%2C136%2C137%2C160%2C242%2C243%2C244%2C247%2C248%2C278%2C394%2C395%2C396%2C397%2C398&source=youtube&requiressl=yes&mm=31%2C29&mn=sn-4g5e6ne6%2Csn-4g5edns6&ms=au%2Crdu&mv=m&mvi=2&pl=19&gcr=de&initcwndbps=357500&mime=video%2Fmp4&gir=yes&clen=23561414&dur=597.430&lmt=1570346011927405&mt=1572326557&fvip=3&keepalive=yes&fexp=23842630&c=WEB&txp=5531432&sparams=expire%2Cei%2Cip%2Cid%2Caitags%2Csource%2Crequiressl%2Cgcr%2Cmime%2Cgir%2Cclen%2Cdur%2Clmt&lsparams=mm%2Cmn%2Cms%2Cmv%2Cmvi%2Cpl%2Cinitcwndbps&lsig=AHylml4wRAIgBRm61YleIEqymNiMdwTxxnpGIs0P4ayt-mJWmPnyi2kCIBtF4_tkaxwQqI30kkAzbTSpL7KONXq5fW2oi1x8fKsX&alr=yes&sig=ALgxI2wwRQIgfGfLqAPGcOJnv5dCdWx627PPP00JdCZfC6ozGM2aI9ACIQCLQWX2sTY-RXShFbRmnYjHPC5egeabdVXrFgHtI6tGbQ%3D%3D&cpn=OQpnZ50p41nMTUVX&cver=2.20191022.06.00&range=2132515-2350159&rn=39&rbuf=4270,58.552113111111076,720397.075
19,2.7650985460420032,,,,,,,630548.0,427899,,2778058.0,2350160.0,26,,,,3,,,,,,,,,,,,,,,,,,,,,,,,18.72,1.238,,,,,,,99.07,80.35,1572326695.421,1572326694.0870001,https://r3---sn-4g5e6ne6.googlevideo.com/videoplayback?expire=1572348232&ei=6My3XYObBIix8gOuu5OoCg&ip=3.122.179.7&id=o-AIZPuQXREiWXy4YTaQGM3BXU0X1mABkAf_lW6kN1u25Q&itag=397&aitags=133%2C134%2C135%2C136%2C137%2C160%2C242%2C243%2C244%2C247%2C248%2C278%2C394%2C395%2C396%2C397%2C398&source=youtube&requiressl=yes&mm=31%2C29&mn=sn-4g5e6ne6%2Csn-4g5edns6&ms=au%2Crdu&mv=m&mvi=2&pl=19&gcr=de&initcwndbps=357500&mime=video%2Fmp4&gir=yes&clen=23561414&dur=597.430&lmt=1570346011927405&mt=1572326557&fvip=3&keepalive=yes&fexp=23842630&c=WEB&txp=5531432&sparams=expire%2Cei%2Cip%2Cid%2Caitags%2Csource%2Crequiressl%2Cgcr%2Cmime%2Cgir%2Cclen%2Cdur%2Clmt&lsparams=mm%2Cmn%2Cms%2Cmv%2Cmvi%2Cpl%2Cinitcwndbps&lsig=AHylml4wRAIgBRm61YleIEqymNiMdwTxxnpGIs0P4ayt-mJWmPnyi2kCIBtF4_tkaxwQqI30kkAzbTSpL7KONXq5fW2oi1x8fKsX&alr=yes&sig=ALgxI2wwRQIgfGfLqAPGcOJnv5dCdWx627PPP00JdCZfC6ozGM2aI9ACIQCLQWX2sTY-RXShFbRmnYjHPC5egeabdVXrFgHtI6tGbQ%3D%3D&cpn=OQpnZ50p41nMTUVX&cver=2.20191022.06.00&range=2350160-2778058&rn=41&rbuf=8108,74.17923011111111,720397.075
20,2.9173215525402334,,,,,,,787545.0,1155624,,3933682.0,2778059.0,33,,,,3,,,,,,,,,,,,,,,,,,,,,,,,41.24000000000001,3.1689999999999996,,,,,,,140.31,99.07,1572326699.66,1572326696.456,https://r3---sn-4g5e6ne6.googlevideo.com/videoplayback?expire=1572348232&ei=6My3XYObBIix8gOuu5OoCg&ip=3.122.179.7&id=o-AIZPuQXREiWXy4YTaQGM3BXU0X1mABkAf_lW6kN1u25Q&itag=397&aitags=133%2C134%2C135%2C136%2C137%2C160%2C242%2C243%2C244%2C247%2C248%2C278%2C394%2C395%2C396%2C397%2C398&source=youtube&requiressl=yes&mm=31%2C29&mn=sn-4g5e6ne6%2Csn-4g5edns6&ms=au%2Crdu&mv=m&mvi=2&pl=19&gcr=de&initcwndbps=357500&mime=video%2Fmp4&gir=yes&clen=23561414&dur=597.430&lmt=1570346011927405&mt=1572326557&fvip=3&keepalive=yes&fexp=23842630&c=WEB&txp=5531432&sparams=expire%2Cei%2Cip%2Cid%2Caitags%2Csource%2Crequiressl%2Cgcr%2Cmime%2Cgir%2Cclen%2Cdur%2Clmt&lsparams=mm%2Cmn%2Cms%2Cmv%2Cmvi%2Cpl%2Cinitcwndbps&lsig=AHylml4wRAIgBRm61YleIEqymNiMdwTxxnpGIs0P4ayt-mJWmPnyi2kCIBtF4_tkaxwQqI30kkAzbTSpL7KONXq5fW2oi1x8fKsX&alr=yes&sig=ALgxI2wwRQIgfGfLqAPGcOJnv5dCdWx627PPP00JdCZfC6ozGM2aI9ACIQCLQWX2sTY-RXShFbRmnYjHPC5egeabdVXrFgHtI6tGbQ%3D%3D&cpn=OQpnZ50p41nMTUVX&cver=2.20191022.06.00&range=2778059-3933682&rn=44&rbuf=17196,58.4426133707865,720397.075
21,2.9993879455122214,,,,,,,810847.0,2009215,,5942897.0,3933683.0,46,,,,3,,,,,,,,,,,,,,,,,,,,,,,,65.82999999999998,5.359,,,,,,,206.14,140.31,1572326716.4009998,1572326711.0310001,https://r3---sn-4g5e6ne6.googlevideo.com/videoplayback?expire=1572348232&ei=6My3XYObBIix8gOuu5OoCg&ip=3.122.179.7&id=o-AIZPuQXREiWXy4YTaQGM3BXU0X1mABkAf_lW6kN1u25Q&itag=397&aitags=133%2C134%2C135%2C136%2C137%2C160%2C242%2C243%2C244%2C247%2C248%2C278%2C394%2C395%2C396%2C397%2C398&source=youtube&requiressl=yes&mm=31%2C29&mn=sn-4g5e6ne6%2Csn-4g5edns6&ms=au%2Crdu&mv=m&mvi=2&pl=19&gcr=de&initcwndbps=357500&mime=video%2Fmp4&gir=yes&clen=23561414&dur=597.430&lmt=1570346011927405&mt=1572326557&fvip=3&keepalive=yes&fexp=23842630&c=WEB&txp=5531432&sparams=expire%2Cei%2Cip%2Cid%2Caitags%2Csource%2Crequiressl%2Cgcr%2Cmime%2Cgir%2Cclen%2Cdur%2Clmt&lsparams=mm%2Cmn%2Cms%2Cmv%2Cmvi%2Cpl%2Cinitcwndbps&lsig=AHylml4wRAIgBRm61YleIEqymNiMdwTxxnpGIs0P4ayt-mJWmPnyi2kCIBtF4_tkaxwQqI30kkAzbTSpL7KONXq5fW2oi1x8fKsX&alr=yes&sig=ALgxI2wwRQIgfGfLqAPGcOJnv5dCdWx627PPP00JdCZfC6ozGM2aI9ACIQCLQWX2sTY-RXShFbRmnYjHPC5egeabdVXrFgHtI6tGbQ%3D%3D&cpn=OQpnZ50p41nMTUVX&cver=2.20191022.06.00&range=3933683-5942897&rn=46&rbuf=31776,74.11217099999998,720397.075
22,1.498940919037199,,,,,,,521147.0,85627,,1932676.0,1847050.0,29,,,,2,,,,,,,,,,,,,,,,,,,,,,,,4.409999999999997,0.457,,,,,,,93.83,89.42,1572326723.1720002,1572326722.5070002,https://r3---sn-4g5e6ne6.googlevideo.com/videoplayback?expire=1572348232&ei=6My3XYObBIix8gOuu5OoCg&ip=3.122.179.7&id=o-AIZPuQXREiWXy4YTaQGM3BXU0X1mABkAf_lW6kN1u25Q&itag=396&aitags=133%2C134%2C135%2C136%2C137%2C160%2C242%2C243%2C244%2C247%2C248%2C278%2C394%2C395%2C396%2C397%2C398&source=youtube&requiressl=yes&mm=31%2C29&mn=sn-4g5e6ne6%2Csn-4g5edns6&ms=au%2Crdu&mv=m&mvi=2&pl=19&gcr=de&initcwndbps=357500&mime=video%2Fmp4&gir=yes&clen=14388133&dur=597.430&lmt=1570345141064770&mt=1572326557&fvip=3&keepalive=yes&fexp=23842630&c=WEB&txp=5531432&sparams=expire%2Cei%2Cip%2Cid%2Caitags%2Csource%2Crequiressl%2Cgcr%2Cmime%2Cgir%2Cclen%2Cdur%2Clmt&lsparams=mm%2Cmn%2Cms%2Cmv%2Cmvi%2Cpl%2Cinitcwndbps&lsig=AHylml4wRAIgBRm61YleIEqymNiMdwTxxnpGIs0P4ayt-mJWmPnyi2kCIBtF4_tkaxwQqI30kkAzbTSpL7KONXq5fW2oi1x8fKsX&alr=yes&sig=ALgxI2wwRgIhAJH93MoCZSe-iMMTGXaCpATO3Tnuh7NBBcvtEk1YNeafAiEAscZwSTtMfjXLgH_R51ZedL_XROzD7ezbCmw2K5WTMn0%3D&cpn=OQpnZ50p41nMTUVX&cver=2.20191022.06.00&range=1847050-1932676&rn=49&rbuf=0,77.28801544444445,569831.585
23,2.7291474103585656,,,,,,,645229.0,85627,,2018303.0,1932677.0,31,,,,2,,,,,,,,,,,,,,,,,,,,,,,,3.269999999999996,0.251,,,,,,,97.1,93.83,1572326723.5679998,1572326723.13,https://r3---sn-4g5e6ne6.googlevideo.com/videoplayback?expire=1572348232&ei=6My3XYObBIix8gOuu5OoCg&ip=3.122.179.7&id=o-AIZPuQXREiWXy4YTaQGM3BXU0X1mABkAf_lW6kN1u25Q&itag=396&aitags=133%2C134%2C135%2C136%2C137%2C160%2C242%2C243%2C244%2C247%2C248%2C278%2C394%2C395%2C396%2C397%2C398&source=youtube&requiressl=yes&mm=31%2C29&mn=sn-4g5e6ne6%2Csn-4g5edns6&ms=au%2Crdu&mv=m&mvi=2&pl=19&gcr=de&initcwndbps=357500&mime=video%2Fmp4&gir=yes&clen=14388133&dur=597.430&lmt=1570345141064770&mt=1572326557&fvip=3&keepalive=yes&fexp=23842630&c=WEB&txp=5531432&sparams=expire%2Cei%2Cip%2Cid%2Caitags%2Csource%2Crequiressl%2Cgcr%2Cmime%2Cgir%2Cclen%2Cdur%2Clmt&lsparams=mm%2Cmn%2Cms%2Cmv%2Cmvi%2Cpl%2Cinitcwndbps&lsig=AHylml4wRAIgBRm61YleIEqymNiMdwTxxnpGIs0P4ayt-mJWmPnyi2kCIBtF4_tkaxwQqI30kkAzbTSpL7KONXq5fW2oi1x8fKsX&alr=yes&sig=ALgxI2wwRgIhAJH93MoCZSe-iMMTGXaCpATO3Tnuh7NBBcvtEk1YNeafAiEAscZwSTtMfjXLgH_R51ZedL_XROzD7ezbCmw2K5WTMn0%3D&cpn=OQpnZ50p41nMTUVX&cver=2.20191022.06.00&range=1932677-2018303&rn=51&rbuf=0,81.76519255555554,569831.585
24,2.795377777777777,,,,,,,512537.0,62896,,2081199.0,2018304.0,32,,,,2,,,,,,,,,,,,,,,,,,,,,,,,2.700000000000003,0.18,,,,,,,99.8,97.1,1572326723.904,1572326723.603,https://r3---sn-4g5e6ne6.googlevideo.com/videoplayback?expire=1572348232&ei=6My3XYObBIix8gOuu5OoCg&ip=3.122.179.7&id=o-AIZPuQXREiWXy4YTaQGM3BXU0X1mABkAf_lW6kN1u25Q&itag=396&aitags=133%2C134%2C135%2C136%2C137%2C160%2C242%2C243%2C244%2C247%2C248%2C278%2C394%2C395%2C396%2C397%2C398&source=youtube&requiressl=yes&mm=31%2C29&mn=sn-4g5e6ne6%2Csn-4g5edns6&ms=au%2Crdu&mv=m&mvi=2&pl=19&gcr=de&initcwndbps=357500&mime=video%2Fmp4&gir=yes&clen=14388133&dur=597.430&lmt=1570345141064770&mt=1572326557&fvip=3&keepalive=yes&fexp=23842630&c=WEB&txp=5531432&sparams=expire%2Cei%2Cip%2Cid%2Caitags%2Csource%2Crequiressl%2Cgcr%2Cmime%2Cgir%2Cclen%2Cdur%2Clmt&lsparams=mm%2Cmn%2Cms%2Cmv%2Cmvi%2Cpl%2Cinitcwndbps&lsig=AHylml4wRAIgBRm61YleIEqymNiMdwTxxnpGIs0P4ayt-mJWmPnyi2kCIBtF4_tkaxwQqI30kkAzbTSpL7KONXq5fW2oi1x8fKsX&alr=yes&sig=ALgxI2wwRgIhAJH93MoCZSe-iMMTGXaCpATO3Tnuh7NBBcvtEk1YNeafAiEAscZwSTtMfjXLgH_R51ZedL_XROzD7ezbCmw2K5WTMn0%3D&cpn=OQpnZ50p41nMTUVX&cver=2.20191022.06.00&range=2018304-2081199&rn=53&rbuf=2104,57.301102888888906,569831.585
25,1.9207095115681232,,,,,,,557105.0,186789,,2267988.0,2081200.0,33,,,,2,,,,,,,,,,,,,,,,,,,,,,,,9.88000000000001,0.778,,,,,,,109.68,99.8,1572326724.929,1572326724.0670002,https://r3---sn-4g5e6ne6.googlevideo.com/videoplayback?expire=1572348232&ei=6My3XYObBIix8gOuu5OoCg&ip=3.122.179.7&id=o-AIZPuQXREiWXy4YTaQGM3BXU0X1mABkAf_lW6kN1u25Q&itag=396&aitags=133%2C134%2C135%2C136%2C137%2C160%2C242%2C243%2C244%2C247%2C248%2C278%2C394%2C395%2C396%2C397%2C398&source=youtube&requiressl=yes&mm=31%2C29&mn=sn-4g5e6ne6%2Csn-4g5edns6&ms=au%2Crdu&mv=m&mvi=2&pl=19&gcr=de&initcwndbps=357500&mime=video%2Fmp4&gir=yes&clen=14388133&dur=597.430&lmt=1570345141064770&mt=1572326557&fvip=3&keepalive=yes&fexp=23842630&c=WEB&txp=5531432&sparams=expire%2Cei%2Cip%2Cid%2Caitags%2Csource%2Crequiressl%2Cgcr%2Cmime%2Cgir%2Cclen%2Cdur%2Clmt&lsparams=mm%2Cmn%2Cms%2Cmv%2Cmvi%2Cpl%2Cinitcwndbps&lsig=AHylml4wRAIgBRm61YleIEqymNiMdwTxxnpGIs0P4ayt-mJWmPnyi2kCIBtF4_tkaxwQqI30kkAzbTSpL7KONXq5fW2oi1x8fKsX&alr=yes&sig=ALgxI2wwRgIhAJH93MoCZSe-iMMTGXaCpATO3Tnuh7NBBcvtEk1YNeafAiEAscZwSTtMfjXLgH_R51ZedL_XROzD7ezbCmw2K5WTMn0%3D&cpn=OQpnZ50p41nMTUVX&cver=2.20191022.06.00&range=2081200-2267988&rn=55&rbuf=5153,55.2929537078652,569831.585
26,2.4358065934065936,,,,,,,603503.0,554146,,2822134.0,2267989.0,36,,,,2,,,,,,,,,,,,,,,,,,,,,,,,28.25999999999999,1.82,,,,,,,137.94,109.68,1572326726.835,1572326724.934,https://r3---sn-4g5e6ne6.googlevideo.com/videoplayback?expire=1572348232&ei=6My3XYObBIix8gOuu5OoCg&ip=3.122.179.7&id=o-AIZPuQXREiWXy4YTaQGM3BXU0X1mABkAf_lW6kN1u25Q&itag=396&aitags=133%2C134%2C135%2C136%2C137%2C160%2C242%2C243%2C244%2C247%2C248%2C278%2C394%2C395%2C396%2C397%2C398&source=youtube&requiressl=yes&mm=31%2C29&mn=sn-4g5e6ne6%2Csn-4g5edns6&ms=au%2Crdu&mv=m&mvi=2&pl=19&gcr=de&initcwndbps=357500&mime=video%2Fmp4&gir=yes&clen=14388133&dur=597.430&lmt=1570345141064770&mt=1572326557&fvip=3&keepalive=yes&fexp=23842630&c=WEB&txp=5531432&sparams=expire%2Cei%2Cip%2Cid%2Caitags%2Csource%2Crequiressl%2Cgcr%2Cmime%2Cgir%2Cclen%2Cdur%2Clmt&lsparams=mm%2Cmn%2Cms%2Cmv%2Cmvi%2Cpl%2Cinitcwndbps&lsig=AHylml4wRAIgBRm61YleIEqymNiMdwTxxnpGIs0P4ayt-mJWmPnyi2kCIBtF4_tkaxwQqI30kkAzbTSpL7KONXq5fW2oi1x8fKsX&alr=yes&sig=ALgxI2wwRgIhAJH93MoCZSe-iMMTGXaCpATO3Tnuh7NBBcvtEk1YNeafAiEAscZwSTtMfjXLgH_R51ZedL_XROzD7ezbCmw2K5WTMn0%3D&cpn=OQpnZ50p41nMTUVX&cver=2.20191022.06.00&range=2267989-2822134&rn=57&rbuf=14122,52.951913777777776,569831.585
27,2.8466156837329883,,,,,,,585473.0,1098082,,3920216.0,2822135.0,46,,,,2,,,,,,,,,,,,,,,,,,,,,,,,52.65000000000001,3.0860000000000003,,,,,,,190.59,137.94,1572326738.9329998,1572326735.835,https://r3---sn-4g5e6ne6.googlevideo.com/videoplayback?expire=1572348232&ei=6My3XYObBIix8gOuu5OoCg&ip=3.122.179.7&id=o-AIZPuQXREiWXy4YTaQGM3BXU0X1mABkAf_lW6kN1u25Q&itag=396&aitags=133%2C134%2C135%2C136%2C137%2C160%2C242%2C243%2C244%2C247%2C248%2C278%2C394%2C395%2C396%2C397%2C398&source=youtube&requiressl=yes&mm=31%2C29&mn=sn-4g5e6ne6%2Csn-4g5edns6&ms=au%2Crdu&mv=m&mvi=2&pl=19&gcr=de&initcwndbps=357500&mime=video%2Fmp4&gir=yes&clen=14388133&dur=597.430&lmt=1570345141064770&mt=1572326557&fvip=3&keepalive=yes&fexp=23842630&c=WEB&txp=5531432&sparams=expire%2Cei%2Cip%2Cid%2Caitags%2Csource%2Crequiressl%2Cgcr%2Cmime%2Cgir%2Cclen%2Cdur%2Clmt&lsparams=mm%2Cmn%2Cms%2Cmv%2Cmvi%2Cpl%2Cinitcwndbps&lsig=AHylml4wRAIgBRm61YleIEqymNiMdwTxxnpGIs0P4ayt-mJWmPnyi2kCIBtF4_tkaxwQqI30kkAzbTSpL7KONXq5fW2oi1x8fKsX&alr=yes&sig=ALgxI2wwRgIhAJH93MoCZSe-iMMTGXaCpATO3Tnuh7NBBcvtEk1YNeafAiEAscZwSTtMfjXLgH_R51ZedL_XROzD7ezbCmw2K5WTMn0%3D&cpn=OQpnZ50p41nMTUVX&cver=2.20191022.06.00&range=2822135-3920216&rn=59&rbuf=27647,71.72470799999998,569831.585
28,2.914696478479597,,,,,,,571286.0,1303598,,5223814.0,3920217.0,63,,,,2,,,,,,,,,,,,,,,,,,,,,,,,51.99000000000001,3.5780000000000003,,,,,,,242.58,190.59,1572326761.425,1572326757.835,https://r3---sn-4g5e6ne6.googlevideo.com/videoplayback?expire=1572348232&ei=6My3XYObBIix8gOuu5OoCg&ip=3.122.179.7&id=o-AIZPuQXREiWXy4YTaQGM3BXU0X1mABkAf_lW6kN1u25Q&itag=396&aitags=133%2C134%2C135%2C136%2C137%2C160%2C242%2C243%2C244%2C247%2C248%2C278%2C394%2C395%2C396%2C397%2C398&source=youtube&requiressl=yes&mm=31%2C29&mn=sn-4g5e6ne6%2Csn-4g5edns6&ms=au%2Crdu&mv=m&mvi=2&pl=19&gcr=de&initcwndbps=357500&mime=video%2Fmp4&gir=yes&clen=14388133&dur=597.430&lmt=1570345141064770&mt=1572326557&fvip=3&keepalive=yes&fexp=23842630&c=WEB&txp=5531432&sparams=expire%2Cei%2Cip%2Cid%2Caitags%2Csource%2Crequiressl%2Cgcr%2Cmime%2Cgir%2Cclen%2Cdur%2Clmt&lsparams=mm%2Cmn%2Cms%2Cmv%2Cmvi%2Cpl%2Cinitcwndbps&lsig=AHylml4wRAIgBRm61YleIEqymNiMdwTxxnpGIs0P4ayt-mJWmPnyi2kCIBtF4_tkaxwQqI30kkAzbTSpL7KONXq5fW2oi1x8fKsX&alr=yes&sig=ALgxI2wwRgIhAJH93MoCZSe-iMMTGXaCpATO3Tnuh7NBBcvtEk1YNeafAiEAscZwSTtMfjXLgH_R51ZedL_XROzD7ezbCmw2K5WTMn0%3D&cpn=OQpnZ50p41nMTUVX&cver=2.20191022.06.00&range=3920217-5223814&rn=62&rbuf=50392,67.65411033333335,569831.585
29,2.9071722206664794,,,,,,,536391.0,1297689,,6521503.0,5223815.0,81,,,,2,,,,,,,,,,,,,,,,,,,,,,,,62.68999999999997,3.571,,,,,,,305.27,242.58,1572326787.42,1572326783.835,https://r3---sn-4g5e6ne6.googlevideo.com/videoplayback?expire=1572348232&ei=6My3XYObBIix8gOuu5OoCg&ip=3.122.179.7&id=o-AIZPuQXREiWXy4YTaQGM3BXU0X1mABkAf_lW6kN1u25Q&itag=396&aitags=133%2C134%2C135%2C136%2C137%2C160%2C242%2C243%2C244%2C247%2C248%2C278%2C394%2C395%2C396%2C397%2C398&source=youtube&requiressl=yes&mm=31%2C29&mn=sn-4g5e6ne6%2Csn-4g5edns6&ms=au%2Crdu&mv=m&mvi=2&pl=19&gcr=de&initcwndbps=357500&mime=video%2Fmp4&gir=yes&clen=14388133&dur=597.430&lmt=1570345141064770&mt=1572326557&fvip=3&keepalive=yes&fexp=23842630&c=WEB&txp=5531432&sparams=expire%2Cei%2Cip%2Cid%2Caitags%2Csource%2Crequiressl%2Cgcr%2Cmime%2Cgir%2Cclen%2Cdur%2Clmt&lsparams=mm%2Cmn%2Cms%2Cmv%2Cmvi%2Cpl%2Cinitcwndbps&lsig=AHylml4wRAIgBRm61YleIEqymNiMdwTxxnpGIs0P4ayt-mJWmPnyi2kCIBtF4_tkaxwQqI30kkAzbTSpL7KONXq5fW2oi1x8fKsX&alr=yes&sig=ALgxI2wwRgIhAJH93MoCZSe-iMMTGXaCpATO3Tnuh7NBBcvtEk1YNeafAiEAscZwSTtMfjXLgH_R51ZedL_XROzD7ezbCmw2K5WTMn0%3D&cpn=OQpnZ50p41nMTUVX&cver=2.20191022.06.00&range=5223815-6521503&rn=64&rbuf=74876,47.54696177777776,569831.585
30,3.009742919389978,,,,,,,661599.0,1208788,,7730291.0,6521504.0,102,,,,2,,,,,,,,,,,,,,,,,,,,,,,,53.420000000000016,3.213,,,,,,,358.69,305.27,1572326811.314,1572326808.0879998,https://r3---sn-4g5e6ne6.googlevideo.com/videoplayback?expire=1572348232&ei=6My3XYObBIix8gOuu5OoCg&ip=3.122.179.7&id=o-AIZPuQXREiWXy4YTaQGM3BXU0X1mABkAf_lW6kN1u25Q&itag=396&aitags=133%2C134%2C135%2C136%2C137%2C160%2C242%2C243%2C244%2C247%2C248%2C278%2C394%2C395%2C396%2C397%2C398&source=youtube&requiressl=yes&mm=31%2C29&mn=sn-4g5e6ne6%2Csn-4g5edns6&ms=au%2Crdu&mv=m&mvi=2&pl=19&gcr=de&initcwndbps=357500&mime=video%2Fmp4&gir=yes&clen=14388133&dur=597.430&lmt=1570345141064770&mt=1572326557&fvip=3&keepalive=yes&fexp=23842630&c=WEB&txp=5531432&sparams=expire%2Cei%2Cip%2Cid%2Caitags%2Csource%2Crequiressl%2Cgcr%2Cmime%2Cgir%2Cclen%2Cdur%2Clmt&lsparams=mm%2Cmn%2Cms%2Cmv%2Cmvi%2Cpl%2Cinitcwndbps&lsig=AHylml4wRAIgBRm61YleIEqymNiMdwTxxnpGIs0P4ayt-mJWmPnyi2kCIBtF4_tkaxwQqI30kkAzbTSpL7KONXq5fW2oi1x8fKsX&alr=yes&sig=ALgxI2wwRgIhAJH93MoCZSe-iMMTGXaCpATO3Tnuh7NBBcvtEk1YNeafAiEAscZwSTtMfjXLgH_R51ZedL_XROzD7ezbCmw2K5WTMn0%3D&cpn=OQpnZ50p41nMTUVX&cver=2.20191022.06.00&range=6521504-7730291&rn=67&rbuf=99708,43.41948866666667,569831.585
31,2.935396271797956,,,,,,,684227.0,1220391,,8950682.0,7730292.0,120,,,,2,,,,,,,,,,,,,,,,,,,,,,,,47.149999999999984,3.326,,,,,,,405.84,358.69,1572326840.7489998,1572326837.411,https://r3---sn-4g5e6ne6.googlevideo.com/videoplayback?expire=1572348232&ei=6My3XYObBIix8gOuu5OoCg&ip=3.122.179.7&id=o-AIZPuQXREiWXy4YTaQGM3BXU0X1mABkAf_lW6kN1u25Q&itag=396&aitags=133%2C134%2C135%2C136%2C137%2C160%2C242%2C243%2C244%2C247%2C248%2C278%2C394%2C395%2C396%2C397%2C398&source=youtube&requiressl=yes&mm=31%2C29&mn=sn-4g5e6ne6%2Csn-4g5edns6&ms=au%2Crdu&mv=m&mvi=2&pl=19&gcr=de&initcwndbps=357500&mime=video%2Fmp4&gir=yes&clen=14388133&dur=597.430&lmt=1570345141064770&mt=1572326557&fvip=3&keepalive=yes&fexp=23842630&c=WEB&txp=5531432&sparams=expire%2Cei%2Cip%2Cid%2Caitags%2Csource%2Crequiressl%2Cgcr%2Cmime%2Cgir%2Cclen%2Cdur%2Clmt&lsparams=mm%2Cmn%2Cms%2Cmv%2Cmvi%2Cpl%2Cinitcwndbps&lsig=AHylml4wRAIgBRm61YleIEqymNiMdwTxxnpGIs0P4ayt-mJWmPnyi2kCIBtF4_tkaxwQqI30kkAzbTSpL7KONXq5fW2oi1x8fKsX&alr=yes&sig=ALgxI2wwRgIhAJH93MoCZSe-iMMTGXaCpATO3Tnuh7NBBcvtEk1YNeafAiEAscZwSTtMfjXLgH_R51ZedL_XROzD7ezbCmw2K5WTMn0%3D&cpn=OQpnZ50p41nMTUVX&cver=2.20191022.06.00&range=7730292-8950682&rn=69&rbuf=119840,56.07871333333333,569831.585
32,2.9296773080241585,,,,,,,588979.0,1273311,,10223993.0,8950683.0,135,,,,2,,,,,,,,,,,,,,,,,,,,,,,,66.36000000000001,3.477,,,,,,,472.2,405.84,1572326890.7640002,1572326887.147,https://r3---sn-4g5e6ne6.googlevideo.com/videoplayback?expire=1572348232&ei=6My3XYObBIix8gOuu5OoCg&ip=3.122.179.7&id=o-AIZPuQXREiWXy4YTaQGM3BXU0X1mABkAf_lW6kN1u25Q&itag=396&aitags=133%2C134%2C135%2C136%2C137%2C160%2C242%2C243%2C244%2C247%2C248%2C278%2C394%2C395%2C396%2C397%2C398&source=youtube&requiressl=yes&mm=31%2C29&mn=sn-4g5e6ne6%2Csn-4g5edns6&ms=au%2Crdu&mv=m&mvi=2&pl=19&gcr=de&initcwndbps=357500&mime=video%2Fmp4&gir=yes&clen=14388133&dur=597.430&lmt=1570345141064770&mt=1572326557&fvip=3&keepalive=yes&fexp=23842630&c=WEB&txp=5531432&sparams=expire%2Cei%2Cip%2Cid%2Caitags%2Csource%2Crequiressl%2Cgcr%2Cmime%2Cgir%2Cclen%2Cdur%2Clmt&lsparams=mm%2Cmn%2Cms%2Cmv%2Cmvi%2Cpl%2Cinitcwndbps&lsig=AHylml4wRAIgBRm61YleIEqymNiMdwTxxnpGIs0P4ayt-mJWmPnyi2kCIBtF4_tkaxwQqI30kkAzbTSpL7KONXq5fW2oi1x8fKsX&alr=yes&sig=ALgxI2wwRgIhAJH93MoCZSe-iMMTGXaCpATO3Tnuh7NBBcvtEk1YNeafAiEAscZwSTtMfjXLgH_R51ZedL_XROzD7ezbCmw2K5WTMn0%3D&cpn=OQpnZ50p41nMTUVX&cver=2.20191022.06.00&range=8950683-10223993&rn=72&rbuf=118973,46.549097865168534,569831.585
33,2.8839467535995653,,,,,,,612017.0,1326976,,11550969.0,10223994.0,158,,,,2,,,,,,,,,,,,,,,,,,,,,,,,76.34999999999997,3.681,,,,,,,548.55,472.2,1572326936.788,1572326933.096,https://r3---sn-4g5e6ne6.googlevideo.com/videoplayback?expire=1572348232&ei=6My3XYObBIix8gOuu5OoCg&ip=3.122.179.7&id=o-AIZPuQXREiWXy4YTaQGM3BXU0X1mABkAf_lW6kN1u25Q&itag=396&aitags=133%2C134%2C135%2C136%2C137%2C160%2C242%2C243%2C244%2C247%2C248%2C278%2C394%2C395%2C396%2C397%2C398&source=youtube&requiressl=yes&mm=31%2C29&mn=sn-4g5e6ne6%2Csn-4g5edns6&ms=au%2Crdu&mv=m&mvi=2&pl=19&gcr=de&initcwndbps=357500&mime=video%2Fmp4&gir=yes&clen=14388133&dur=597.430&lmt=1570345141064770&mt=1572326557&fvip=3&keepalive=yes&fexp=23842630&c=WEB&txp=5531432&sparams=expire%2Cei%2Cip%2Cid%2Caitags%2Csource%2Crequiressl%2Cgcr%2Cmime%2Cgir%2Cclen%2Cdur%2Clmt&lsparams=mm%2Cmn%2Cms%2Cmv%2Cmvi%2Cpl%2Cinitcwndbps&lsig=AHylml4wRAIgBRm61YleIEqymNiMdwTxxnpGIs0P4ayt-mJWmPnyi2kCIBtF4_tkaxwQqI30kkAzbTSpL7KONXq5fW2oi1x8fKsX&alr=yes&sig=ALgxI2wwRgIhAJH93MoCZSe-iMMTGXaCpATO3Tnuh7NBBcvtEk1YNeafAiEAscZwSTtMfjXLgH_R51ZedL_XROzD7ezbCmw2K5WTMn0%3D&cpn=OQpnZ50p41nMTUVX&cver=2.20191022.06.00&range=10223994-11550969&rn=74&rbuf=119669,51.7531378888889,569831.585
