,url,timestamp_start,timestamp_finish,n_segment,t_download_s,body_size_byte,bandwidth_mbit,byte_start,byte_end,quality_level_chosen,t_start,t_end,seg_len_s,bitrate_level,vmaf_level,previous_bitrate,previous_vmaf,previous_quality,quality_shift_byte_-2,quality_shift_vmaf_-2,quality_shift_bitrate_-2,quality_shift_byte_-1,quality_shift_vmaf_-1,quality_shift_bitrate_-1,quality_shift_byte_0,quality_shift_vmaf_0,quality_shift_bitrate_0,quality_shift_byte_1,quality_shift_vmaf_1,quality_shift_bitrate_1,quality_shift_byte_2,quality_shift_vmaf_2,quality_shift_bitrate_2,quality_shift,buffer_estimate_0,rebuffer_estimate_0,t_download_s_-1,quality_level_chosen_-1,bandwidth_mbit_-1,t_download_s_-2,quality_level_chosen_-2,bandwidth_mbit_-2,t_download_s_-3,quality_level_chosen_-3,bandwidth_mbit_-3,t_download_s_-4,quality_level_chosen_-4,bandwidth_mbit_-4,t_download_s_-5,quality_level_chosen_-5,bandwidth_mbit_-5,t_download_s_-6,quality_level_chosen_-6,bandwidth_mbit_-6,t_download_s_-7,quality_level_chosen_-7,bandwidth_mbit_-7,t_download_s_-8,quality_level_chosen_-8,bandwidth_mbit_-8,t_download_s_-9,quality_level_chosen_-9,bandwidth_mbit_-9,t_download_s_-10,quality_level_chosen_-10,bandwidth_mbit_-10
0,https://r1---sn-25glen7l.googlevideo.com/videoplayback?expire=1576356609&ei=ofb0XdzPINbTgQfy16eIBg&ip=35.158.21.68&id=o-AGkrx7wmVY9DkbOjjKM-bZ4xELyzUCDESVfs-a5DXtFG&itag=396&aitags=133%2C134%2C135%2C136%2C137%2C160%2C242%2C243%2C244%2C247%2C248%2C278%2C394%2C395%2C396%2C397%2C398%2C399&source=youtube&requiressl=yes&mm=31%2C26&mn=sn-4g5ednsr%2Csn-25glen7l&ms=au%2Conr&mv=m&mvi=0&pl=14&gcr=de&initcwndbps=361250&mime=video%2Fmp4&gir=yes&clen=13341322&dur=548.648&lmt=1570425283944554&mt=1576334860&fvip=1&keepalive=yes&fexp=23842630&c=WEB&txp=5531432&sparams=expire%2Cei%2Cip%2Cid%2Caitags%2Csource%2Crequiressl%2Cgcr%2Cmime%2Cgir%2Cclen%2Cdur%2Clmt&sig=ALgxI2wwRgIhAMsDATvM5HVYLdi3pQ9JGhzZiUH_1HnJtzW4g5m2Gl-eAiEAqrMn2fHfUgOlb_-5uQnSJFLXtCPdVMwK0VC7le_5KCQ%3D&lsparams=mm%2Cmn%2Cms%2Cmv%2Cmvi%2Cpl%2Cinitcwndbps&lsig=AHylml4wRAIgHFIu1k9EraV_vkIREDzAdxtIK60m_TpfJrPA88y_jowCIGwEBE2_mySEc1ym1K7E-t_yu3PtpHxb4KoOoESzRRe_&alr=yes&cpn=pJ6iVDpGBgsJzAQ9&cver=2.20191212.06.01&fallback_count=1&range=0-1967&rn=6&rbuf=0,1576335017.41,1576335017.5240002,0,0.004,1968,3.9359999999999995,0.0,1967.0,2,0.0,0.0,0.0,653085.0,46.277404777777775,0.0,0.0,0.0,157544.0,4.470457999999998,419697.0,157544.0,4.470457999999998,419697.0,157544.0,4.470457999999998,419697.0,182360.0,30.51394166666667,485807.0,245152.0,46.277404777777775,653085.0,-2.0,0.0,0.05900001525878906,,,,,,,,,,,,,,,,,,,,,,,,,,,,,,
1,https://r1---sn-25glen7l.googlevideo.com/videoplayback?expire=1576356609&ei=ofb0XdzPINbTgQfy16eIBg&ip=35.158.21.68&id=o-AGkrx7wmVY9DkbOjjKM-bZ4xELyzUCDESVfs-a5DXtFG&itag=396&aitags=133%2C134%2C135%2C136%2C137%2C160%2C242%2C243%2C244%2C247%2C248%2C278%2C394%2C395%2C396%2C397%2C398%2C399&source=youtube&requiressl=yes&mm=31%2C26&mn=sn-4g5ednsr%2Csn-25glen7l&ms=au%2Conr&mv=m&mvi=0&pl=14&gcr=de&initcwndbps=361250&mime=video%2Fmp4&gir=yes&clen=13341322&dur=548.648&lmt=1570425283944554&mt=1576334860&fvip=1&keepalive=yes&fexp=23842630&c=WEB&txp=5531432&sparams=expire%2Cei%2Cip%2Cid%2Caitags%2Csource%2Crequiressl%2Cgcr%2Cmime%2Cgir%2Cclen%2Cdur%2Clmt&sig=ALgxI2wwRgIhAMsDATvM5HVYLdi3pQ9JGhzZiUH_1HnJtzW4g5m2Gl-eAiEAqrMn2fHfUgOlb_-5uQnSJFLXtCPdVMwK0VC7le_5KCQ%3D&lsparams=mm%2Cmn%2Cms%2Cmv%2Cmvi%2Cpl%2Cinitcwndbps&lsig=AHylml4wRAIgHFIu1k9EraV_vkIREDzAdxtIK60m_TpfJrPA88y_jowCIGwEBE2_mySEc1ym1K7E-t_yu3PtpHxb4KoOoESzRRe_&alr=yes&cpn=pJ6iVDpGBgsJzAQ9&cver=2.20191212.06.01&fallback_count=1&range=0-4095&rn=5&rbuf=0,1576335017.351,1576335017.6430001,0,0.01,4096,3.2767999999999997,0.0,4095.0,2,0.0,0.03,0.03,653085.0,46.277404777777775,0.0,0.0,0.0,157544.0,4.470457999999998,419697.0,157544.0,4.470457999999998,419697.0,157544.0,4.470457999999998,419697.0,182360.0,30.51394166666667,485807.0,245152.0,46.277404777777775,653085.0,-2.0,0.0,0.0,,,,,,,,,,,,,,,,,,,,,,,,,,,,,,
2,"https://r4---sn-4g5ednsr.googlevideo.com/videoplayback?expire=1576356609&ei=ofb0XdzPINbTgQfy16eIBg&ip=35.158.21.68&id=o-AGkrx7wmVY9DkbOjjKM-bZ4xELyzUCDESVfs-a5DXtFG&itag=396&aitags=133%2C134%2C135%2C136%2C137%2C160%2C242%2C243%2C244%2C247%2C248%2C278%2C394%2C395%2C396%2C397%2C398%2C399&source=youtube&requiressl=yes&mm=31%2C26&mn=sn-4g5ednsr%2Csn-25glen7l&ms=au%2Conr&mv=m&mvi=0&pl=14&gcr=de&initcwndbps=361250&mime=video%2Fmp4&gir=yes&clen=13341322&dur=548.648&lmt=1570425283944554&mt=1576334860&fvip=1&keepalive=yes&fexp=23812955,23842630&c=WEB&txp=5531432&sparams=expire%2Cei%2Cip%2Cid%2Caitags%2Csource%2Crequiressl%2Cgcr%2Cmime%2Cgir%2Cclen%2Cdur%2Clmt&sig=ALgxI2wwRgIhAMsDATvM5HVYLdi3pQ9JGhzZiUH_1HnJtzW4g5m2Gl-eAiEAqrMn2fHfUgOlb_-5uQnSJFLXtCPdVMwK0VC7le_5KCQ%3D&lsparams=mm%2Cmn%2Cms%2Cmv%2Cmvi%2Cpl%2Cinitcwndbps&lsig=AHylml4wRAIgHFIu1k9EraV_vkIREDzAdxtIK60m_TpfJrPA88y_jowCIGwEBE2_mySEc1ym1K7E-t_yu3PtpHxb4KoOoESzRRe_&alr=yes&cpn=pJ6iVDpGBgsJzAQ9&cver=2.20191212.06.01&ir=1&rr=12&range=1968-80888&rn=7&rbuf=0",1576335019.185,1576335019.496,0,0.23500000000000001,78921,2.6866723404255315,1968.0,80888.0,2,0.0,0.93,0.93,653085.0,46.277404777777775,0.0,0.0,0.0,157544.0,4.470457999999998,419697.0,157544.0,4.470457999999998,419697.0,157544.0,4.470457999999998,419697.0,182360.0,30.51394166666667,485807.0,245152.0,46.277404777777775,653085.0,-2.0,0.0,1.7749998569488525,,,,,,,,,,,,,,,,,,,,,,,,,,,,,,
3,"https://r4---sn-4g5ednsr.googlevideo.com/videoplayback?expire=1576356609&ei=ofb0XdzPINbTgQfy16eIBg&ip=35.158.21.68&id=o-AGkrx7wmVY9DkbOjjKM-bZ4xELyzUCDESVfs-a5DXtFG&itag=396&aitags=133%2C134%2C135%2C136%2C137%2C160%2C242%2C243%2C244%2C247%2C248%2C278%2C394%2C395%2C396%2C397%2C398%2C399&source=youtube&requiressl=yes&mm=31%2C26&mn=sn-4g5ednsr%2Csn-25glen7l&ms=au%2Conr&mv=m&mvi=0&pl=14&gcr=de&initcwndbps=361250&mime=video%2Fmp4&gir=yes&clen=13341322&dur=548.648&lmt=1570425283944554&mt=1576334860&fvip=1&keepalive=yes&fexp=23812955,23842630&c=WEB&txp=5531432&sparams=expire%2Cei%2Cip%2Cid%2Caitags%2Csource%2Crequiressl%2Cgcr%2Cmime%2Cgir%2Cclen%2Cdur%2Clmt&sig=ALgxI2wwRgIhAMsDATvM5HVYLdi3pQ9JGhzZiUH_1HnJtzW4g5m2Gl-eAiEAqrMn2fHfUgOlb_-5uQnSJFLXtCPdVMwK0VC7le_5KCQ%3D&lsparams=mm%2Cmn%2Cms%2Cmv%2Cmvi%2Cpl%2Cinitcwndbps&lsig=AHylml4wRAIgHFIu1k9EraV_vkIREDzAdxtIK60m_TpfJrPA88y_jowCIGwEBE2_mySEc1ym1K7E-t_yu3PtpHxb4KoOoESzRRe_&alr=yes&cpn=pJ6iVDpGBgsJzAQ9&cver=2.20191212.06.01&ir=1&rr=12&range=153484-297948&rn=10&rbuf=4957",1576335020.059,1576335021.069,1,0.834,144465,1.3857553956834532,153484.0,297948.0,2,5.37,10.71,5.340000000000001,736724.0,71.26892844444444,0.0,0.0,0.0,200784.0,5.6167882222222225,534889.0,200784.0,5.6167882222222225,534889.0,200784.0,5.6167882222222225,534889.0,237256.0,46.27193155555555,632050.0,276548.0,71.26892844444444,736724.0,-2.0,0.33700003623962405,0.1510000228881836,,,,,,,,,,,,,,,,,,,,,,,,,,,,,,
4,"https://r4---sn-4g5ednsr.googlevideo.com/videoplayback?expire=1576356609&ei=ofb0XdzPINbTgQfy16eIBg&ip=35.158.21.68&id=o-AGkrx7wmVY9DkbOjjKM-bZ4xELyzUCDESVfs-a5DXtFG&itag=396&aitags=133%2C134%2C135%2C136%2C137%2C160%2C242%2C243%2C244%2C247%2C248%2C278%2C394%2C395%2C396%2C397%2C398%2C399&source=youtube&requiressl=yes&mm=31%2C26&mn=sn-4g5ednsr%2Csn-25glen7l&ms=au%2Conr&mv=m&mvi=0&pl=14&gcr=de&initcwndbps=361250&mime=video%2Fmp4&gir=yes&clen=13341322&dur=548.648&lmt=1570425283944554&mt=1576334860&fvip=1&keepalive=yes&fexp=23812955,23842630&c=WEB&txp=5531432&sparams=expire%2Cei%2Cip%2Cid%2Caitags%2Csource%2Crequiressl%2Cgcr%2Cmime%2Cgir%2Cclen%2Cdur%2Clmt&sig=ALgxI2wwRgIhAMsDATvM5HVYLdi3pQ9JGhzZiUH_1HnJtzW4g5m2Gl-eAiEAqrMn2fHfUgOlb_-5uQnSJFLXtCPdVMwK0VC7le_5KCQ%3D&lsparams=mm%2Cmn%2Cms%2Cmv%2Cmvi%2Cpl%2Cinitcwndbps&lsig=AHylml4wRAIgHFIu1k9EraV_vkIREDzAdxtIK60m_TpfJrPA88y_jowCIGwEBE2_mySEc1ym1K7E-t_yu3PtpHxb4KoOoESzRRe_&alr=yes&cpn=pJ6iVDpGBgsJzAQ9&cver=2.20191212.06.01&ir=1&rr=12&range=297949-614647&rn=12&rbuf=8722",1576335021.648,1576335022.679,3,1.018,316699,2.488793713163065,297949.0,614647.0,2,10.71,26.73,16.02,714687.0,73.7210881111111,0.0,0.0,0.0,198716.0,0.0,529379.0,198716.0,0.0,529379.0,198716.0,0.0,529379.0,238196.0,44.99631877777777,634554.0,268276.0,73.7210881111111,714687.0,-2.0,0.0,1.2519999504089356,,,,,,,,,,,,,,,,,,,,,,,,,,,,,,
5,"https://r4---sn-4g5ednsr.googlevideo.com/videoplayback?expire=1576356609&ei=ofb0XdzPINbTgQfy16eIBg&ip=35.158.21.68&id=o-AGkrx7wmVY9DkbOjjKM-bZ4xELyzUCDESVfs-a5DXtFG&itag=398&aitags=133%2C134%2C135%2C136%2C137%2C160%2C242%2C243%2C244%2C247%2C248%2C278%2C394%2C395%2C396%2C397%2C398%2C399&source=youtube&requiressl=yes&mm=31%2C26&mn=sn-4g5ednsr%2Csn-25glen7l&ms=au%2Conr&mv=m&mvi=0&pl=14&gcr=de&initcwndbps=361250&mime=video%2Fmp4&gir=yes&clen=54817015&dur=548.648&lmt=1570424752311114&mt=1576334860&fvip=1&keepalive=yes&fexp=23812955,23842630&c=WEB&txp=5531432&sparams=expire%2Cei%2Cip%2Cid%2Caitags%2Csource%2Crequiressl%2Cgcr%2Cmime%2Cgir%2Cclen%2Cdur%2Clmt&sig=ALgxI2wwRQIhANYTYZcHq5AJpN19fp6TScoNEjMAwno4Yuh17dzmrueCAiB5wD5jiWARCiW2jy4yaVGrCm2jwtssFFeBZAlvr7CZUw%3D%3D&lsparams=mm%2Cmn%2Cms%2Cmv%2Cmvi%2Cpl%2Cinitcwndbps&lsig=AHylml4wRAIgHFIu1k9EraV_vkIREDzAdxtIK60m_TpfJrPA88y_jowCIGwEBE2_mySEc1ym1K7E-t_yu3PtpHxb4KoOoESzRRe_&alr=yes&cpn=pJ6iVDpGBgsJzAQ9&cver=2.20191212.06.01&ir=1&rr=12&range=0-1967&rn=15&rbuf=0",1576335022.906,1576335023.4399998,0,0.053,1968,0.2970566037735849,0.0,1967.0,4,0.0,0.0,0.0,1685301.0,59.00171188888889,736724.0,71.26892844444444,2.0,157544.0,4.470457999999998,419697.0,182360.0,30.51394166666667,485807.0,245152.0,46.277404777777775,653085.0,355320.0,53.248355,946573.0,632620.0,59.00171188888889,1685301.0,-2.0,0.0,1.2579998970031738,0.203,2.0,2.8608866995073887,1.018,2.0,2.488793713163065,0.834,2.0,1.3857553956834532,0.23500000000000001,2.0,2.6866723404255315,0.01,2.0,3.2767999999999997,,,,,,,,,,,,,,,
6,"https://r4---sn-4g5ednsr.googlevideo.com/videoplayback?expire=1576356609&ei=ofb0XdzPINbTgQfy16eIBg&ip=35.158.21.68&id=o-AGkrx7wmVY9DkbOjjKM-bZ4xELyzUCDESVfs-a5DXtFG&itag=396&aitags=133%2C134%2C135%2C136%2C137%2C160%2C242%2C243%2C244%2C247%2C248%2C278%2C394%2C395%2C396%2C397%2C398%2C399&source=youtube&requiressl=yes&mm=31%2C26&mn=sn-4g5ednsr%2Csn-25glen7l&ms=au%2Conr&mv=m&mvi=0&pl=14&gcr=de&initcwndbps=361250&mime=video%2Fmp4&gir=yes&clen=13341322&dur=548.648&lmt=1570425283944554&mt=1576334860&fvip=1&keepalive=yes&fexp=23812955,23842630&c=WEB&txp=5531432&sparams=expire%2Cei%2Cip%2Cid%2Caitags%2Csource%2Crequiressl%2Cgcr%2Cmime%2Cgir%2Cclen%2Cdur%2Clmt&sig=ALgxI2wwRgIhAMsDATvM5HVYLdi3pQ9JGhzZiUH_1HnJtzW4g5m2Gl-eAiEAqrMn2fHfUgOlb_-5uQnSJFLXtCPdVMwK0VC7le_5KCQ%3D&lsparams=mm%2Cmn%2Cms%2Cmv%2Cmvi%2Cpl%2Cinitcwndbps&lsig=AHylml4wRAIgHFIu1k9EraV_vkIREDzAdxtIK60m_TpfJrPA88y_jowCIGwEBE2_mySEc1ym1K7E-t_yu3PtpHxb4KoOoESzRRe_&alr=yes&cpn=pJ6iVDpGBgsJzAQ9&cver=2.20191212.06.01&ir=1&rr=12&range=80889-153483&rn=8&rbuf=2781",1576335019.345,1576335025.024,0,0.203,72595,2.8608866995073887,80889.0,153483.0,2,0.93,5.37,4.44,653085.0,46.277404777777775,0.0,0.0,0.0,157544.0,4.470457999999998,419697.0,157544.0,4.470457999999998,419697.0,157544.0,4.470457999999998,419697.0,182360.0,30.51394166666667,485807.0,245152.0,46.277404777777775,653085.0,-2.0,0.0,0.16000008583068848,,,,,,,,,,,,,,,,,,,,,,,,,,,,,,
7,"https://r4---sn-4g5ednsr.googlevideo.com/videoplayback?expire=1576356609&ei=ofb0XdzPINbTgQfy16eIBg&ip=35.158.21.68&id=o-AGkrx7wmVY9DkbOjjKM-bZ4xELyzUCDESVfs-a5DXtFG&itag=397&aitags=133%2C134%2C135%2C136%2C137%2C160%2C242%2C243%2C244%2C247%2C248%2C278%2C394%2C395%2C396%2C397%2C398%2C399&source=youtube&requiressl=yes&mm=31%2C26&mn=sn-4g5ednsr%2Csn-25glen7l&ms=au%2Conr&mv=m&mvi=0&pl=14&gcr=de&initcwndbps=361250&mime=video%2Fmp4&gir=yes&clen=22553932&dur=548.648&lmt=1570424795255410&mt=1576334860&fvip=1&keepalive=yes&fexp=23812955,23842630&c=WEB&txp=5531432&sparams=expire%2Cei%2Cip%2Cid%2Caitags%2Csource%2Crequiressl%2Cgcr%2Cmime%2Cgir%2Cclen%2Cdur%2Clmt&sig=ALgxI2wwRQIgTgqgqUBxUi2JdE41oe9MQoH1aZ1Spub37fyKJlY_mzMCIQDGChd1eJaiOhHeCEOd9pIwZEMiMt2RBDXRmIS50s9gXw%3D%3D&lsparams=mm%2Cmn%2Cms%2Cmv%2Cmvi%2Cpl%2Cinitcwndbps&lsig=AHylml4wRAIgHFIu1k9EraV_vkIREDzAdxtIK60m_TpfJrPA88y_jowCIGwEBE2_mySEc1ym1K7E-t_yu3PtpHxb4KoOoESzRRe_&alr=yes&cpn=pJ6iVDpGBgsJzAQ9&cver=2.20191212.06.01&ir=1&rr=12&range=0-1967&rn=18&rbuf=0",1576335032.308,1576335032.426,0,0.061,1968,0.25809836065573766,0.0,1967.0,3,0.0,0.0,0.0,946573.0,53.248355,1685301.0,59.00171188888889,4.0,245152.0,46.277404777777775,653085.0,355320.0,53.248355,946573.0,632620.0,59.00171188888889,1685301.0,1210156.0,100.0,3223858.0,1210156.0,100.0,3223858.0,1.0,18.515999841690064,0.929999828338623,0.203,2.0,2.8608866995073887,0.053,4.0,0.2970566037735849,1.018,2.0,2.488793713163065,0.834,2.0,1.3857553956834532,0.23500000000000001,2.0,2.6866723404255315,0.01,2.0,3.2767999999999997,,,,,,,,,,,,
8,"https://r4---sn-4g5ednsr.googlevideo.com/videoplayback?expire=1576356609&ei=ofb0XdzPINbTgQfy16eIBg&ip=35.158.21.68&id=o-AGkrx7wmVY9DkbOjjKM-bZ4xELyzUCDESVfs-a5DXtFG&itag=398&aitags=133%2C134%2C135%2C136%2C137%2C160%2C242%2C243%2C244%2C247%2C248%2C278%2C394%2C395%2C396%2C397%2C398%2C399&source=youtube&requiressl=yes&mm=31%2C26&mn=sn-4g5ednsr%2Csn-25glen7l&ms=au%2Conr&mv=m&mvi=0&pl=14&gcr=de&initcwndbps=361250&mime=video%2Fmp4&gir=yes&clen=54817015&dur=548.648&lmt=1570424752311114&mt=1576334860&fvip=1&keepalive=yes&fexp=23812955,23842630&c=WEB&txp=5531432&sparams=expire%2Cei%2Cip%2Cid%2Caitags%2Csource%2Crequiressl%2Cgcr%2Cmime%2Cgir%2Cclen%2Cdur%2Clmt&sig=ALgxI2wwRQIhANYTYZcHq5AJpN19fp6TScoNEjMAwno4Yuh17dzmrueCAiB5wD5jiWARCiW2jy4yaVGrCm2jwtssFFeBZAlvr7CZUw%3D%3D&lsparams=mm%2Cmn%2Cms%2Cmv%2Cmvi%2Cpl%2Cinitcwndbps&lsig=AHylml4wRAIgHFIu1k9EraV_vkIREDzAdxtIK60m_TpfJrPA88y_jowCIGwEBE2_mySEc1ym1K7E-t_yu3PtpHxb4KoOoESzRRe_&alr=yes&cpn=pJ6iVDpGBgsJzAQ9&cver=2.20191212.06.01&ir=1&rr=12&range=1700221-2518987&rn=16&rbuf=11637",1576335024.094,1576335034.348,10,10.125,818767,0.646927012345679,1700221.0,2518987.0,4,32.06,51.65,19.589999999999996,1779700.0,86.87989322222221,,,,,,,,,,,,,,,,,,,,,,,,,,,,,,,,,,,,,,,,,,,,,,,,,,,
9,"https://r4---sn-4g5ednsr.googlevideo.com/videoplayback?expire=1576356609&ei=ofb0XdzPINbTgQfy16eIBg&ip=35.158.21.68&id=o-AGkrx7wmVY9DkbOjjKM-bZ4xELyzUCDESVfs-a5DXtFG&itag=398&aitags=133%2C134%2C135%2C136%2C137%2C160%2C242%2C243%2C244%2C247%2C248%2C278%2C394%2C395%2C396%2C397%2C398%2C399&source=youtube&requiressl=yes&mm=31%2C26&mn=sn-4g5ednsr%2Csn-25glen7l&ms=au%2Conr&mv=m&mvi=0&pl=14&gcr=de&initcwndbps=361250&mime=video%2Fmp4&gir=yes&clen=54817015&dur=548.648&lmt=1570424752311114&mt=1576334860&fvip=1&keepalive=yes&fexp=23812955,23842630&c=WEB&txp=5531432&sparams=expire%2Cei%2Cip%2Cid%2Caitags%2Csource%2Crequiressl%2Cgcr%2Cmime%2Cgir%2Cclen%2Cdur%2Clmt&sig=ALgxI2wwRQIhANYTYZcHq5AJpN19fp6TScoNEjMAwno4Yuh17dzmrueCAiB5wD5jiWARCiW2jy4yaVGrCm2jwtssFFeBZAlvr7CZUw%3D%3D&lsparams=mm%2Cmn%2Cms%2Cmv%2Cmvi%2Cpl%2Cinitcwndbps&lsig=AHylml4wRAIgHFIu1k9EraV_vkIREDzAdxtIK60m_TpfJrPA88y_jowCIGwEBE2_mySEc1ym1K7E-t_yu3PtpHxb4KoOoESzRRe_&alr=yes&cpn=pJ6iVDpGBgsJzAQ9&cver=2.20191212.06.01&ir=1&rr=12&range=2518988-2738393&rn=19&rbuf=10218",1576335034.08,1576335035.896,17,1.764,219406,0.9950385487528344,2518988.0,2738393.0,4,51.65,56.79,5.140000000000001,1246904.0,86.66171444444448,,,,,,,,,,,,,,,,,,,,,,,,,,,,,,,,,,,,,,,,,,,,,,,,,,,
10,"https://r4---sn-4g5ednsr.googlevideo.com/videoplayback?expire=1576356609&ei=ofb0XdzPINbTgQfy16eIBg&ip=35.158.21.68&id=o-AGkrx7wmVY9DkbOjjKM-bZ4xELyzUCDESVfs-a5DXtFG&itag=397&aitags=133%2C134%2C135%2C136%2C137%2C160%2C242%2C243%2C244%2C247%2C248%2C278%2C394%2C395%2C396%2C397%2C398%2C399&source=youtube&requiressl=yes&mm=31%2C26&mn=sn-4g5ednsr%2Csn-25glen7l&ms=au%2Conr&mv=m&mvi=0&pl=14&gcr=de&initcwndbps=361250&mime=video%2Fmp4&gir=yes&clen=22553932&dur=548.648&lmt=1570424795255410&mt=1576334860&fvip=1&keepalive=yes&fexp=23812955,23842630&c=WEB&txp=5531432&sparams=expire%2Cei%2Cip%2Cid%2Caitags%2Csource%2Crequiressl%2Cgcr%2Cmime%2Cgir%2Cclen%2Cdur%2Clmt&sig=ALgxI2wwRQIgTgqgqUBxUi2JdE41oe9MQoH1aZ1Spub37fyKJlY_mzMCIQDGChd1eJaiOhHeCEOd9pIwZEMiMt2RBDXRmIS50s9gXw%3D%3D&lsparams=mm%2Cmn%2Cms%2Cmv%2Cmvi%2Cpl%2Cinitcwndbps&lsig=AHylml4wRAIgHFIu1k9EraV_vkIREDzAdxtIK60m_TpfJrPA88y_jowCIGwEBE2_mySEc1ym1K7E-t_yu3PtpHxb4KoOoESzRRe_&alr=yes&cpn=pJ6iVDpGBgsJzAQ9&cver=2.20191212.06.01&ir=1&rr=12&range=1111475-1554513&rn=20&rbuf=10814",1576335035.749,1576335039.923,11,4.006,443039,0.8847508736894657,1111475.0,1554513.0,3,34.7,53.42,18.72,940062.0,77.38996606741573,,,,,,,,,,,,,,,,,,,,,,,,,,,,,,,,,,,,,,,,,,,,,,,,,,,
11,"https://r4---sn-4g5ednsr.googlevideo.com/videoplayback?expire=1576356609&ei=ofb0XdzPINbTgQfy16eIBg&ip=35.158.21.68&id=o-AGkrx7wmVY9DkbOjjKM-bZ4xELyzUCDESVfs-a5DXtFG&itag=397&aitags=133%2C134%2C135%2C136%2C137%2C160%2C242%2C243%2C244%2C247%2C248%2C278%2C394%2C395%2C396%2C397%2C398%2C399&source=youtube&requiressl=yes&mm=31%2C26&mn=sn-4g5ednsr%2Csn-25glen7l&ms=au%2Conr&mv=m&mvi=0&pl=14&gcr=de&initcwndbps=361250&mime=video%2Fmp4&gir=yes&clen=22553932&dur=548.648&lmt=1570424795255410&mt=1576334860&fvip=1&keepalive=yes&fexp=23812955,23842630&c=WEB&txp=5531432&sparams=expire%2Cei%2Cip%2Cid%2Caitags%2Csource%2Crequiressl%2Cgcr%2Cmime%2Cgir%2Cclen%2Cdur%2Clmt&sig=ALgxI2wwRQIgTgqgqUBxUi2JdE41oe9MQoH1aZ1Spub37fyKJlY_mzMCIQDGChd1eJaiOhHeCEOd9pIwZEMiMt2RBDXRmIS50s9gXw%3D%3D&lsparams=mm%2Cmn%2Cms%2Cmv%2Cmvi%2Cpl%2Cinitcwndbps&lsig=AHylml4wRAIgHFIu1k9EraV_vkIREDzAdxtIK60m_TpfJrPA88y_jowCIGwEBE2_mySEc1ym1K7E-t_yu3PtpHxb4KoOoESzRRe_&alr=yes&cpn=pJ6iVDpGBgsJzAQ9&cver=2.20191212.06.01&ir=1&rr=12&range=1554514-2311128&rn=23&rbuf=15241",1576335041.855,1576335047.81,17,5.91,756615,1.0241827411167512,1554514.0,2311128.0,3,53.42,80.11,26.689999999999998,797167.0,79.60245622222219,,,,,,,,,,,,,,,,,,,,,,,,,,,,,,,,,,,,,,,,,,,,,,,,,,,
12,"https://r4---sn-4g5ednsr.googlevideo.com/videoplayback?expire=1576356609&ei=ofb0XdzPINbTgQfy16eIBg&ip=35.158.21.68&id=o-AGkrx7wmVY9DkbOjjKM-bZ4xELyzUCDESVfs-a5DXtFG&itag=395&aitags=133%2C134%2C135%2C136%2C137%2C160%2C242%2C243%2C244%2C247%2C248%2C278%2C394%2C395%2C396%2C397%2C398%2C399&source=youtube&requiressl=yes&mm=31%2C26&mn=sn-4g5ednsr%2Csn-25glen7l&ms=au%2Conr&mv=m&mvi=0&pl=14&gcr=de&initcwndbps=361250&mime=video%2Fmp4&gir=yes&clen=7762339&dur=548.648&lmt=1570424272024574&mt=1576334860&fvip=1&keepalive=yes&fexp=23812955,23842630&c=WEB&txp=5531432&sparams=expire%2Cei%2Cip%2Cid%2Caitags%2Csource%2Crequiressl%2Cgcr%2Cmime%2Cgir%2Cclen%2Cdur%2Clmt&sig=ALgxI2wwRgIhAMUSNFDmEsoSc5S3VBUudxZa5ja3-BuRD7JWggFPnBxRAiEAt-KyYRDcICnLpNZvBSgHgo6C-uNDYZ1VumQPeDfHT7k%3D&lsparams=mm%2Cmn%2Cms%2Cmv%2Cmvi%2Cpl%2Cinitcwndbps&lsig=AHylml4wRAIgHFIu1k9EraV_vkIREDzAdxtIK60m_TpfJrPA88y_jowCIGwEBE2_mySEc1ym1K7E-t_yu3PtpHxb4KoOoESzRRe_&alr=yes&cpn=pJ6iVDpGBgsJzAQ9&cver=2.20191212.06.01&ir=1&rr=12&range=0-1967&rn=27&rbuf=0",1576335052.444,1576335052.725,0,0.10400000000000001,1968,0.15138461538461534,0.0,1967.0,1,0.0,0.0,0.0,485807.0,30.51394166666667,940062.0,77.38996606741573,3.0,182360.0,30.51394166666667,485807.0,245152.0,46.277404777777775,653085.0,355320.0,53.248355,946573.0,632620.0,59.00171188888889,1685301.0,1210156.0,100.0,3223858.0,2.0,0.0,0.0710000991821289,5.91,3.0,1.0241827411167512,4.006,3.0,0.8847508736894657,1.764,4.0,0.9950385487528344,10.125,4.0,0.646927012345679,0.061,3.0,0.25809836065573766,0.203,2.0,2.8608866995073887,0.053,4.0,0.2970566037735849,1.018,2.0,2.488793713163065,0.834,2.0,1.3857553956834532,0.23500000000000001,2.0,2.6866723404255315
13,"https://r4---sn-4g5ednsr.googlevideo.com/videoplayback?expire=1576356609&ei=ofb0XdzPINbTgQfy16eIBg&ip=35.158.21.68&id=o-AGkrx7wmVY9DkbOjjKM-bZ4xELyzUCDESVfs-a5DXtFG&itag=397&aitags=133%2C134%2C135%2C136%2C137%2C160%2C242%2C243%2C244%2C247%2C248%2C278%2C394%2C395%2C396%2C397%2C398%2C399&source=youtube&requiressl=yes&mm=31%2C26&mn=sn-4g5ednsr%2Csn-25glen7l&ms=au%2Conr&mv=m&mvi=0&pl=14&gcr=de&initcwndbps=361250&mime=video%2Fmp4&gir=yes&clen=22553932&dur=548.648&lmt=1570424795255410&mt=1576334860&fvip=1&keepalive=yes&fexp=23812955,23842630&c=WEB&txp=5531432&sparams=expire%2Cei%2Cip%2Cid%2Caitags%2Csource%2Crequiressl%2Cgcr%2Cmime%2Cgir%2Cclen%2Cdur%2Clmt&sig=ALgxI2wwRQIgTgqgqUBxUi2JdE41oe9MQoH1aZ1Spub37fyKJlY_mzMCIQDGChd1eJaiOhHeCEOd9pIwZEMiMt2RBDXRmIS50s9gXw%3D%3D&lsparams=mm%2Cmn%2Cms%2Cmv%2Cmvi%2Cpl%2Cinitcwndbps&lsig=AHylml4wRAIgHFIu1k9EraV_vkIREDzAdxtIK60m_TpfJrPA88y_jowCIGwEBE2_mySEc1ym1K7E-t_yu3PtpHxb4KoOoESzRRe_&alr=yes&cpn=pJ6iVDpGBgsJzAQ9&cver=2.20191212.06.01&ir=1&rr=12&range=2311129-3734535&rn=25&rbuf=26096",1576335052.373,1576335090.495,26,37.926,1423407,0.3002493276380319,2311129.0,3734535.0,3,80.11,112.65,32.540000000000006,819361.0,69.83449922222222,,,,,,,,,,,,,,,,,,,,,,,,,,,,,,,,,,,,,,,,,,,,,,,,,,,
14,"https://r4---sn-4g5ednsr.googlevideo.com/videoplayback?expire=1576356609&ei=ofb0XdzPINbTgQfy16eIBg&ip=35.158.21.68&id=o-AGkrx7wmVY9DkbOjjKM-bZ4xELyzUCDESVfs-a5DXtFG&itag=397&aitags=133%2C134%2C135%2C136%2C137%2C160%2C242%2C243%2C244%2C247%2C248%2C278%2C394%2C395%2C396%2C397%2C398%2C399&source=youtube&requiressl=yes&mm=31%2C26&mn=sn-4g5ednsr%2Csn-25glen7l&ms=au%2Conr&mv=m&mvi=0&pl=14&gcr=de&initcwndbps=361250&mime=video%2Fmp4&gir=yes&clen=22553932&dur=548.648&lmt=1570424795255410&mt=1576334860&fvip=1&keepalive=yes&fexp=23812955,23842630&c=WEB&txp=5531432&sparams=expire%2Cei%2Cip%2Cid%2Caitags%2Csource%2Crequiressl%2Cgcr%2Cmime%2Cgir%2Cclen%2Cdur%2Clmt&sig=ALgxI2wwRQIgTgqgqUBxUi2JdE41oe9MQoH1aZ1Spub37fyKJlY_mzMCIQDGChd1eJaiOhHeCEOd9pIwZEMiMt2RBDXRmIS50s9gXw%3D%3D&lsparams=mm%2Cmn%2Cms%2Cmv%2Cmvi%2Cpl%2Cinitcwndbps&lsig=AHylml4wRAIgHFIu1k9EraV_vkIREDzAdxtIK60m_TpfJrPA88y_jowCIGwEBE2_mySEc1ym1K7E-t_yu3PtpHxb4KoOoESzRRe_&alr=yes&cpn=pJ6iVDpGBgsJzAQ9&cver=2.20191212.06.01&ir=1&rr=12&range=3734536-4104150&rn=33&rbuf=31019",1576335094.29,1576335100.0509999,37,5.751,369615,0.5141575378195096,3734536.0,4104150.0,3,112.65,118.45,5.799999999999997,1336221.0,68.27530797752812,,,,,,,,,,,,,,,,,,,,,,,,,,,,,,,,,,,,,,,,,,,,,,,,,,,
15,"https://r4---sn-4g5ednsr.googlevideo.com/videoplayback?expire=1576356609&ei=ofb0XdzPINbTgQfy16eIBg&ip=35.158.21.68&id=o-AGkrx7wmVY9DkbOjjKM-bZ4xELyzUCDESVfs-a5DXtFG&itag=397&aitags=133%2C134%2C135%2C136%2C137%2C160%2C242%2C243%2C244%2C247%2C248%2C278%2C394%2C395%2C396%2C397%2C398%2C399&source=youtube&requiressl=yes&mm=31%2C26&mn=sn-4g5ednsr%2Csn-25glen7l&ms=au%2Conr&mv=m&mvi=0&pl=14&gcr=de&initcwndbps=361250&mime=video%2Fmp4&gir=yes&clen=22553932&dur=548.648&lmt=1570424795255410&mt=1576334860&fvip=1&keepalive=yes&fexp=23812955,23842630&c=WEB&txp=5531432&sparams=expire%2Cei%2Cip%2Cid%2Caitags%2Csource%2Crequiressl%2Cgcr%2Cmime%2Cgir%2Cclen%2Cdur%2Clmt&sig=ALgxI2wwRQIgTgqgqUBxUi2JdE41oe9MQoH1aZ1Spub37fyKJlY_mzMCIQDGChd1eJaiOhHeCEOd9pIwZEMiMt2RBDXRmIS50s9gXw%3D%3D&lsparams=mm%2Cmn%2Cms%2Cmv%2Cmvi%2Cpl%2Cinitcwndbps&lsig=AHylml4wRAIgHFIu1k9EraV_vkIREDzAdxtIK60m_TpfJrPA88y_jowCIGwEBE2_mySEc1ym1K7E-t_yu3PtpHxb4KoOoESzRRe_&alr=yes&cpn=pJ6iVDpGBgsJzAQ9&cver=2.20191212.06.01&ir=1&rr=12&range=4104151-4411744&rn=35&rbuf=30605",1576335100.058,1576335105.934,39,5.849,307594,0.4207132843221063,4104151.0,4411744.0,3,118.45,131.46,13.010000000000005,992154.0,83.77029888888889,,,,,,,,,,,,,,,,,,,,,,,,,,,,,,,,,,,,,,,,,,,,,,,,,,,
16,"https://r4---sn-4g5ednsr.googlevideo.com/videoplayback?expire=1576356609&ei=ofb0XdzPINbTgQfy16eIBg&ip=35.158.21.68&id=o-AGkrx7wmVY9DkbOjjKM-bZ4xELyzUCDESVfs-a5DXtFG&itag=397&aitags=133%2C134%2C135%2C136%2C137%2C160%2C242%2C243%2C244%2C247%2C248%2C278%2C394%2C395%2C396%2C397%2C398%2C399&source=youtube&requiressl=yes&mm=31%2C26&mn=sn-4g5ednsr%2Csn-25glen7l&ms=au%2Conr&mv=m&mvi=0&pl=14&gcr=de&initcwndbps=361250&mime=video%2Fmp4&gir=yes&clen=22553932&dur=548.648&lmt=1570424795255410&mt=1576334860&fvip=1&keepalive=yes&fexp=23812955,23842630&c=WEB&txp=5531432&sparams=expire%2Cei%2Cip%2Cid%2Caitags%2Csource%2Crequiressl%2Cgcr%2Cmime%2Cgir%2Cclen%2Cdur%2Clmt&sig=ALgxI2wwRQIgTgqgqUBxUi2JdE41oe9MQoH1aZ1Spub37fyKJlY_mzMCIQDGChd1eJaiOhHeCEOd9pIwZEMiMt2RBDXRmIS50s9gXw%3D%3D&lsparams=mm%2Cmn%2Cms%2Cmv%2Cmvi%2Cpl%2Cinitcwndbps&lsig=AHylml4wRAIgHFIu1k9EraV_vkIREDzAdxtIK60m_TpfJrPA88y_jowCIGwEBE2_mySEc1ym1K7E-t_yu3PtpHxb4KoOoESzRRe_&alr=yes&cpn=pJ6iVDpGBgsJzAQ9&cver=2.20191212.06.01&ir=1&rr=12&range=4411745-4624443&rn=36&rbuf=29946",1576335105.938,1576335115.287,44,9.242,212699,0.18411512659597487,4411745.0,4624443.0,3,131.46,138.84,7.3799999999999955,1351234.0,74.77027366666668,,,,,,,,,,,,,,,,,,,,,,,,,,,,,,,,,,,,,,,,,,,,,,,,,,,
17,"https://r4---sn-4g5ednsr.googlevideo.com/videoplayback?expire=1576356609&ei=ofb0XdzPINbTgQfy16eIBg&ip=35.158.21.68&id=o-AGkrx7wmVY9DkbOjjKM-bZ4xELyzUCDESVfs-a5DXtFG&itag=394&aitags=133%2C134%2C135%2C136%2C137%2C160%2C242%2C243%2C244%2C247%2C248%2C278%2C394%2C395%2C396%2C397%2C398%2C399&source=youtube&requiressl=yes&mm=31%2C26&mn=sn-4g5ednsr%2Csn-25glen7l&ms=au%2Conr&mv=m&mvi=0&pl=14&gcr=de&initcwndbps=361250&mime=video%2Fmp4&gir=yes&clen=4854951&dur=548.648&lmt=1570424272024382&mt=1576334860&fvip=1&keepalive=yes&fexp=23812955,23842630&c=WEB&txp=5531432&sparams=expire%2Cei%2Cip%2Cid%2Caitags%2Csource%2Crequiressl%2Cgcr%2Cmime%2Cgir%2Cclen%2Cdur%2Clmt&sig=ALgxI2wwRgIhAPXFTglrzbw887h74RcU3V3Vv9bhgG0iDuu_kH3RRy73AiEA3QTSxc1EQhOCg3AAkI4RUmrj50_WJDBI_cauhnT4Ffw%3D&lsparams=mm%2Cmn%2Cms%2Cmv%2Cmvi%2Cpl%2Cinitcwndbps&lsig=AHylml4wRAIgHFIu1k9EraV_vkIREDzAdxtIK60m_TpfJrPA88y_jowCIGwEBE2_mySEc1ym1K7E-t_yu3PtpHxb4KoOoESzRRe_&alr=yes&cpn=pJ6iVDpGBgsJzAQ9&cver=2.20191212.06.01&ir=1&rr=12&range=0-1967&rn=40&rbuf=0",1576335117.786,1576335118.066,0,0.115,1968,0.13690434782608693,0.0,1967.0,0,0.0,0.0,0.0,419697.0,4.470457999999998,,,,,,,,,,,,,,,,,,,,,,,,,,,,,,,,,,,,,,,,,,,,,,,,,,,
18,"https://r4---sn-4g5ednsr.googlevideo.com/videoplayback?expire=1576356609&ei=ofb0XdzPINbTgQfy16eIBg&ip=35.158.21.68&id=o-AGkrx7wmVY9DkbOjjKM-bZ4xELyzUCDESVfs-a5DXtFG&itag=397&aitags=133%2C134%2C135%2C136%2C137%2C160%2C242%2C243%2C244%2C247%2C248%2C278%2C394%2C395%2C396%2C397%2C398%2C399&source=youtube&requiressl=yes&mm=31%2C26&mn=sn-4g5ednsr%2Csn-25glen7l&ms=au%2Conr&mv=m&mvi=0&pl=14&gcr=de&initcwndbps=361250&mime=video%2Fmp4&gir=yes&clen=22553932&dur=548.648&lmt=1570424795255410&mt=1576334860&fvip=1&keepalive=yes&fexp=23812955,23842630&c=WEB&txp=5531432&sparams=expire%2Cei%2Cip%2Cid%2Caitags%2Csource%2Crequiressl%2Cgcr%2Cmime%2Cgir%2Cclen%2Cdur%2Clmt&sig=ALgxI2wwRQIgTgqgqUBxUi2JdE41oe9MQoH1aZ1Spub37fyKJlY_mzMCIQDGChd1eJaiOhHeCEOd9pIwZEMiMt2RBDXRmIS50s9gXw%3D%3D&lsparams=mm%2Cmn%2Cms%2Cmv%2Cmvi%2Cpl%2Cinitcwndbps&lsig=AHylml4wRAIgHFIu1k9EraV_vkIREDzAdxtIK60m_TpfJrPA88y_jowCIGwEBE2_mySEc1ym1K7E-t_yu3PtpHxb4KoOoESzRRe_&alr=yes&cpn=pJ6iVDpGBgsJzAQ9&cver=2.20191212.06.01&ir=1&rr=12&range=4624444-4928236&rn=38&rbuf=23535",1576335117.719,1576335122.329,46,4.581,303793,0.5305269591792184,4624444.0,4928236.0,3,138.84,149.45,10.609999999999985,814854.0,73.21452288888888,,,,,,,,,,,,,,,,,,,,,,,,,,,,,,,,,,,,,,,,,,,,,,,,,,,
19,"https://r4---sn-4g5ednsr.googlevideo.com/videoplayback?expire=1576356609&ei=ofb0XdzPINbTgQfy16eIBg&ip=35.158.21.68&id=o-AGkrx7wmVY9DkbOjjKM-bZ4xELyzUCDESVfs-a5DXtFG&itag=397&aitags=133%2C134%2C135%2C136%2C137%2C160%2C242%2C243%2C244%2C247%2C248%2C278%2C394%2C395%2C396%2C397%2C398%2C399&source=youtube&requiressl=yes&mm=31%2C26&mn=sn-4g5ednsr%2Csn-25glen7l&ms=au%2Conr&mv=m&mvi=0&pl=14&gcr=de&initcwndbps=361250&mime=video%2Fmp4&gir=yes&clen=22553932&dur=548.648&lmt=1570424795255410&mt=1576334860&fvip=1&keepalive=yes&fexp=23812955,23842630&c=WEB&txp=5531432&sparams=expire%2Cei%2Cip%2Cid%2Caitags%2Csource%2Crequiressl%2Cgcr%2Cmime%2Cgir%2Cclen%2Cdur%2Clmt&sig=ALgxI2wwRQIgTgqgqUBxUi2JdE41oe9MQoH1aZ1Spub37fyKJlY_mzMCIQDGChd1eJaiOhHeCEOd9pIwZEMiMt2RBDXRmIS50s9gXw%3D%3D&lsparams=mm%2Cmn%2Cms%2Cmv%2Cmvi%2Cpl%2Cinitcwndbps&lsig=AHylml4wRAIgHFIu1k9EraV_vkIREDzAdxtIK60m_TpfJrPA88y_jowCIGwEBE2_mySEc1ym1K7E-t_yu3PtpHxb4KoOoESzRRe_&alr=yes&cpn=pJ6iVDpGBgsJzAQ9&cver=2.20191212.06.01&ir=1&rr=12&range=4928237-5112983&rn=41&rbuf=24623",1576335122.004,1576335127.139,50,5.079,184747,0.2909974404410317,4928237.0,5112983.0,3,149.45,154.85,5.400000000000006,820465.0,77.5157678651685,,,,,,,,,,,,,,,,,,,,,,,,,,,,,,,,,,,,,,,,,,,,,,,,,,,
20,"https://r4---sn-4g5ednsr.googlevideo.com/videoplayback?expire=1576356609&ei=ofb0XdzPINbTgQfy16eIBg&ip=35.158.21.68&id=o-AGkrx7wmVY9DkbOjjKM-bZ4xELyzUCDESVfs-a5DXtFG&itag=397&aitags=133%2C134%2C135%2C136%2C137%2C160%2C242%2C243%2C244%2C247%2C248%2C278%2C394%2C395%2C396%2C397%2C398%2C399&source=youtube&requiressl=yes&mm=31%2C26&mn=sn-4g5ednsr%2Csn-25glen7l&ms=au%2Conr&mv=m&mvi=0&pl=14&gcr=de&initcwndbps=361250&mime=video%2Fmp4&gir=yes&clen=22553932&dur=548.648&lmt=1570424795255410&mt=1576334860&fvip=1&keepalive=yes&fexp=23812955,23842630&c=WEB&txp=5531432&sparams=expire%2Cei%2Cip%2Cid%2Caitags%2Csource%2Crequiressl%2Cgcr%2Cmime%2Cgir%2Cclen%2Cdur%2Clmt&sig=ALgxI2wwRQIgTgqgqUBxUi2JdE41oe9MQoH1aZ1Spub37fyKJlY_mzMCIQDGChd1eJaiOhHeCEOd9pIwZEMiMt2RBDXRmIS50s9gXw%3D%3D&lsparams=mm%2Cmn%2Cms%2Cmv%2Cmvi%2Cpl%2Cinitcwndbps&lsig=AHylml4wRAIgHFIu1k9EraV_vkIREDzAdxtIK60m_TpfJrPA88y_jowCIGwEBE2_mySEc1ym1K7E-t_yu3PtpHxb4KoOoESzRRe_&alr=yes&cpn=pJ6iVDpGBgsJzAQ9&cver=2.20191212.06.01&ir=1&rr=12&range=5112984-5272581&rn=43&rbuf=21212",1576335130.771,1576335135.245,51,4.037,159598,0.3162704978944761,5112984.0,5272581.0,3,154.85,160.19,5.340000000000003,814893.0,78.16766388888887,,,,,,,,,,,,,,,,,,,,,,,,,,,,,,,,,,,,,,,,,,,,,,,,,,,
21,"https://r4---sn-4g5ednsr.googlevideo.com/videoplayback?expire=1576356609&ei=ofb0XdzPINbTgQfy16eIBg&ip=35.158.21.68&id=o-AGkrx7wmVY9DkbOjjKM-bZ4xELyzUCDESVfs-a5DXtFG&itag=397&aitags=133%2C134%2C135%2C136%2C137%2C160%2C242%2C243%2C244%2C247%2C248%2C278%2C394%2C395%2C396%2C397%2C398%2C399&source=youtube&requiressl=yes&mm=31%2C26&mn=sn-4g5ednsr%2Csn-25glen7l&ms=au%2Conr&mv=m&mvi=0&pl=14&gcr=de&initcwndbps=361250&mime=video%2Fmp4&gir=yes&clen=22553932&dur=548.648&lmt=1570424795255410&mt=1576334860&fvip=1&keepalive=yes&fexp=23812955,23842630&c=WEB&txp=5531432&sparams=expire%2Cei%2Cip%2Cid%2Caitags%2Csource%2Crequiressl%2Cgcr%2Cmime%2Cgir%2Cclen%2Cdur%2Clmt&sig=ALgxI2wwRQIgTgqgqUBxUi2JdE41oe9MQoH1aZ1Spub37fyKJlY_mzMCIQDGChd1eJaiOhHeCEOd9pIwZEMiMt2RBDXRmIS50s9gXw%3D%3D&lsparams=mm%2Cmn%2Cms%2Cmv%2Cmvi%2Cpl%2Cinitcwndbps&lsig=AHylml4wRAIgHFIu1k9EraV_vkIREDzAdxtIK60m_TpfJrPA88y_jowCIGwEBE2_mySEc1ym1K7E-t_yu3PtpHxb4KoOoESzRRe_&alr=yes&cpn=pJ6iVDpGBgsJzAQ9&cver=2.20191212.06.01&ir=1&rr=12&range=5272582-5477349&rn=44&rbuf=22049",1576335135.249,1576335138.4190001,53,3.005,204768,0.5451394342762063,5272582.0,5477349.0,3,160.19,170.54,10.349999999999994,812868.0,82.35402877777777,,,,,,,,,,,,,,,,,,,,,,,,,,,,,,,,,,,,,,,,,,,,,,,,,,,
22,"https://r4---sn-4g5ednsr.googlevideo.com/videoplayback?expire=1576356609&ei=ofb0XdzPINbTgQfy16eIBg&ip=35.158.21.68&id=o-AGkrx7wmVY9DkbOjjKM-bZ4xELyzUCDESVfs-a5DXtFG&itag=397&aitags=133%2C134%2C135%2C136%2C137%2C160%2C242%2C243%2C244%2C247%2C248%2C278%2C394%2C395%2C396%2C397%2C398%2C399&source=youtube&requiressl=yes&mm=31%2C26&mn=sn-4g5ednsr%2Csn-25glen7l&ms=au%2Conr&mv=m&mvi=0&pl=14&gcr=de&initcwndbps=361250&mime=video%2Fmp4&gir=yes&clen=22553932&dur=548.648&lmt=1570424795255410&mt=1576334860&fvip=1&keepalive=yes&fexp=23812955,23842630&c=WEB&txp=5531432&sparams=expire%2Cei%2Cip%2Cid%2Caitags%2Csource%2Crequiressl%2Cgcr%2Cmime%2Cgir%2Cclen%2Cdur%2Clmt&sig=ALgxI2wwRQIgTgqgqUBxUi2JdE41oe9MQoH1aZ1Spub37fyKJlY_mzMCIQDGChd1eJaiOhHeCEOd9pIwZEMiMt2RBDXRmIS50s9gXw%3D%3D&lsparams=mm%2Cmn%2Cms%2Cmv%2Cmvi%2Cpl%2Cinitcwndbps&lsig=AHylml4wRAIgHFIu1k9EraV_vkIREDzAdxtIK60m_TpfJrPA88y_jowCIGwEBE2_mySEc1ym1K7E-t_yu3PtpHxb4KoOoESzRRe_&alr=yes&cpn=pJ6iVDpGBgsJzAQ9&cver=2.20191212.06.01&ir=1&rr=12&range=5477350-5770696&rn=45&rbuf=24640",1576335138.006,1576335141.451,57,3.435,293347,0.6831953420669578,5477350.0,5770696.0,3,170.54,179.55,9.01000000000002,885972.0,73.93143311111113,,,,,,,,,,,,,,,,,,,,,,,,,,,,,,,,,,,,,,,,,,,,,,,,,,,
23,"https://r4---sn-4g5ednsr.googlevideo.com/videoplayback?expire=1576356609&ei=ofb0XdzPINbTgQfy16eIBg&ip=35.158.21.68&id=o-AGkrx7wmVY9DkbOjjKM-bZ4xELyzUCDESVfs-a5DXtFG&itag=397&aitags=133%2C134%2C135%2C136%2C137%2C160%2C242%2C243%2C244%2C247%2C248%2C278%2C394%2C395%2C396%2C397%2C398%2C399&source=youtube&requiressl=yes&mm=31%2C26&mn=sn-4g5ednsr%2Csn-25glen7l&ms=au%2Conr&mv=m&mvi=0&pl=14&gcr=de&initcwndbps=361250&mime=video%2Fmp4&gir=yes&clen=22553932&dur=548.648&lmt=1570424795255410&mt=1576334860&fvip=1&keepalive=yes&fexp=23812955,23842630&c=WEB&txp=5531432&sparams=expire%2Cei%2Cip%2Cid%2Caitags%2Csource%2Crequiressl%2Cgcr%2Cmime%2Cgir%2Cclen%2Cdur%2Clmt&sig=ALgxI2wwRQIgTgqgqUBxUi2JdE41oe9MQoH1aZ1Spub37fyKJlY_mzMCIQDGChd1eJaiOhHeCEOd9pIwZEMiMt2RBDXRmIS50s9gXw%3D%3D&lsparams=mm%2Cmn%2Cms%2Cmv%2Cmvi%2Cpl%2Cinitcwndbps&lsig=AHylml4wRAIgHFIu1k9EraV_vkIREDzAdxtIK60m_TpfJrPA88y_jowCIGwEBE2_mySEc1ym1K7E-t_yu3PtpHxb4KoOoESzRRe_&alr=yes&cpn=pJ6iVDpGBgsJzAQ9&cver=2.20191212.06.01&ir=1&rr=12&range=5770697-5999139&rn=46&rbuf=26478",1576335141.456,1576335144.049,60,2.4050000000000002,228443,0.7598935550935549,5770697.0,5999139.0,3,179.55,186.89,7.339999999999975,858927.0,76.26601033333338,,,,,,,,,,,,,,,,,,,,,,,,,,,,,,,,,,,,,,,,,,,,,,,,,,,
24,"https://r4---sn-4g5ednsr.googlevideo.com/videoplayback?expire=1576356609&ei=ofb0XdzPINbTgQfy16eIBg&ip=35.158.21.68&id=o-AGkrx7wmVY9DkbOjjKM-bZ4xELyzUCDESVfs-a5DXtFG&itag=397&aitags=133%2C134%2C135%2C136%2C137%2C160%2C242%2C243%2C244%2C247%2C248%2C278%2C394%2C395%2C396%2C397%2C398%2C399&source=youtube&requiressl=yes&mm=31%2C26&mn=sn-4g5ednsr%2Csn-25glen7l&ms=au%2Conr&mv=m&mvi=0&pl=14&gcr=de&initcwndbps=361250&mime=video%2Fmp4&gir=yes&clen=22553932&dur=548.648&lmt=1570424795255410&mt=1576334860&fvip=1&keepalive=yes&fexp=23812955,23842630&c=WEB&txp=5531432&sparams=expire%2Cei%2Cip%2Cid%2Caitags%2Csource%2Crequiressl%2Cgcr%2Cmime%2Cgir%2Cclen%2Cdur%2Clmt&sig=ALgxI2wwRQIgTgqgqUBxUi2JdE41oe9MQoH1aZ1Spub37fyKJlY_mzMCIQDGChd1eJaiOhHeCEOd9pIwZEMiMt2RBDXRmIS50s9gXw%3D%3D&lsparams=mm%2Cmn%2Cms%2Cmv%2Cmvi%2Cpl%2Cinitcwndbps&lsig=AHylml4wRAIgHFIu1k9EraV_vkIREDzAdxtIK60m_TpfJrPA88y_jowCIGwEBE2_mySEc1ym1K7E-t_yu3PtpHxb4KoOoESzRRe_&alr=yes&cpn=pJ6iVDpGBgsJzAQ9&cver=2.20191212.06.01&ir=1&rr=12&range=5999140-6228763&rn=48&rbuf=24817",1576335148.516,1576335152.846,62,4.268,229624,0.4304104967197751,5999140.0,6228763.0,3,186.89,192.22,5.3300000000000125,1036216.0,75.66893577777772,,,,,,,,,,,,,,,,,,,,,,,,,,,,,,,,,,,,,,,,,,,,,,,,,,,
25,"https://r4---sn-4g5ednsr.googlevideo.com/videoplayback?expire=1576356609&ei=ofb0XdzPINbTgQfy16eIBg&ip=35.158.21.68&id=o-AGkrx7wmVY9DkbOjjKM-bZ4xELyzUCDESVfs-a5DXtFG&itag=397&aitags=133%2C134%2C135%2C136%2C137%2C160%2C242%2C243%2C244%2C247%2C248%2C278%2C394%2C395%2C396%2C397%2C398%2C399&source=youtube&requiressl=yes&mm=31%2C26&mn=sn-4g5ednsr%2Csn-25glen7l&ms=au%2Conr&mv=m&mvi=0&pl=14&gcr=de&initcwndbps=361250&mime=video%2Fmp4&gir=yes&clen=22553932&dur=548.648&lmt=1570424795255410&mt=1576334860&fvip=1&keepalive=yes&fexp=23812955,23842630&c=WEB&txp=5531432&sparams=expire%2Cei%2Cip%2Cid%2Caitags%2Csource%2Crequiressl%2Cgcr%2Cmime%2Cgir%2Cclen%2Cdur%2Clmt&sig=ALgxI2wwRQIgTgqgqUBxUi2JdE41oe9MQoH1aZ1Spub37fyKJlY_mzMCIQDGChd1eJaiOhHeCEOd9pIwZEMiMt2RBDXRmIS50s9gXw%3D%3D&lsparams=mm%2Cmn%2Cms%2Cmv%2Cmvi%2Cpl%2Cinitcwndbps&lsig=AHylml4wRAIgHFIu1k9EraV_vkIREDzAdxtIK60m_TpfJrPA88y_jowCIGwEBE2_mySEc1ym1K7E-t_yu3PtpHxb4KoOoESzRRe_&alr=yes&cpn=pJ6iVDpGBgsJzAQ9&cver=2.20191212.06.01&ir=1&rr=12&range=6228764-6454207&rn=49&rbuf=26156",1576335152.324,1576335155.7359998,64,3.333,225444,0.541119711971197,6228764.0,6454207.0,3,192.22,197.03,4.810000000000002,998738.0,80.528926,,,,,,,,,,,,,,,,,,,,,,,,,,,,,,,,,,,,,,,,,,,,,,,,,,,
26,"https://r4---sn-4g5ednsr.googlevideo.com/videoplayback?expire=1576356609&ei=ofb0XdzPINbTgQfy16eIBg&ip=35.158.21.68&id=o-AGkrx7wmVY9DkbOjjKM-bZ4xELyzUCDESVfs-a5DXtFG&itag=397&aitags=133%2C134%2C135%2C136%2C137%2C160%2C242%2C243%2C244%2C247%2C248%2C278%2C394%2C395%2C396%2C397%2C398%2C399&source=youtube&requiressl=yes&mm=31%2C26&mn=sn-4g5ednsr%2Csn-25glen7l&ms=au%2Conr&mv=m&mvi=0&pl=14&gcr=de&initcwndbps=361250&mime=video%2Fmp4&gir=yes&clen=22553932&dur=548.648&lmt=1570424795255410&mt=1576334860&fvip=1&keepalive=yes&fexp=23812955,23842630&c=WEB&txp=5531432&sparams=expire%2Cei%2Cip%2Cid%2Caitags%2Csource%2Crequiressl%2Cgcr%2Cmime%2Cgir%2Cclen%2Cdur%2Clmt&sig=ALgxI2wwRQIgTgqgqUBxUi2JdE41oe9MQoH1aZ1Spub37fyKJlY_mzMCIQDGChd1eJaiOhHeCEOd9pIwZEMiMt2RBDXRmIS50s9gXw%3D%3D&lsparams=mm%2Cmn%2Cms%2Cmv%2Cmvi%2Cpl%2Cinitcwndbps&lsig=AHylml4wRAIgHFIu1k9EraV_vkIREDzAdxtIK60m_TpfJrPA88y_jowCIGwEBE2_mySEc1ym1K7E-t_yu3PtpHxb4KoOoESzRRe_&alr=yes&cpn=pJ6iVDpGBgsJzAQ9&cver=2.20191212.06.01&ir=1&rr=12&range=6454208-6693579&rn=50&rbuf=28744",1576335155.096,1576335158.523,65,3.363,239372,0.5694249182277729,6454208.0,6693579.0,3,197.03,210.48,13.449999999999989,1113198.0,82.64610277777781,,,,,,,,,,,,,,,,,,,,,,,,,,,,,,,,,,,,,,,,,,,,,,,,,,,
27,"https://r4---sn-4g5ednsr.googlevideo.com/videoplayback?expire=1576356609&ei=ofb0XdzPINbTgQfy16eIBg&ip=35.158.21.68&id=o-AGkrx7wmVY9DkbOjjKM-bZ4xELyzUCDESVfs-a5DXtFG&itag=397&aitags=133%2C134%2C135%2C136%2C137%2C160%2C242%2C243%2C244%2C247%2C248%2C278%2C394%2C395%2C396%2C397%2C398%2C399&source=youtube&requiressl=yes&mm=31%2C26&mn=sn-4g5ednsr%2Csn-25glen7l&ms=au%2Conr&mv=m&mvi=0&pl=14&gcr=de&initcwndbps=361250&mime=video%2Fmp4&gir=yes&clen=22553932&dur=548.648&lmt=1570424795255410&mt=1576334860&fvip=1&keepalive=yes&fexp=23812955,23842630&c=WEB&txp=5531432&sparams=expire%2Cei%2Cip%2Cid%2Caitags%2Csource%2Crequiressl%2Cgcr%2Cmime%2Cgir%2Cclen%2Cdur%2Clmt&sig=ALgxI2wwRQIgTgqgqUBxUi2JdE41oe9MQoH1aZ1Spub37fyKJlY_mzMCIQDGChd1eJaiOhHeCEOd9pIwZEMiMt2RBDXRmIS50s9gXw%3D%3D&lsparams=mm%2Cmn%2Cms%2Cmv%2Cmvi%2Cpl%2Cinitcwndbps&lsig=AHylml4wRAIgHFIu1k9EraV_vkIREDzAdxtIK60m_TpfJrPA88y_jowCIGwEBE2_mySEc1ym1K7E-t_yu3PtpHxb4KoOoESzRRe_&alr=yes&cpn=pJ6iVDpGBgsJzAQ9&cver=2.20191212.06.01&ir=1&rr=12&range=6693580-6855349&rn=51&rbuf=31333",1576335157.968,1576335160.2519999,70,2.241,161770,0.5774921909861669,6693580.0,6855349.0,3,210.48,216.35,5.8700000000000045,996656.0,75.80806811111111,,,,,,,,,,,,,,,,,,,,,,,,,,,,,,,,,,,,,,,,,,,,,,,,,,,
28,"https://r4---sn-4g5ednsr.googlevideo.com/videoplayback?expire=1576356609&ei=ofb0XdzPINbTgQfy16eIBg&ip=35.158.21.68&id=o-AGkrx7wmVY9DkbOjjKM-bZ4xELyzUCDESVfs-a5DXtFG&itag=397&aitags=133%2C134%2C135%2C136%2C137%2C160%2C242%2C243%2C244%2C247%2C248%2C278%2C394%2C395%2C396%2C397%2C398%2C399&source=youtube&requiressl=yes&mm=31%2C26&mn=sn-4g5ednsr%2Csn-25glen7l&ms=au%2Conr&mv=m&mvi=0&pl=14&gcr=de&initcwndbps=361250&mime=video%2Fmp4&gir=yes&clen=22553932&dur=548.648&lmt=1570424795255410&mt=1576334860&fvip=1&keepalive=yes&fexp=23812955,23842630&c=WEB&txp=5531432&sparams=expire%2Cei%2Cip%2Cid%2Caitags%2Csource%2Crequiressl%2Cgcr%2Cmime%2Cgir%2Cclen%2Cdur%2Clmt&sig=ALgxI2wwRQIgTgqgqUBxUi2JdE41oe9MQoH1aZ1Spub37fyKJlY_mzMCIQDGChd1eJaiOhHeCEOd9pIwZEMiMt2RBDXRmIS50s9gXw%3D%3D&lsparams=mm%2Cmn%2Cms%2Cmv%2Cmvi%2Cpl%2Cinitcwndbps&lsig=AHylml4wRAIgHFIu1k9EraV_vkIREDzAdxtIK60m_TpfJrPA88y_jowCIGwEBE2_mySEc1ym1K7E-t_yu3PtpHxb4KoOoESzRRe_&alr=yes&cpn=pJ6iVDpGBgsJzAQ9&cver=2.20191212.06.01&ir=1&rr=12&range=6855350-7040521&rn=52&rbuf=34422",1576335160.258,1576335162.546,72,2.193,185172,0.6755020519835842,6855350.0,7040521.0,3,216.35,223.72,7.3700000000000045,782300.0,77.2261038888889,,,,,,,,,,,,,,,,,,,,,,,,,,,,,,,,,,,,,,,,,,,,,,,,,,,
29,"https://r4---sn-4g5ednsr.googlevideo.com/videoplayback?expire=1576356609&ei=ofb0XdzPINbTgQfy16eIBg&ip=35.158.21.68&id=o-AGkrx7wmVY9DkbOjjKM-bZ4xELyzUCDESVfs-a5DXtFG&itag=397&aitags=133%2C134%2C135%2C136%2C137%2C160%2C242%2C243%2C244%2C247%2C248%2C278%2C394%2C395%2C396%2C397%2C398%2C399&source=youtube&requiressl=yes&mm=31%2C26&mn=sn-4g5ednsr%2Csn-25glen7l&ms=au%2Conr&mv=m&mvi=0&pl=14&gcr=de&initcwndbps=361250&mime=video%2Fmp4&gir=yes&clen=22553932&dur=548.648&lmt=1570424795255410&mt=1576334860&fvip=1&keepalive=yes&fexp=23812955,23842630&c=WEB&txp=5531432&sparams=expire%2Cei%2Cip%2Cid%2Caitags%2Csource%2Crequiressl%2Cgcr%2Cmime%2Cgir%2Cclen%2Cdur%2Clmt&sig=ALgxI2wwRQIgTgqgqUBxUi2JdE41oe9MQoH1aZ1Spub37fyKJlY_mzMCIQDGChd1eJaiOhHeCEOd9pIwZEMiMt2RBDXRmIS50s9gXw%3D%3D&lsparams=mm%2Cmn%2Cms%2Cmv%2Cmvi%2Cpl%2Cinitcwndbps&lsig=AHylml4wRAIgHFIu1k9EraV_vkIREDzAdxtIK60m_TpfJrPA88y_jowCIGwEBE2_mySEc1ym1K7E-t_yu3PtpHxb4KoOoESzRRe_&alr=yes&cpn=pJ6iVDpGBgsJzAQ9&cver=2.20191212.06.01&ir=1&rr=12&range=7040522-7234246&rn=54&rbuf=32510",1576335167.478,1576335170.165,74,2.477,193725,0.6256762212353654,7040522.0,7234246.0,3,223.72,230.03,6.310000000000002,845788.0,80.74356844444445,,,,,,,,,,,,,,,,,,,,,,,,,,,,,,,,,,,,,,,,,,,,,,,,,,,
30,"https://r4---sn-4g5ednsr.googlevideo.com/videoplayback?expire=1576356609&ei=ofb0XdzPINbTgQfy16eIBg&ip=35.158.21.68&id=o-AGkrx7wmVY9DkbOjjKM-bZ4xELyzUCDESVfs-a5DXtFG&itag=397&aitags=133%2C134%2C135%2C136%2C137%2C160%2C242%2C243%2C244%2C247%2C248%2C278%2C394%2C395%2C396%2C397%2C398%2C399&source=youtube&requiressl=yes&mm=31%2C26&mn=sn-4g5ednsr%2Csn-25glen7l&ms=au%2Conr&mv=m&mvi=0&pl=14&gcr=de&initcwndbps=361250&mime=video%2Fmp4&gir=yes&clen=22553932&dur=548.648&lmt=1570424795255410&mt=1576334860&fvip=1&keepalive=yes&fexp=23812955,23842630&c=WEB&txp=5531432&sparams=expire%2Cei%2Cip%2Cid%2Caitags%2Csource%2Crequiressl%2Cgcr%2Cmime%2Cgir%2Cclen%2Cdur%2Clmt&sig=ALgxI2wwRQIgTgqgqUBxUi2JdE41oe9MQoH1aZ1Spub37fyKJlY_mzMCIQDGChd1eJaiOhHeCEOd9pIwZEMiMt2RBDXRmIS50s9gXw%3D%3D&lsparams=mm%2Cmn%2Cms%2Cmv%2Cmvi%2Cpl%2Cinitcwndbps&lsig=AHylml4wRAIgHFIu1k9EraV_vkIREDzAdxtIK60m_TpfJrPA88y_jowCIGwEBE2_mySEc1ym1K7E-t_yu3PtpHxb4KoOoESzRRe_&alr=yes&cpn=pJ6iVDpGBgsJzAQ9&cver=2.20191212.06.01&ir=1&rr=12&range=7234247-7494601&rn=55&rbuf=35098",1576335170.17,1576335174.615,77,4.295,260355,0.48494528521536673,7234247.0,7494601.0,3,230.03,239.74,9.710000000000008,795142.0,71.5320327777778,,,,,,,,,,,,,,,,,,,,,,,,,,,,,,,,,,,,,,,,,,,,,,,,,,,
31,"https://r4---sn-4g5ednsr.googlevideo.com/videoplayback?expire=1576356609&ei=ofb0XdzPINbTgQfy16eIBg&ip=35.158.21.68&id=o-AGkrx7wmVY9DkbOjjKM-bZ4xELyzUCDESVfs-a5DXtFG&itag=397&aitags=133%2C134%2C135%2C136%2C137%2C160%2C242%2C243%2C244%2C247%2C248%2C278%2C394%2C395%2C396%2C397%2C398%2C399&source=youtube&requiressl=yes&mm=31%2C26&mn=sn-4g5ednsr%2Csn-25glen7l&ms=au%2Conr&mv=m&mvi=0&pl=14&gcr=de&initcwndbps=361250&mime=video%2Fmp4&gir=yes&clen=22553932&dur=548.648&lmt=1570424795255410&mt=1576334860&fvip=1&keepalive=yes&fexp=23812955,23842630&c=WEB&txp=5531432&sparams=expire%2Cei%2Cip%2Cid%2Caitags%2Csource%2Crequiressl%2Cgcr%2Cmime%2Cgir%2Cclen%2Cdur%2Clmt&sig=ALgxI2wwRQIgTgqgqUBxUi2JdE41oe9MQoH1aZ1Spub37fyKJlY_mzMCIQDGChd1eJaiOhHeCEOd9pIwZEMiMt2RBDXRmIS50s9gXw%3D%3D&lsparams=mm%2Cmn%2Cms%2Cmv%2Cmvi%2Cpl%2Cinitcwndbps&lsig=AHylml4wRAIgHFIu1k9EraV_vkIREDzAdxtIK60m_TpfJrPA88y_jowCIGwEBE2_mySEc1ym1K7E-t_yu3PtpHxb4KoOoESzRRe_&alr=yes&cpn=pJ6iVDpGBgsJzAQ9&cver=2.20191212.06.01&ir=1&rr=12&range=7718058-8022904&rn=57&rbuf=36776",1576335179.296,1576335186.99,83,7.65,304847,0.31879424836601306,7718058.0,8022904.0,3,249.78,261.09,11.309999999999974,792817.0,74.9702178888889,,,,,,,,,,,,,,,,,,,,,,,,,,,,,,,,,,,,,,,,,,,,,,,,,,,
32,https://r1---sn-25glen7l.googlevideo.com/videoplayback?expire=1576356609&ei=ofb0XdzPINbTgQfy16eIBg&ip=35.158.21.68&id=o-AGkrx7wmVY9DkbOjjKM-bZ4xELyzUCDESVfs-a5DXtFG&itag=397&aitags=133%2C134%2C135%2C136%2C137%2C160%2C242%2C243%2C244%2C247%2C248%2C278%2C394%2C395%2C396%2C397%2C398%2C399&source=youtube&requiressl=yes&mm=31%2C26&mn=sn-4g5ednsr%2Csn-25glen7l&ms=au%2Conr&mv=m&mvi=0&pl=14&gcr=de&initcwndbps=361250&mime=video%2Fmp4&gir=yes&clen=22553932&dur=548.648&lmt=1570424795255410&mt=1576334860&fvip=1&keepalive=yes&fexp=23842630&c=WEB&txp=5531432&sparams=expire%2Cei%2Cip%2Cid%2Caitags%2Csource%2Crequiressl%2Cgcr%2Cmime%2Cgir%2Cclen%2Cdur%2Clmt&sig=ALgxI2wwRQIgTgqgqUBxUi2JdE41oe9MQoH1aZ1Spub37fyKJlY_mzMCIQDGChd1eJaiOhHeCEOd9pIwZEMiMt2RBDXRmIS50s9gXw%3D%3D&lsparams=mm%2Cmn%2Cms%2Cmv%2Cmvi%2Cpl%2Cinitcwndbps&lsig=AHylml4wRAIgHFIu1k9EraV_vkIREDzAdxtIK60m_TpfJrPA88y_jowCIGwEBE2_mySEc1ym1K7E-t_yu3PtpHxb4KoOoESzRRe_&alr=yes&cpn=pJ6iVDpGBgsJzAQ9&cver=2.20191212.06.01&fallback_count=1&range=7494602-7718057&rn=58&rbuf=22188,1576335188.403,1576335192.4950001,80,4.037,223456,0.4428159524399306,7494602.0,7718057.0,3,239.74,249.78,10.039999999999992,800330.0,79.65762777777782,,,,,,,,,,,,,,,,,,,,,,,,,,,,,,,,,,,,,,,,,,,,,,,,,,,
33,"https://r4---sn-4g5ednsr.googlevideo.com/videoplayback?expire=1576356609&ei=ofb0XdzPINbTgQfy16eIBg&ip=35.158.21.68&id=o-AGkrx7wmVY9DkbOjjKM-bZ4xELyzUCDESVfs-a5DXtFG&itag=397&aitags=133%2C134%2C135%2C136%2C137%2C160%2C242%2C243%2C244%2C247%2C248%2C278%2C394%2C395%2C396%2C397%2C398%2C399&source=youtube&requiressl=yes&mm=31%2C26&mn=sn-4g5ednsr%2Csn-25glen7l&ms=au%2Conr&mv=m&mvi=0&pl=14&gcr=de&initcwndbps=361250&mime=video%2Fmp4&gir=yes&clen=22553932&dur=548.648&lmt=1570424795255410&mt=1576334860&fvip=1&keepalive=yes&fexp=23812955,23842630&c=WEB&txp=5531432&sparams=expire%2Cei%2Cip%2Cid%2Caitags%2Csource%2Crequiressl%2Cgcr%2Cmime%2Cgir%2Cclen%2Cdur%2Clmt&sig=ALgxI2wwRQIgTgqgqUBxUi2JdE41oe9MQoH1aZ1Spub37fyKJlY_mzMCIQDGChd1eJaiOhHeCEOd9pIwZEMiMt2RBDXRmIS50s9gXw%3D%3D&lsparams=mm%2Cmn%2Cms%2Cmv%2Cmvi%2Cpl%2Cinitcwndbps&lsig=AHylml4wRAIgHFIu1k9EraV_vkIREDzAdxtIK60m_TpfJrPA88y_jowCIGwEBE2_mySEc1ym1K7E-t_yu3PtpHxb4KoOoESzRRe_&alr=yes&cpn=pJ6iVDpGBgsJzAQ9&cver=2.20191212.06.01&ir=1&rr=12&range=7494602-7498697&rn=60&rbuf=0",1576335192.483,1576335192.594,80,0.094,4096,0.348595744680851,7494602.0,7498697.0,3,239.74,239.74,0.0,800330.0,79.65762777777782,800330.0,79.65762777777782,3.0,220524.0,49.21203688888888,587476.0,258688.0,70.02407988888889,689145.0,300424.0,79.65762777777782,800330.0,483536.0,87.08939855555555,1288141.0,866304.0,100.0,2307836.0,0.0,0.0,1.4049999713897705,7.65,3.0,0.31879424836601306,4.295,3.0,0.48494528521536673,2.477,3.0,0.6256762212353654,2.193,3.0,0.6755020519835842,2.241,3.0,0.5774921909861669,3.363,3.0,0.5694249182277729,3.333,3.0,0.541119711971197,4.268,3.0,0.4304104967197751,2.4050000000000002,3.0,0.7598935550935549,3.435,3.0,0.6831953420669578
34,https://r1---sn-25glen7l.googlevideo.com/videoplayback?expire=1576356609&ei=ofb0XdzPINbTgQfy16eIBg&ip=35.158.21.68&id=o-AGkrx7wmVY9DkbOjjKM-bZ4xELyzUCDESVfs-a5DXtFG&itag=397&aitags=133%2C134%2C135%2C136%2C137%2C160%2C242%2C243%2C244%2C247%2C248%2C278%2C394%2C395%2C396%2C397%2C398%2C399&source=youtube&requiressl=yes&mm=31%2C26&mn=sn-4g5ednsr%2Csn-25glen7l&ms=au%2Conr&mv=m&mvi=0&pl=14&gcr=de&initcwndbps=361250&mime=video%2Fmp4&gir=yes&clen=22553932&dur=548.648&lmt=1570424795255410&mt=1576334860&fvip=1&keepalive=yes&fexp=23842630&c=WEB&txp=5531432&sparams=expire%2Cei%2Cip%2Cid%2Caitags%2Csource%2Crequiressl%2Cgcr%2Cmime%2Cgir%2Cclen%2Cdur%2Clmt&sig=ALgxI2wwRQIgTgqgqUBxUi2JdE41oe9MQoH1aZ1Spub37fyKJlY_mzMCIQDGChd1eJaiOhHeCEOd9pIwZEMiMt2RBDXRmIS50s9gXw%3D%3D&lsparams=mm%2Cmn%2Cms%2Cmv%2Cmvi%2Cpl%2Cinitcwndbps&lsig=AHylml4wRAIgHFIu1k9EraV_vkIREDzAdxtIK60m_TpfJrPA88y_jowCIGwEBE2_mySEc1ym1K7E-t_yu3PtpHxb4KoOoESzRRe_&alr=yes&cpn=pJ6iVDpGBgsJzAQ9&cver=2.20191212.06.01&fallback_count=1&range=7718058-8022904&rn=59&rbuf=25026,1576335191.078,1576335208.852,83,17.723,304847,0.13760514585566777,7718058.0,8022904.0,3,249.78,261.09,11.309999999999974,792817.0,74.9702178888889,,,,,,,,,,,,,,,,,,,,,,,,,,,,,,,,,,,,,,,,,,,,,,,,,,,
35,"https://r4---sn-4g5ednsr.googlevideo.com/videoplayback?expire=1576356609&ei=ofb0XdzPINbTgQfy16eIBg&ip=35.158.21.68&id=o-AGkrx7wmVY9DkbOjjKM-bZ4xELyzUCDESVfs-a5DXtFG&itag=395&aitags=133%2C134%2C135%2C136%2C137%2C160%2C242%2C243%2C244%2C247%2C248%2C278%2C394%2C395%2C396%2C397%2C398%2C399&source=youtube&requiressl=yes&mm=31%2C26&mn=sn-4g5ednsr%2Csn-25glen7l&ms=au%2Conr&mv=m&mvi=0&pl=14&gcr=de&initcwndbps=361250&mime=video%2Fmp4&gir=yes&clen=7762339&dur=548.648&lmt=1570424272024574&mt=1576334860&fvip=1&keepalive=yes&fexp=23812955,23842630&c=WEB&txp=5531432&sparams=expire%2Cei%2Cip%2Cid%2Caitags%2Csource%2Crequiressl%2Cgcr%2Cmime%2Cgir%2Cclen%2Cdur%2Clmt&sig=ALgxI2wwRgIhAMUSNFDmEsoSc5S3VBUudxZa5ja3-BuRD7JWggFPnBxRAiEAt-KyYRDcICnLpNZvBSgHgo6C-uNDYZ1VumQPeDfHT7k%3D&lsparams=mm%2Cmn%2Cms%2Cmv%2Cmvi%2Cpl%2Cinitcwndbps&lsig=AHylml4wRAIgHFIu1k9EraV_vkIREDzAdxtIK60m_TpfJrPA88y_jowCIGwEBE2_mySEc1ym1K7E-t_yu3PtpHxb4KoOoESzRRe_&alr=yes&cpn=pJ6iVDpGBgsJzAQ9&cver=2.20191212.06.01&ir=1&rr=12&range=2719688-2982778&rn=61&rbuf=12615",1576335208.625,1576335213.78,65,5.102,263091,0.41252998823990583,2719688.0,2982778.0,1,196.46,220.29,23.829999999999984,558625.0,43.81246211111112,,,,,,,,,,,,,,,,,,,,,,,,,,,,,,,,,,,,,,,,,,,,,,,,,,,
36,"https://r4---sn-4g5ednsr.googlevideo.com/videoplayback?expire=1576356609&ei=ofb0XdzPINbTgQfy16eIBg&ip=35.158.21.68&id=o-AGkrx7wmVY9DkbOjjKM-bZ4xELyzUCDESVfs-a5DXtFG&itag=395&aitags=133%2C134%2C135%2C136%2C137%2C160%2C242%2C243%2C244%2C247%2C248%2C278%2C394%2C395%2C396%2C397%2C398%2C399&source=youtube&requiressl=yes&mm=31%2C26&mn=sn-4g5ednsr%2Csn-25glen7l&ms=au%2Conr&mv=m&mvi=0&pl=14&gcr=de&initcwndbps=361250&mime=video%2Fmp4&gir=yes&clen=7762339&dur=548.648&lmt=1570424272024574&mt=1576334860&fvip=1&keepalive=yes&fexp=23812955,23842630&c=WEB&txp=5531432&sparams=expire%2Cei%2Cip%2Cid%2Caitags%2Csource%2Crequiressl%2Cgcr%2Cmime%2Cgir%2Cclen%2Cdur%2Clmt&sig=ALgxI2wwRgIhAMUSNFDmEsoSc5S3VBUudxZa5ja3-BuRD7JWggFPnBxRAiEAt-KyYRDcICnLpNZvBSgHgo6C-uNDYZ1VumQPeDfHT7k%3D&lsparams=mm%2Cmn%2Cms%2Cmv%2Cmvi%2Cpl%2Cinitcwndbps&lsig=AHylml4wRAIgHFIu1k9EraV_vkIREDzAdxtIK60m_TpfJrPA88y_jowCIGwEBE2_mySEc1ym1K7E-t_yu3PtpHxb4KoOoESzRRe_&alr=yes&cpn=pJ6iVDpGBgsJzAQ9&cver=2.20191212.06.01&ir=1&rr=12&range=2982779-3562171&rn=65&rbuf=26186",1576335215.869,1576335234.892,73,18.975,579393,0.2442763636363636,2982779.0,3562171.0,1,220.29,267.7,47.41,586480.0,48.282582999999974,,,,,,,,,,,,,,,,,,,,,,,,,,,,,,,,,,,,,,,,,,,,,,,,,,,
37,"https://r4---sn-4g5ednsr.googlevideo.com/videoplayback?expire=1576356609&ei=ofb0XdzPINbTgQfy16eIBg&ip=35.158.21.68&id=o-AGkrx7wmVY9DkbOjjKM-bZ4xELyzUCDESVfs-a5DXtFG&itag=395&aitags=133%2C134%2C135%2C136%2C137%2C160%2C242%2C243%2C244%2C247%2C248%2C278%2C394%2C395%2C396%2C397%2C398%2C399&source=youtube&requiressl=yes&mm=31%2C26&mn=sn-4g5ednsr%2Csn-25glen7l&ms=au%2Conr&mv=m&mvi=0&pl=14&gcr=de&initcwndbps=361250&mime=video%2Fmp4&gir=yes&clen=7762339&dur=548.648&lmt=1570424272024574&mt=1576334860&fvip=1&keepalive=yes&fexp=23812955,23842630&c=WEB&txp=5531432&sparams=expire%2Cei%2Cip%2Cid%2Caitags%2Csource%2Crequiressl%2Cgcr%2Cmime%2Cgir%2Cclen%2Cdur%2Clmt&sig=ALgxI2wwRgIhAMUSNFDmEsoSc5S3VBUudxZa5ja3-BuRD7JWggFPnBxRAiEAt-KyYRDcICnLpNZvBSgHgo6C-uNDYZ1VumQPeDfHT7k%3D&lsparams=mm%2Cmn%2Cms%2Cmv%2Cmvi%2Cpl%2Cinitcwndbps&lsig=AHylml4wRAIgHFIu1k9EraV_vkIREDzAdxtIK60m_TpfJrPA88y_jowCIGwEBE2_mySEc1ym1K7E-t_yu3PtpHxb4KoOoESzRRe_&alr=yes&cpn=pJ6iVDpGBgsJzAQ9&cver=2.20191212.06.01&ir=1&rr=12&range=3562172-3628244&rn=68&rbuf=46645",1576335238.117,1576335238.5930002,89,0.47000000000000003,66073,1.124646808510638,3562172.0,3628244.0,1,267.7,272.27,4.569999999999993,582969.0,38.21513202247193,,,,,,,,,,,,,,,,,,,,,,,,,,,,,,,,,,,,,,,,,,,,,,,,,,,
38,"https://r4---sn-4g5ednsr.googlevideo.com/videoplayback?expire=1576356609&ei=ofb0XdzPINbTgQfy16eIBg&ip=35.158.21.68&id=o-AGkrx7wmVY9DkbOjjKM-bZ4xELyzUCDESVfs-a5DXtFG&itag=395&aitags=133%2C134%2C135%2C136%2C137%2C160%2C242%2C243%2C244%2C247%2C248%2C278%2C394%2C395%2C396%2C397%2C398%2C399&source=youtube&requiressl=yes&mm=31%2C26&mn=sn-4g5ednsr%2Csn-25glen7l&ms=au%2Conr&mv=m&mvi=0&pl=14&gcr=de&initcwndbps=361250&mime=video%2Fmp4&gir=yes&clen=7762339&dur=548.648&lmt=1570424272024574&mt=1576334860&fvip=1&keepalive=yes&fexp=23812955,23842630&c=WEB&txp=5531432&sparams=expire%2Cei%2Cip%2Cid%2Caitags%2Csource%2Crequiressl%2Cgcr%2Cmime%2Cgir%2Cclen%2Cdur%2Clmt&sig=ALgxI2wwRgIhAMUSNFDmEsoSc5S3VBUudxZa5ja3-BuRD7JWggFPnBxRAiEAt-KyYRDcICnLpNZvBSgHgo6C-uNDYZ1VumQPeDfHT7k%3D&lsparams=mm%2Cmn%2Cms%2Cmv%2Cmvi%2Cpl%2Cinitcwndbps&lsig=AHylml4wRAIgHFIu1k9EraV_vkIREDzAdxtIK60m_TpfJrPA88y_jowCIGwEBE2_mySEc1ym1K7E-t_yu3PtpHxb4KoOoESzRRe_&alr=yes&cpn=pJ6iVDpGBgsJzAQ9&cver=2.20191212.06.01&ir=1&rr=12&range=3628245-4287559&rn=70&rbuf=49484",1576335240.62,1576335252.531,91,11.83,659315,0.4458596787827557,3628245.0,4287559.0,1,272.27,326.13,53.860000000000014,584972.0,41.942098666666666,,,,,,,,,,,,,,,,,,,,,,,,,,,,,,,,,,,,,,,,,,,,,,,,,,,
39,"https://r4---sn-4g5ednsr.googlevideo.com/videoplayback?expire=1576356609&ei=ofb0XdzPINbTgQfy16eIBg&ip=35.158.21.68&id=o-AGkrx7wmVY9DkbOjjKM-bZ4xELyzUCDESVfs-a5DXtFG&itag=395&aitags=133%2C134%2C135%2C136%2C137%2C160%2C242%2C243%2C244%2C247%2C248%2C278%2C394%2C395%2C396%2C397%2C398%2C399&source=youtube&requiressl=yes&mm=31%2C26&mn=sn-4g5ednsr%2Csn-25glen7l&ms=au%2Conr&mv=m&mvi=0&pl=14&gcr=de&initcwndbps=361250&mime=video%2Fmp4&gir=yes&clen=7762339&dur=548.648&lmt=1570424272024574&mt=1576334860&fvip=1&keepalive=yes&fexp=23812955,23842630&c=WEB&txp=5531432&sparams=expire%2Cei%2Cip%2Cid%2Caitags%2Csource%2Crequiressl%2Cgcr%2Cmime%2Cgir%2Cclen%2Cdur%2Clmt&sig=ALgxI2wwRgIhAMUSNFDmEsoSc5S3VBUudxZa5ja3-BuRD7JWggFPnBxRAiEAt-KyYRDcICnLpNZvBSgHgo6C-uNDYZ1VumQPeDfHT7k%3D&lsparams=mm%2Cmn%2Cms%2Cmv%2Cmvi%2Cpl%2Cinitcwndbps&lsig=AHylml4wRAIgHFIu1k9EraV_vkIREDzAdxtIK60m_TpfJrPA88y_jowCIGwEBE2_mySEc1ym1K7E-t_yu3PtpHxb4KoOoESzRRe_&alr=yes&cpn=pJ6iVDpGBgsJzAQ9&cver=2.20191212.06.01&ir=1&rr=12&range=4287560-4933762&rn=72&rbuf=81782",1576335256.449,1576335261.9819999,109,5.3,646203,0.9754007547169812,4287560.0,4933762.0,1,326.13,371.6,45.47000000000003,636620.0,50.886352222222214,,,,,,,,,,,,,,,,,,,,,,,,,,,,,,,,,,,,,,,,,,,,,,,,,,,
40,"https://r4---sn-4g5ednsr.googlevideo.com/videoplayback?expire=1576356609&ei=ofb0XdzPINbTgQfy16eIBg&ip=35.158.21.68&id=o-AGkrx7wmVY9DkbOjjKM-bZ4xELyzUCDESVfs-a5DXtFG&itag=396&aitags=133%2C134%2C135%2C136%2C137%2C160%2C242%2C243%2C244%2C247%2C248%2C278%2C394%2C395%2C396%2C397%2C398%2C399&source=youtube&requiressl=yes&mm=31%2C26&mn=sn-4g5ednsr%2Csn-25glen7l&ms=au%2Conr&mv=m&mvi=0&pl=14&gcr=de&initcwndbps=361250&mime=video%2Fmp4&gir=yes&clen=13341322&dur=548.648&lmt=1570425283944554&mt=1576334860&fvip=1&keepalive=yes&fexp=23812955,23842630&c=WEB&txp=5531432&sparams=expire%2Cei%2Cip%2Cid%2Caitags%2Csource%2Crequiressl%2Cgcr%2Cmime%2Cgir%2Cclen%2Cdur%2Clmt&sig=ALgxI2wwRgIhAMsDATvM5HVYLdi3pQ9JGhzZiUH_1HnJtzW4g5m2Gl-eAiEAqrMn2fHfUgOlb_-5uQnSJFLXtCPdVMwK0VC7le_5KCQ%3D&lsparams=mm%2Cmn%2Cms%2Cmv%2Cmvi%2Cpl%2Cinitcwndbps&lsig=AHylml4wRAIgHFIu1k9EraV_vkIREDzAdxtIK60m_TpfJrPA88y_jowCIGwEBE2_mySEc1ym1K7E-t_yu3PtpHxb4KoOoESzRRe_&alr=yes&cpn=pJ6iVDpGBgsJzAQ9&cver=2.20191212.06.01&ir=1&rr=12&range=8477937-9653783&rn=74&rbuf=113491",1576335267.367,1576335288.0140002,133,20.615000000000002,1175847,0.4563073490177055,8477937.0,9653783.0,2,399.36,442.08,42.71999999999997,729302.0,60.73164099999998,,,,,,,,,,,,,,,,,,,,,,,,,,,,,,,,,,,,,,,,,,,,,,,,,,,
